station,valid,lon,lat,elevation,tmpf,dwpf,relh,drct,sknt,p01i,alti,mslp,vsby,gust,skyc1,skyc2,skyc3,skyc4,skyl1,skyl2,skyl3,skyl4,wxcodes,ice_accretion_1hr,ice_accretion_3hr,ice_accretion_6hr,peak_wind_gust,peak_wind_drct,peak_wind_time,feel,metar,snowdepth
PQL,2011-04-25 00:13,-88.5319,30.4636,5.00,75.20,69.80,83.32,140.00,7.00,null,30.02,null,10.00,null,FEW,SCT,BKN,   ,1400.00,1900.00,3200.00,null,null,null,null,null,null,null,null,76.34,KPQL 250013Z AUTO 14007KT 10SM FEW014 SCT019 BKN032 24/21 A3002 RMK AO2,null
CRX,2011-04-25 00:15,-88.6035,34.9150,129.00,75.20,62.60,64.91,160.00,5.00,null,29.94,null,10.00,null,CLR,   ,   ,   ,null,null,null,null,null,null,null,null,null,null,null,75.20,KCRX 250015Z AUTO 16005KT 10SM CLR 24/17 A2994 RMK AO2,null
M16,2011-04-25 00:15,-90.4105,32.3045,75.30,77.00,62.60,61.13,150.00,5.00,null,29.92,null,10.00,null,CLR,   ,   ,   ,null,null,null,null,null,null,null,null,null,null,null,77.00,KM16 250015Z AUTO 15005KT 10SM CLR 25/17 A2992 RMK AO2,null
CKM,2011-04-25 00:15,-90.5123,34.2997,52.70,78.80,62.60,57.60,170.00,8.00,null,29.89,null,10.00,null,CLR,   ,   ,   ,null,null,null,null,null,null,null,null,null,null,null,80.31,KCKM 250015Z AUTO 17008KT 10SM CLR 26/17 A2989 RMK AO1,null
1R7,2011-04-25 00:15,-90.4093,31.6058,149.00,78.80,64.40,61.36,150.00,8.00,null,29.96,null,8.00,14.00,CLR,   ,   ,   ,null,null,null,null,null,null,null,null,null,null,null,80.56,K1R7 250015Z AUTO 15008G14KT 020V020 8SM CLR 26/18 A2996 RMK AO2,null
PIB,2011-04-25 00:15,-89.3371,31.4671,91.00,77.00,60.80,57.36,170.00,10.00,null,30.00,null,10.00,null,CLR,   ,   ,   ,null,null,null,null,null,null,null,null,null,null,null,77.00,KPIB 250015Z AUTO 17010KT 10SM CLR 25/16 A3000 RMK AO1,null
MYT,2011-04-25 00:15,-89.6150,28.2206,0.00,78.80,71.60,78.62,150.00,15.00,null,29.96,null,2.50,null,CLR,   ,   ,   ,null,null,null,null,HZ,null,null,null,null,null,null,81.70,KMYT 250015Z AUTO 15015KT 2 1/2SM HZ CLR 26/22 A2996 RMK A01,null
HEZ,2011-04-25 00:15,-91.2973,31.6137,83.00,78.80,60.80,54.05,170.00,7.00,null,29.89,null,10.00,null,CLR,   ,   ,   ,null,null,null,null,null,null,null,null,null,null,null,78.80,KHEZ 250015Z AUTO 17007KT 10SM CLR 26/16 A2989 RMK AO1,null
UTA,2011-04-25 00:15,-90.3467,34.6811,59.00,78.80,60.80,54.05,170.00,9.00,null,29.89,null,10.00,null,SCT,SCT,SCT,   ,6000.00,7500.00,8000.00,null,null,null,null,null,null,null,null,78.80,KUTA 250015Z AUTO 17009KT 10SM SCT060 SCT075 SCT080 26/16 A2989 RMK AO2,null
UOX,2011-04-25 00:15,-89.5368,34.3843,137.80,77.00,59.00,53.80,null,null,null,29.93,null,10.00,null,CLR,   ,   ,   ,null,null,null,null,null,null,null,null,null,null,null,77.00,KUOX 250015Z AUTO 00000KT 10SM CLR 25/15 A2993 RMK AO2,null
MIS,2011-04-25 00:15,-88.8420,29.2960,32.00,82.40,73.40,74.28,0.00,5.00,null,30.01,null,3.00,11.00,FEW,FEW,SCT,   ,3000.00,3600.00,4700.00,null,HZ,null,null,null,null,null,null,88.26,KMIS 250015Z AUTO VRB05G11KT 3SM HZ FEW030 FEW036 SCT047 28/23 A3001 RMK A01,null
CRX,2011-04-25 00:35,-88.6035,34.9150,129.00,73.40,62.60,68.94,150.00,4.00,null,29.94,null,10.00,null,FEW,   ,   ,   ,6500.00,null,null,null,null,null,null,null,null,null,null,73.40,KCRX 250035Z AUTO 15004KT 10SM FEW065 23/17 A2994 RMK AO2,null
CKM,2011-04-25 00:35,-90.5123,34.2997,52.70,77.00,64.40,65.12,160.00,4.00,null,29.90,null,10.00,null,CLR,   ,   ,   ,null,null,null,null,null,null,null,null,null,null,null,77.00,KCKM 250035Z AUTO 16004KT 10SM CLR 25/18 A2990 RMK AO1,null
HEZ,2011-04-25 00:35,-91.2973,31.6137,83.00,78.80,60.80,54.05,180.00,7.00,null,29.90,null,10.00,null,CLR,   ,   ,   ,null,null,null,null,null,null,null,null,null,null,null,78.80,KHEZ 250035Z AUTO 18007KT 10SM CLR 26/16 A2990 RMK AO1,null
UOX,2011-04-25 00:35,-89.5368,34.3843,137.80,75.20,60.80,60.90,null,null,null,29.93,null,10.00,null,CLR,   ,   ,   ,null,null,null,null,null,null,null,null,null,null,null,75.20,KUOX 250035Z AUTO 00000KT 10SM CLR 24/16 A2993 RMK AO2,null
1R7,2011-04-25 00:35,-90.4093,31.6058,149.00,77.00,62.60,61.13,140.00,5.00,null,29.96,null,9.00,null,CLR,   ,   ,   ,null,null,null,null,null,null,null,null,null,null,null,77.00,K1R7 250035Z AUTO 14005KT 9SM CLR 25/17 A2996 RMK AO2,null
M16,2011-04-25 00:35,-90.4105,32.3045,75.30,75.20,62.60,64.91,140.00,3.00,null,29.91,null,10.00,null,CLR,   ,   ,   ,null,null,null,null,null,null,null,null,null,null,null,75.20,KM16 250035Z AUTO 14003KT 10SM CLR 24/17 A2991 RMK AO2,null
PIB,2011-04-25 00:35,-89.3371,31.4671,91.00,75.20,60.80,60.90,170.00,7.00,null,30.00,null,10.00,null,CLR,   ,   ,   ,null,null,null,null,null,null,null,null,null,null,null,75.20,KPIB 250035Z AUTO 17007KT 10SM CLR 24/16 A3000 RMK AO1,null
MIS,2011-04-25 00:35,-88.8420,29.2960,32.00,82.40,73.40,74.28,220.00,6.00,null,30.01,null,2.50,11.00,FEW,FEW,SCT,   ,1000.00,1800.00,4600.00,null,HZ,null,null,null,null,null,null,88.26,KMIS 250035Z AUTO 22006G11KT 2 1/2SM HZ FEW010 FEW018 SCT046 28/23 A3001 RMK A01,null
MYT,2011-04-25 00:35,-89.6150,28.2206,0.00,78.80,73.40,83.55,150.00,15.00,null,29.97,null,2.00,null,CLR,   ,   ,   ,null,null,null,null,HZ,null,null,null,null,null,null,82.03,KMYT 250035Z AUTO 15015KT 2SM HZ CLR 26/23 A2997 RMK A01,null
UTA,2011-04-25 00:35,-90.3467,34.6811,59.00,77.00,62.60,61.13,170.00,7.00,null,29.90,null,10.00,null,CLR,   ,   ,   ,null,null,null,null,null,null,null,null,null,null,null,77.00,KUTA 250035Z AUTO 17007KT 10SM CLR 25/17 A2990 RMK AO2,null
GTR,2011-04-25 00:50,-88.5914,33.4503,80.00,77.00,64.40,65.12,150.00,7.00,null,29.95,null,10.00,null,CLR,   ,   ,   ,null,null,null,null,null,null,null,null,null,null,null,77.00,KGTR 250050Z 15007KT 10SM SKC 25/18 A2995,null
TUP,2011-04-25 00:53,-88.7711,34.2608,110.00,77.00,61.00,57.73,180.00,4.00,null,29.93,1013.30,10.00,null,CLR,   ,   ,   ,null,null,null,null,null,null,null,null,null,null,null,77.00,KTUP 250053Z 18004KT 10SM CLR 25/16 A2993 RMK AO2 SLP133 T02500161,null
GLH,2011-04-25 00:53,-90.9856,33.4829,40.00,75.00,60.00,59.72,170.00,7.00,null,29.88,1012.10,10.00,null,CLR,   ,   ,   ,null,null,null,null,null,null,null,null,null,null,null,75.02,KGLH 250053Z AUTO 17007KT 10SM CLR 24/16 A2988 RMK AO2 SLP121 T02390156,null
GPT,2011-04-25 00:53,-89.0701,30.4073,9.00,77.00,72.00,84.46,150.00,11.00,T,29.99,1015.60,10.00,null,BKN,   ,   ,   ,1500.00,null,null,null,null,null,null,null,null,null,null,78.37,KGPT 250053Z 15011KT 10SM BKN015 25/22 A2999 RMK AO2 RAB21E34 SLP156 P0000 T02500222,null
PQL,2011-04-25 00:53,-88.5319,30.4636,5.00,75.00,70.00,84.34,150.00,8.00,null,30.02,1016.60,10.00,null,SCT,SCT,BKN,   ,1700.00,2400.00,3200.00,null,null,null,null,null,null,null,null,76.19,KPQL 250053Z AUTO 15008KT 10SM SCT017 SCT024 BKN032 24/21 A3002 RMK AO2 SLP166 T02390211,null
MCB,2011-04-25 00:53,-90.4700,31.1800,126.00,75.00,63.00,66.13,150.00,7.00,null,29.95,1013.60,10.00,null,CLR,   ,   ,   ,null,null,null,null,null,null,null,null,null,null,null,75.02,KMCB 250053Z AUTO 15007KT 10SM CLR 24/17 A2995 RMK AO2 SLP136 T02390172,null
HBG,2011-04-25 00:53,-89.2529,31.2649,46.00,77.00,65.00,66.36,170.00,11.00,null,29.99,1015.20,10.00,null,CLR,   ,   ,   ,null,null,null,null,null,null,null,null,null,null,null,77.00,KHBG 250053Z AUTO 17011KT 10SM CLR 25/18 A2999 RMK AO2 SLP152 T02500183 TSNO,null
HKS,2011-04-25 00:53,-90.2225,32.3348,104.00,77.00,63.00,61.91,160.00,10.00,null,29.92,1012.50,10.00,null,CLR,   ,   ,   ,null,null,null,null,null,null,null,null,null,null,null,77.00,KHKS 250053Z 16010KT 10SM CLR 25/17 A2992 RMK AO2 SLP125 T02500172,null
GWO,2011-04-25 00:53,-90.0847,33.4943,47.00,75.00,65.00,70.88,160.00,5.00,null,29.90,1012.40,10.00,null,CLR,   ,   ,   ,null,null,null,null,null,null,null,null,null,null,null,75.02,KGWO 250053Z AUTO 16005KT 10SM CLR 24/18 A2990 RMK AO2 SLP124 T02390183,null
JAN,2011-04-25 00:54,-90.0800,32.3200,101.00,75.00,64.00,68.69,150.00,6.00,null,29.92,1012.90,10.00,null,CLR,   ,   ,   ,null,null,null,null,null,null,null,null,null,null,null,75.02,KJAN 250054Z 15006KT 10SM CLR 24/18 A2992 RMK AO2 SLP129 T02390178,null
HEZ,2011-04-25 00:55,-91.2973,31.6137,83.00,77.00,60.80,57.36,180.00,7.00,null,29.90,null,10.00,null,CLR,   ,   ,   ,null,null,null,null,null,null,null,null,null,null,null,77.00,KHEZ 250055Z AUTO 18007KT 10SM CLR 25/16 A2990 RMK AO1,null
MYT,2011-04-25 00:55,-89.6150,28.2206,0.00,77.00,73.40,88.67,140.00,16.00,null,29.97,null,2.00,null,CLR,   ,   ,   ,null,null,null,null,HZ,null,null,null,null,null,null,78.57,KMYT 250055Z AUTO 14016KT 2SM HZ CLR 25/23 A2997 RMK A01,null
BIX,2011-04-25 00:55,-88.9244,30.4104,10.00,76.64,73.22,89.19,160.00,10.00,null,30.00,1016.20,10.00,null,SCT,   ,   ,   ,1300.00,null,null,null,null,null,null,null,null,null,null,78.20,KBIX 250055Z AUTO 16010KT 10SM SCT013 25/23 A3000 RMK AO2 SLP162 T02480229,null
M16,2011-04-25 00:55,-90.4105,32.3045,75.30,75.20,64.40,69.14,140.00,5.00,null,29.91,null,10.00,null,CLR,   ,   ,   ,null,null,null,null,null,null,null,null,null,null,null,75.20,KM16 250055Z AUTO 14005KT 10SM CLR 24/18 A2991 RMK AO2,null
CKM,2011-04-25 00:55,-90.5123,34.2997,52.70,75.20,64.40,69.14,150.00,5.00,null,29.91,null,10.00,null,CLR,   ,   ,   ,null,null,null,null,null,null,null,null,null,null,null,75.20,KCKM 250055Z AUTO 15005KT 10SM CLR 24/18 A2991 RMK AO1,null
UTA,2011-04-25 00:55,-90.3467,34.6811,59.00,73.40,62.60,68.94,170.00,5.00,null,29.91,null,10.00,null,CLR,   ,   ,   ,null,null,null,null,null,null,null,null,null,null,null,73.40,KUTA 250055Z AUTO 17005KT 10SM CLR 23/17 A2991 RMK AO2,null
MIS,2011-04-25 00:55,-88.8420,29.2960,32.00,82.40,73.40,74.28,220.00,7.00,null,30.01,null,3.00,null,CLR,   ,   ,   ,null,null,null,null,HZ,null,null,null,null,null,null,88.26,KMIS 250055Z AUTO 22007KT 3SM HZ CLR 28/23 A3001 RMK A01,null
HSA,2011-04-25 00:55,-89.4546,30.3678,7.00,75.20,75.20,100.00,150.00,7.00,null,29.98,null,7.00,null,SCT,   ,   ,   ,9000.00,null,null,null,null,null,null,null,null,null,null,77.12,KHSA 250055Z 15007KT 7SM SCT090 24/24 A2998,null
1R7,2011-04-25 00:55,-90.4093,31.6058,149.00,75.20,64.40,69.14,140.00,5.00,null,29.95,null,8.00,null,CLR,   ,   ,   ,null,null,null,null,null,null,null,null,null,null,null,75.20,K1R7 250055Z AUTO 14005KT 8SM CLR 24/18 A2995 RMK AO2,null
CBM,2011-04-25 00:55,-88.4438,33.6438,67.00,71.78,62.42,72.36,150.00,7.00,null,29.95,1014.20,10.00,null,CLR,   ,   ,   ,null,null,null,null,null,null,null,null,null,null,null,71.78,KCBM 250055Z AUTO 15007KT 10SM CLR 22/17 A2995 RMK AO2 SLP142 T02210169 $,null
UOX,2011-04-25 00:55,-89.5368,34.3843,137.80,73.40,60.80,64.69,null,null,null,29.94,null,10.00,null,CLR,   ,   ,   ,null,null,null,null,null,null,null,null,null,null,null,73.40,KUOX 250055Z AUTO 00000KT 10SM CLR 23/16 A2994 RMK AO2,null
PIB,2011-04-25 00:55,-89.3371,31.4671,91.00,73.40,60.80,64.69,160.00,7.00,null,30.00,null,10.00,null,CLR,   ,   ,   ,null,null,null,null,null,null,null,null,null,null,null,73.40,KPIB 250055Z AUTO 16007KT 10SM CLR 23/16 A3000 RMK AO1,null
CRX,2011-04-25 00:55,-88.6035,34.9150,129.00,73.40,64.40,73.44,140.00,3.00,null,29.95,null,10.00,null,CLR,   ,   ,   ,null,null,null,null,null,null,null,null,null,null,null,73.40,KCRX 250055Z AUTO 14003KT 10SM CLR 23/18 A2995 RMK AO2,null
NMM,2011-04-25 00:56,-88.5556,32.5521,97.00,74.00,62.00,66.43,null,null,null,29.98,1015.90,10.00,null,CLR,   ,   ,   ,null,null,null,null,null,null,null,null,null,null,null,73.94,KNMM 250056Z 00000KT 10SM CLR 23/17 A2998 RMK AO2 SLP159 T02330167,null
MEI,2011-04-25 00:58,-88.7511,32.3347,94.00,74.00,63.00,68.57,170.00,6.00,null,29.98,1014.90,10.00,null,CLR,   ,   ,   ,null,null,null,null,null,null,null,null,null,null,null,73.94,KMEI 250058Z 17006KT 10SM CLR 23/17 A2998 RMK AO2 SLP149 T02330172,null
PQL,2011-04-25 01:00,-88.5319,30.4636,5.00,75.20,69.80,83.32,160.00,7.00,null,30.02,null,10.00,null,SCT,BKN,   ,   ,1600.00,2400.00,null,null,null,null,null,null,null,null,null,76.34,KPQL 250100Z AUTO 16007KT 10SM SCT016 BKN024 24/21 A3002 RMK AO2,null
BIX,2011-04-25 01:02,-88.9244,30.4104,10.00,77.00,73.40,88.67,150.00,8.00,null,30.00,1016.10,10.00,16.00,SCT,BKN,   ,   ,1200.00,2000.00,null,null,null,null,null,null,null,null,null,78.57,KBIX 250102Z AUTO 15008G16KT 10SM SCT012 BKN020 25/23 A3000 RMK AO2 SLP161,null
BIX,2011-04-25 01:04,-88.9244,30.4104,10.00,77.00,73.40,88.67,150.00,11.00,null,30.00,1016.10,10.00,16.00,BKN,BKN,   ,   ,1400.00,2000.00,null,null,null,null,null,null,null,null,null,78.57,KBIX 250104Z AUTO 15011G16KT 10SM BKN014 BKN020 25/23 A3000 RMK AO2 CIG 012V017 SLP161,null
PQL,2011-04-25 01:09,-88.5319,30.4636,5.00,75.20,69.80,83.32,150.00,7.00,null,30.01,null,10.00,null,BKN,BKN,BKN,   ,1400.00,2000.00,2600.00,null,null,null,null,null,null,null,null,76.34,KPQL 250109Z AUTO 15007KT 10SM BKN014 BKN020 BKN026 24/21 A3001 RMK AO2,null
1R7,2011-04-25 01:15,-90.4093,31.6058,149.00,75.20,64.40,69.14,140.00,8.00,null,29.95,null,9.00,null,CLR,   ,   ,   ,null,null,null,null,null,null,null,null,null,null,null,75.20,K1R7 250115Z AUTO 14008KT 9SM CLR 24/18 A2995 RMK AO2,null
PIB,2011-04-25 01:15,-89.3371,31.4671,91.00,75.20,62.60,64.91,160.00,10.00,null,29.99,null,10.00,null,CLR,   ,   ,   ,null,null,null,null,null,null,null,null,null,null,null,75.20,KPIB 250115Z AUTO 16010KT 10SM CLR 24/17 A2999 RMK AO1,null
CRX,2011-04-25 01:15,-88.6035,34.9150,129.00,73.40,64.40,73.44,140.00,4.00,null,29.95,null,10.00,null,CLR,   ,   ,   ,null,null,null,null,null,null,null,null,null,null,null,73.40,KCRX 250115Z AUTO 14004KT 10SM CLR 23/18 A2995 RMK AO2,null
UTA,2011-04-25 01:15,-90.3467,34.6811,59.00,69.80,62.60,77.90,150.00,5.00,null,29.90,null,10.00,null,CLR,   ,   ,   ,null,null,null,null,null,null,null,null,null,null,null,69.80,KUTA 250115Z AUTO 15005KT 10SM CLR 21/17 A2990 RMK AO2,null
UOX,2011-04-25 01:15,-89.5368,34.3843,137.80,71.60,62.60,73.27,null,null,null,29.95,null,10.00,null,FEW,   ,   ,   ,8000.00,null,null,null,null,null,null,null,null,null,null,71.60,KUOX 250115Z AUTO 00000KT 10SM FEW080 22/17 A2995 RMK AO2,null
MYT,2011-04-25 01:15,-89.6150,28.2206,0.00,77.00,73.40,88.67,140.00,16.00,null,29.97,null,2.50,null,CLR,   ,   ,   ,null,null,null,null,HZ,null,null,null,null,null,null,78.57,KMYT 250115Z AUTO 14016KT 2 1/2SM HZ CLR 25/23 A2997 RMK A01,null
GTR,2011-04-25 01:15,-88.5914,33.4503,80.00,75.20,64.40,69.14,150.00,7.00,null,29.95,null,10.00,null,CLR,   ,   ,   ,null,null,null,null,null,null,null,null,null,null,null,75.20,KGTR 250115Z 15007KT 10SM CLR 24/18 A2995 RMK AO1,null
CKM,2011-04-25 01:15,-90.5123,34.2997,52.70,73.40,62.60,68.94,140.00,5.00,null,29.90,null,10.00,null,CLR,   ,   ,   ,null,null,null,null,null,null,null,null,null,null,null,73.40,KCKM 250115Z AUTO 14005KT 10SM CLR 23/17 A2990 RMK AO1,null
BIX,2011-04-25 01:15,-88.9244,30.4104,10.00,77.00,73.40,88.67,160.00,9.00,null,30.00,1016.00,10.00,null,SCT,BKN,   ,   ,1300.00,1900.00,null,null,null,null,null,null,null,null,null,78.57,KBIX 250115Z AUTO 16009KT 10SM SCT013 BKN019 25/23 A3000 RMK AO2 SLP160,null
HEZ,2011-04-25 01:15,-91.2973,31.6137,83.00,75.20,60.80,60.90,170.00,7.00,null,29.90,null,10.00,null,CLR,   ,   ,   ,null,null,null,null,null,null,null,null,null,null,null,75.20,KHEZ 250115Z AUTO 17007KT 10SM CLR 24/16 A2990 RMK AO1,null
BIX,2011-04-25 01:17,-88.9244,30.4104,10.00,77.00,73.40,88.67,160.00,10.00,null,30.00,1016.10,10.00,null,SCT,SCT,   ,   ,1300.00,1900.00,null,null,null,null,null,null,null,null,null,78.57,KBIX 250117Z AUTO 16010KT 10SM SCT013 SCT019 25/23 A3000 RMK AO2 SCT019 V BKN SLP161,null
BIX,2011-04-25 01:18,-88.9244,30.4104,10.00,77.00,73.40,88.67,160.00,11.00,null,30.00,1016.00,10.00,null,SCT,BKN,   ,   ,1300.00,1900.00,null,null,null,null,null,null,null,null,null,78.57,KBIX 250118Z AUTO 16011KT 10SM SCT013 BKN019 25/23 A3000 RMK AO2 SLP160,null
BIX,2011-04-25 01:20,-88.9244,30.4104,10.00,77.00,73.40,88.67,150.00,11.00,null,30.00,1016.10,10.00,null,BKN,BKN,   ,   ,1300.00,1900.00,null,null,null,null,null,null,null,null,null,78.57,KBIX 250120Z AUTO 15011KT 10SM BKN013 BKN019 25/23 A3000 RMK AO2 CIG 011V017 SLP161,null
BIX,2011-04-25 01:26,-88.9244,30.4104,10.00,77.00,73.40,88.67,160.00,8.00,null,30.00,1016.00,10.00,null,SCT,BKN,   ,   ,1300.00,1900.00,null,null,null,null,null,null,null,null,null,78.57,KBIX 250126Z AUTO 16008KT 10SM SCT013 BKN019 25/23 A3000 RMK AO2 CIG 018V022 SLP160,null
BIX,2011-04-25 01:27,-88.9244,30.4104,10.00,77.00,73.40,88.67,160.00,7.00,null,30.00,1016.10,10.00,null,BKN,BKN,   ,   ,1300.00,1900.00,null,null,null,null,null,null,null,null,null,78.57,KBIX 250127Z AUTO 16007KT 10SM BKN013 BKN019 25/23 A3000 RMK AO2 CIG 011V018 BKN013 V SCT SLP161,null
PQL,2011-04-25 01:28,-88.5319,30.4636,5.00,73.40,69.80,88.51,150.00,9.00,null,30.01,null,10.00,null,SCT,BKN,BKN,   ,1600.00,2800.00,4000.00,null,null,null,null,null,null,null,null,74.60,KPQL 250128Z AUTO 15009KT 10SM SCT016 BKN028 BKN040 23/21 A3001 RMK AO2,null
BIX,2011-04-25 01:34,-88.9244,30.4104,10.00,77.00,73.40,88.67,150.00,11.00,null,30.00,1016.10,10.00,17.00,SCT,BKN,   ,   ,1300.00,1900.00,null,null,null,null,null,null,null,null,null,78.57,KBIX 250134Z AUTO 15011G17KT 10SM SCT013 BKN019 25/23 A3000 RMK AO2 SLP161,null
MIS,2011-04-25 01:35,-88.8420,29.2960,32.00,82.40,73.40,74.28,0.00,6.00,null,30.01,null,4.00,null,BKN,BKN,   ,   ,3100.00,3700.00,null,null,HZ,null,null,null,null,null,null,88.26,KMIS 250135Z AUTO VRB06KT 4SM HZ BKN031 BKN037 28/23 A3001 RMK A01,null
1R7,2011-04-25 01:35,-90.4093,31.6058,149.00,75.20,62.60,64.91,150.00,7.00,null,29.96,null,9.00,null,CLR,   ,   ,   ,null,null,null,null,null,null,null,null,null,null,null,75.20,K1R7 250135Z AUTO 15007KT 9SM CLR 24/17 A2996 RMK AO2,null
UTA,2011-04-25 01:35,-90.3467,34.6811,59.00,71.60,62.60,73.27,140.00,6.00,null,29.90,null,10.00,null,CLR,   ,   ,   ,null,null,null,null,null,null,null,null,null,null,null,71.60,KUTA 250135Z AUTO 14006KT 10SM CLR 22/17 A2990 RMK AO2,null
CKM,2011-04-25 01:35,-90.5123,34.2997,52.70,75.20,62.60,64.91,130.00,6.00,null,29.90,null,10.00,null,CLR,   ,   ,   ,null,null,null,null,null,null,null,null,null,null,null,75.20,KCKM 250135Z AUTO 13006KT 10SM CLR 24/17 A2990 RMK AO1,null
MYT,2011-04-25 01:35,-89.6150,28.2206,0.00,77.00,73.40,88.67,150.00,16.00,null,29.97,null,2.00,null,CLR,   ,   ,   ,null,null,null,null,HZ,null,null,null,null,null,null,78.57,KMYT 250135Z AUTO 15016KT 2SM HZ CLR 25/23 A2997 RMK A01,null
GTR,2011-04-25 01:35,-88.5914,33.4503,80.00,75.20,64.40,69.14,160.00,7.00,null,29.96,null,10.00,null,CLR,   ,   ,   ,null,null,null,null,null,null,null,null,null,null,null,75.20,KGTR 250135Z 16007KT 10SM CLR 24/18 A2996 RMK AO1,null
UOX,2011-04-25 01:35,-89.5368,34.3843,137.80,71.60,62.60,73.27,null,null,null,29.96,null,10.00,null,SCT,   ,   ,   ,8000.00,null,null,null,null,null,null,null,null,null,null,71.60,KUOX 250135Z AUTO 00000KT 10SM SCT080 22/17 A2996 RMK AO2,null
M16,2011-04-25 01:35,-90.4105,32.3045,75.30,73.40,64.40,73.44,140.00,5.00,null,29.93,null,10.00,null,CLR,   ,   ,   ,null,null,null,null,null,null,null,null,null,null,null,73.40,KM16 250135Z AUTO 14005KT 10SM CLR 23/18 A2993 RMK AO2,null
CRX,2011-04-25 01:35,-88.6035,34.9150,129.00,71.60,64.40,78.04,null,null,null,29.96,null,10.00,null,CLR,   ,   ,   ,null,null,null,null,null,null,null,null,null,null,null,71.60,KCRX 250135Z AUTO 00000KT 10SM CLR 22/18 A2996 RMK AO2,null
HEZ,2011-04-25 01:35,-91.2973,31.6137,83.00,75.20,62.60,64.91,170.00,6.00,null,29.91,null,10.00,null,CLR,   ,   ,   ,null,null,null,null,null,null,null,null,null,null,null,75.20,KHEZ 250135Z AUTO 17006KT 10SM CLR 24/17 A2991 RMK AO1,null
PIB,2011-04-25 01:35,-89.3371,31.4671,91.00,73.40,62.60,68.94,160.00,10.00,null,29.99,null,10.00,null,CLR,   ,   ,   ,null,null,null,null,null,null,null,null,null,null,null,73.40,KPIB 250135Z AUTO 16010KT 10SM CLR 23/17 A2999 RMK AO1,null
BIX,2011-04-25 01:38,-88.9244,30.4104,10.00,77.00,73.40,88.67,150.00,9.00,null,30.00,1016.10,10.00,17.00,SCT,SCT,   ,   ,1300.00,2100.00,null,null,null,null,null,null,null,null,null,78.57,KBIX 250138Z AUTO 15009G17KT 10SM SCT013 SCT021 25/23 A3000 RMK AO2 SLP161,null
PQL,2011-04-25 01:41,-88.5319,30.4636,5.00,73.40,69.80,88.51,150.00,9.00,null,30.01,null,10.00,null,SCT,SCT,BKN,   ,2100.00,2600.00,3800.00,null,null,null,null,null,null,null,null,74.60,KPQL 250141Z AUTO 15009KT 10SM SCT021 SCT026 BKN038 23/21 A3001 RMK AO2,null
BIX,2011-04-25 01:46,-88.9244,30.4104,10.00,77.00,73.40,88.67,160.00,9.00,null,30.00,1016.20,10.00,null,BKN,BKN,   ,   ,1300.00,2100.00,null,null,null,null,null,null,null,null,null,78.57,KBIX 250146Z AUTO 16009KT 10SM BKN013 BKN021 25/23 A3000 RMK AO2 CIG 011V018 SLP162,null
PQL,2011-04-25 01:48,-88.5319,30.4636,5.00,73.40,69.80,88.51,150.00,10.00,null,30.01,null,10.00,null,BKN,BKN,BKN,   ,2200.00,2900.00,4200.00,null,null,null,null,null,null,null,null,74.60,KPQL 250148Z AUTO 15010KT 10SM BKN022 BKN029 BKN042 23/21 A3001 RMK AO2,null
BIX,2011-04-25 01:50,-88.9244,30.4104,10.00,77.00,73.40,88.67,150.00,12.00,null,30.00,1016.20,10.00,16.00,SCT,   ,   ,   ,1300.00,null,null,null,null,null,null,null,null,null,null,78.57,KBIX 250150Z AUTO 15012G16KT 10SM SCT013 25/23 A3000 RMK AO2 SLP162,null
BIX,2011-04-25 01:52,-88.9244,30.4104,10.00,77.00,73.40,88.67,160.00,10.00,null,30.01,1016.30,10.00,16.00,BKN,   ,   ,   ,1300.00,null,null,null,null,null,null,null,null,null,null,78.57,KBIX 250152Z AUTO 16010G16KT 10SM BKN013 25/23 A3001 RMK AO2 CIG 011V018 SLP163,null
HBG,2011-04-25 01:53,-89.2529,31.2649,46.00,74.00,66.00,76.31,150.00,6.00,null,30.00,1015.40,10.00,null,CLR,   ,   ,   ,null,null,null,null,null,null,null,null,null,null,null,73.94,KHBG 250153Z AUTO 15006KT 10SM CLR 23/19 A3000 RMK AO2 SLP154 T02330189 TSNO,null
TUP,2011-04-25 01:53,-88.7711,34.2608,110.00,76.00,61.00,59.84,170.00,4.00,null,29.95,1013.80,10.00,null,FEW,BKN,   ,   ,6000.00,8500.00,null,null,null,null,null,null,null,null,null,75.92,KTUP 250153Z 17004KT 10SM FEW060 BKN085 24/16 A2995 RMK AO2 SLP138 T02440161,null
GWO,2011-04-25 01:53,-90.0847,33.4943,47.00,72.00,66.00,81.57,null,null,null,29.92,1013.10,10.00,null,SCT,BKN,   ,   ,7000.00,8500.00,null,null,null,null,null,null,null,null,null,71.96,KGWO 250153Z AUTO 00000KT 10SM SCT070 BKN085 22/19 A2992 RMK AO2 SLP131 T02220189,null
GLH,2011-04-25 01:53,-90.9856,33.4829,40.00,75.00,60.00,59.72,150.00,6.00,null,29.88,1012.20,10.00,null,CLR,   ,   ,   ,null,null,null,null,null,null,null,null,null,null,null,75.02,KGLH 250153Z AUTO 15006KT 10SM CLR 24/16 A2988 RMK AO2 SLP122 T02390156,null
HKS,2011-04-25 01:53,-90.2225,32.3348,104.00,75.00,63.00,66.13,160.00,7.00,null,29.95,1013.40,10.00,null,CLR,   ,   ,   ,null,null,null,null,null,null,null,null,null,null,null,75.02,KHKS 250153Z 16007KT 10SM CLR 24/17 A2995 RMK AO2 SLP134 T02390172,null
GPT,2011-04-25 01:53,-89.0701,30.4073,9.00,77.00,72.00,84.46,150.00,11.00,null,30.00,1015.70,10.00,null,BKN,   ,   ,   ,1500.00,null,null,null,null,null,null,null,null,null,null,78.37,KGPT 250153Z 15011KT 10SM BKN015 25/22 A3000 RMK AO2 SLP157 T02500222,null
PQL,2011-04-25 01:53,-88.5319,30.4636,5.00,74.00,70.00,87.45,150.00,9.00,null,30.02,1016.50,10.00,null,SCT,BKN,BKN,   ,2000.00,2500.00,3500.00,null,null,null,null,null,null,null,null,75.14,KPQL 250153Z AUTO 15009KT 10SM SCT020 BKN025 BKN035 23/21 A3002 RMK AO2 SLP165 T02330211,null
MCB,2011-04-25 01:53,-90.4700,31.1800,126.00,73.00,64.00,73.41,160.00,7.00,null,29.96,1014.10,10.00,null,CLR,   ,   ,   ,null,null,null,null,null,null,null,null,null,null,null,73.04,KMCB 250153Z AUTO 16007KT 10SM CLR 23/18 A2996 RMK AO2 SLP141 T02280178,null
JAN,2011-04-25 01:54,-90.0800,32.3200,101.00,73.00,65.00,75.75,150.00,7.00,null,29.95,1013.70,10.00,null,CLR,   ,   ,   ,null,null,null,null,null,null,null,null,null,null,null,73.04,KJAN 250154Z 15007KT 10SM CLR 23/18 A2995 RMK AO2 SLP137 T02280183,null
BIX,2011-04-25 01:55,-88.9244,30.4104,10.00,76.46,73.00,89.18,150.00,9.00,null,30.01,1016.30,10.00,16.00,BKN,BKN,   ,   ,1300.00,2100.00,null,null,null,null,null,null,null,null,null,78.00,KBIX 250155Z AUTO 15009G16KT 10SM BKN013 BKN021 25/23 A3001 RMK AO2 CIG 011V018 BKN013 V SCT SLP163 T02470228,null
MYT,2011-04-25 01:55,-89.6150,28.2206,0.00,77.00,71.60,83.44,150.00,17.00,null,29.97,null,2.00,null,CLR,   ,   ,   ,null,null,null,null,HZ,null,null,null,null,null,null,78.32,KMYT 250155Z AUTO 15017KT 2SM HZ CLR 25/22 A2997 RMK A01,null
CRX,2011-04-25 01:55,-88.6035,34.9150,129.00,71.60,64.40,78.04,130.00,3.00,null,29.97,null,10.00,null,CLR,   ,   ,   ,null,null,null,null,null,null,null,null,null,null,null,71.60,KCRX 250155Z AUTO 13003KT 10SM CLR 22/18 A2997 RMK AO2,null
MIS,2011-04-25 01:55,-88.8420,29.2960,32.00,82.40,73.40,74.28,0.00,3.00,null,30.01,null,4.00,11.00,BKN,   ,   ,   ,3100.00,null,null,null,HZ,null,null,null,null,null,null,88.26,KMIS 250155Z AUTO VRB03G11KT 4SM HZ BKN031 28/23 A3001 RMK A01,null
HEZ,2011-04-25 01:55,-91.2973,31.6137,83.00,73.40,62.60,68.94,170.00,7.00,null,29.92,null,10.00,null,CLR,   ,   ,   ,null,null,null,null,null,null,null,null,null,null,null,73.40,KHEZ 250155Z AUTO 17007KT 10SM CLR 23/17 A2992 RMK AO1,null
CKM,2011-04-25 01:55,-90.5123,34.2997,52.70,75.20,62.60,64.91,140.00,5.00,null,29.91,null,10.00,null,CLR,   ,   ,   ,null,null,null,null,null,null,null,null,null,null,null,75.20,KCKM 250155Z AUTO 14005KT 10SM CLR 24/17 A2991 RMK AO1,null
GTR,2011-04-25 01:55,-88.5914,33.4503,80.00,75.20,64.40,69.14,150.00,7.00,null,29.97,null,10.00,null,CLR,   ,   ,   ,null,null,null,null,null,null,null,null,null,null,null,75.20,KGTR 250155Z 15007KT 10SM CLR 24/18 A2997 RMK AO1,null
PIB,2011-04-25 01:55,-89.3371,31.4671,91.00,73.40,62.60,68.94,160.00,10.00,null,30.00,null,10.00,15.00,CLR,   ,   ,   ,null,null,null,null,null,null,null,null,null,null,null,73.40,KPIB 250155Z AUTO 16010G15KT 10SM CLR 23/17 A3000 RMK AO1,null
CBM,2011-04-25 01:55,-88.4438,33.6438,67.00,70.70,64.00,79.46,150.00,7.00,null,29.96,1014.70,10.00,null,CLR,   ,   ,   ,null,null,null,null,null,null,null,null,null,null,null,70.70,KCBM 250155Z AUTO 15007KT 10SM CLR 21/18 A2996 RMK AO2 SLP147 T02150178 $,null
UOX,2011-04-25 01:55,-89.5368,34.3843,137.80,71.60,62.60,73.27,null,null,null,29.95,null,10.00,null,SCT,   ,   ,   ,8000.00,null,null,null,null,null,null,null,null,null,null,71.60,KUOX 250155Z AUTO 00000KT 10SM SCT080 22/17 A2995 RMK AO2,null
OLV,2011-04-25 01:55,-89.7869,34.9787,122.50,73.40,64.40,73.44,null,null,null,29.93,null,10.00,null,CLR,   ,   ,   ,null,null,null,null,null,null,null,null,null,null,null,73.40,KOLV 250155Z AUTO 00000KT 10SM CLR 23/18 A2993 RMK A01 P000,null
UTA,2011-04-25 01:55,-90.3467,34.6811,59.00,69.80,62.60,77.90,140.00,7.00,null,29.91,null,10.00,null,CLR,   ,   ,   ,null,null,null,null,null,null,null,null,null,null,null,69.80,KUTA 250155Z AUTO 14007KT 10SM CLR 21/17 A2991 RMK AO2,null
M16,2011-04-25 01:55,-90.4105,32.3045,75.30,75.20,64.40,69.14,140.00,6.00,null,29.94,null,10.00,null,CLR,   ,   ,   ,null,null,null,null,null,null,null,null,null,null,null,75.20,KM16 250155Z AUTO 14006KT 10SM CLR 24/18 A2994 RMK AO2,null
1R7,2011-04-25 01:55,-90.4093,31.6058,149.00,73.40,62.60,68.94,150.00,4.00,null,29.97,null,9.00,null,CLR,   ,   ,   ,null,null,null,null,null,null,null,null,null,null,null,73.40,K1R7 250155Z AUTO 15004KT 9SM CLR 23/17 A2997 RMK AO2,null
NMM,2011-04-25 01:56,-88.5556,32.5521,97.00,73.00,61.00,65.90,170.00,4.00,null,29.98,1016.10,10.00,null,CLR,   ,   ,   ,null,null,null,null,null,null,null,null,null,null,null,73.04,KNMM 250156Z 17004KT 10SM CLR 23/16 A2998 RMK AO2 SLP161 T02280161,null
MEI,2011-04-25 01:58,-88.7511,32.3347,94.00,73.00,63.00,70.68,180.00,6.00,null,29.98,1015.00,10.00,null,CLR,   ,   ,   ,null,null,null,null,null,null,null,null,null,null,null,73.04,KMEI 250158Z 18006KT 10SM CLR 23/17 A2998 RMK AO2 SLP150 T02280172,null
M16,2011-04-25 02:15,-90.4105,32.3045,75.30,73.40,62.60,68.94,160.00,6.00,null,29.95,null,10.00,null,CLR,   ,   ,   ,null,null,null,null,null,null,null,null,null,null,null,73.40,KM16 250215Z AUTO 16006KT 10SM CLR 23/17 A2995 RMK AO2,null
OLV,2011-04-25 02:15,-89.7869,34.9787,122.50,71.60,64.40,78.04,150.00,5.00,null,29.93,null,10.00,null,FEW,   ,   ,   ,6500.00,null,null,null,null,null,null,null,null,null,null,71.60,KOLV 250215Z AUTO 15005KT 10SM FEW065 22/18 A2993 RMK A01 P000,null
UOX,2011-04-25 02:15,-89.5368,34.3843,137.80,71.60,62.60,73.27,null,null,null,29.96,null,10.00,null,SCT,   ,   ,   ,6500.00,null,null,null,null,null,null,null,null,null,null,71.60,KUOX 250215Z AUTO 00000KT 10SM SCT065 22/17 A2996 RMK AO2,null
UTA,2011-04-25 02:15,-90.3467,34.6811,59.00,71.60,62.60,73.27,140.00,8.00,null,29.91,null,10.00,null,CLR,   ,   ,   ,null,null,null,null,null,null,null,null,null,null,null,71.60,KUTA 250215Z AUTO 14008KT 10SM CLR 22/17 A2991 RMK AO2,null
MYT,2011-04-25 02:15,-89.6150,28.2206,0.00,77.00,71.60,83.44,150.00,16.00,null,29.98,null,2.00,null,CLR,   ,   ,   ,null,null,null,null,HZ,null,null,null,null,null,null,78.32,KMYT 250215Z AUTO 15016KT 2SM HZ CLR 25/22 A2998 RMK A01,null
1R7,2011-04-25 02:15,-90.4093,31.6058,149.00,73.40,64.40,73.44,150.00,7.00,null,29.98,null,9.00,null,CLR,   ,   ,   ,null,null,null,null,null,null,null,null,null,null,null,73.40,K1R7 250215Z AUTO 15007KT 9SM CLR 23/18 A2998 RMK AO2,null
MIS,2011-04-25 02:15,-88.8420,29.2960,32.00,82.40,73.40,74.28,0.00,3.00,null,30.02,null,4.00,10.00,FEW,FEW,SCT,   ,2200.00,2600.00,3100.00,null,HZ,null,null,null,null,null,null,88.26,KMIS 250215Z AUTO VRB03G10KT 4SM HZ FEW022 FEW026 SCT031 28/23 A3002 RMK A01,null
GTR,2011-04-25 02:35,-88.5914,33.4503,80.00,75.20,64.40,69.14,150.00,5.00,null,29.99,null,10.00,null,CLR,   ,   ,   ,null,null,null,null,null,null,null,null,null,null,null,75.20,KGTR 250235Z 15005KT 10SM CLR 24/18 A2999 RMK AO1,null
OLV,2011-04-25 02:35,-89.7869,34.9787,122.50,71.60,64.40,78.04,150.00,5.00,null,29.93,null,9.00,null,CLR,   ,   ,   ,null,null,null,null,null,null,null,null,null,null,null,71.60,KOLV 250235Z AUTO 15005KT 9SM CLR 22/18 A2993 RMK A01 P000,null
M16,2011-04-25 02:35,-90.4105,32.3045,75.30,73.40,62.60,68.94,140.00,5.00,null,29.96,null,10.00,null,CLR,   ,   ,   ,null,null,null,null,null,null,null,null,null,null,null,73.40,KM16 250235Z AUTO 14005KT 10SM CLR 23/17 A2996 RMK AO2,null
MYT,2011-04-25 02:35,-89.6150,28.2206,0.00,77.00,73.40,88.67,150.00,15.00,null,29.98,null,2.00,null,CLR,   ,   ,   ,null,null,null,null,HZ,null,null,null,null,null,null,78.57,KMYT 250235Z AUTO 15015KT 2SM HZ CLR 25/23 A2998 RMK A01,null
UTA,2011-04-25 02:35,-90.3467,34.6811,59.00,71.60,62.60,73.27,140.00,9.00,null,29.91,null,10.00,null,CLR,   ,   ,   ,null,null,null,null,null,null,null,null,null,null,null,71.60,KUTA 250235Z AUTO 14009KT 10SM CLR 22/17 A2991 RMK AO2,null
1R7,2011-04-25 02:35,-90.4093,31.6058,149.00,73.40,64.40,73.44,140.00,7.00,null,29.99,null,9.00,null,CLR,   ,   ,   ,null,null,null,null,null,null,null,null,null,null,null,73.40,K1R7 250235Z AUTO 14007KT 9SM CLR 23/18 A2999 RMK AO2,null
MIS,2011-04-25 02:35,-88.8420,29.2960,32.00,82.40,73.40,74.28,210.00,7.00,null,30.02,null,4.00,null,CLR,   ,   ,   ,null,null,null,null,HZ,null,null,null,null,null,null,88.26,KMIS 250235Z AUTO 21007KT 4SM HZ CLR 28/23 A3002 RMK A01,null
UOX,2011-04-25 02:35,-89.5368,34.3843,137.80,71.60,62.60,73.27,null,null,null,29.96,null,10.00,null,BKN,   ,   ,   ,5500.00,null,null,null,null,null,null,null,null,null,null,71.60,KUOX 250235Z AUTO 00000KT 10SM BKN055 22/17 A2996 RMK AO2,null
PIB,2011-04-25 02:35,-89.3371,31.4671,91.00,73.40,62.60,68.94,150.00,8.00,null,30.01,null,10.00,null,CLR,   ,   ,   ,null,null,null,null,null,null,null,null,null,null,null,73.40,KPIB 250235Z AUTO 15008KT 10SM CLR 23/17 A3001 RMK AO1,null
CRX,2011-04-25 02:35,-88.6035,34.9150,129.00,69.80,64.40,82.98,140.00,4.00,null,29.97,null,10.00,null,SCT,BKN,   ,   ,6500.00,8000.00,null,null,null,null,null,null,null,null,null,69.80,KCRX 250235Z AUTO 14004KT 10SM SCT065 BKN080 21/18 A2997 RMK AO2,null
HEZ,2011-04-25 02:35,-91.2973,31.6137,83.00,73.40,64.40,73.44,160.00,7.00,null,29.93,null,10.00,null,CLR,   ,   ,   ,null,null,null,null,null,null,null,null,null,null,null,73.40,KHEZ 250235Z AUTO 16007KT 10SM CLR 23/18 A2993 RMK AO1,null
MCB,2011-04-25 02:53,-90.4700,31.1800,126.00,72.00,64.00,76.13,150.00,4.00,null,29.98,1014.80,10.00,null,CLR,   ,   ,   ,null,null,null,null,null,null,null,null,null,null,null,71.96,KMCB 250253Z AUTO 15004KT 10SM CLR 22/18 A2998 RMK AO2 SLP148 T02220178 53007,null
HKS,2011-04-25 02:53,-90.2225,32.3348,104.00,74.00,64.00,71.22,150.00,9.00,null,29.97,1014.20,10.00,null,CLR,   ,   ,   ,null,null,null,null,null,null,null,null,null,null,null,73.94,KHKS 250253Z AUTO 15009KT 10SM CLR 23/18 A2997 RMK AO2 SLP142 T02330178 53015,null
GLH,2011-04-25 02:53,-90.9856,33.4829,40.00,72.00,61.00,68.35,150.00,6.00,null,29.90,1013.00,10.00,null,SCT,   ,   ,   ,9000.00,null,null,null,null,null,null,null,null,null,null,71.96,KGLH 250253Z AUTO 15006KT 10SM SCT090 22/16 A2990 RMK AO2 SLP130 T02220161 53012,null
GWO,2011-04-25 02:53,-90.0847,33.4943,47.00,75.00,64.00,68.69,160.00,10.00,null,29.93,1013.50,10.00,null,CLR,   ,   ,   ,null,null,null,null,null,null,null,null,null,null,null,75.02,KGWO 250253Z AUTO 16010KT 10SM CLR 24/18 A2993 RMK AO2 SLP135 T02390178 53013,null
GPT,2011-04-25 02:53,-89.0701,30.4073,9.00,77.00,71.00,81.92,150.00,11.00,T,30.01,1016.00,10.00,null,SCT,BKN,BKN,   ,1500.00,2000.00,2400.00,null,null,null,null,null,null,null,null,78.25,KGPT 250253Z 15011KT 10SM SCT015 BKN020 BKN024 25/22 A3001 RMK AO2 RAB16E25 SLP160 P0000 60000 T02500217 53001,null
TUP,2011-04-25 02:53,-88.7711,34.2608,110.00,75.00,61.00,61.66,170.00,7.00,null,29.96,1014.10,10.00,null,SCT,BKN,   ,   ,6000.00,9000.00,null,null,null,null,null,null,null,null,null,75.02,KTUP 250253Z 17007KT 10SM SCT060 BKN090 24/16 A2996 RMK AO2 SLP141 T02390161 53007,null
HBG,2011-04-25 02:53,-89.2529,31.2649,46.00,73.00,67.00,81.14,140.00,6.00,null,30.01,1016.00,10.00,null,CLR,   ,   ,   ,null,null,null,null,null,null,null,null,null,null,null,73.04,KHBG 250253Z AUTO 14006KT 10SM CLR 23/19 A3001 RMK AO2 SLP160 T02280194 53008 TSNO,null
PQL,2011-04-25 02:53,-88.5319,30.4636,5.00,74.00,70.00,87.45,150.00,6.00,null,30.03,1016.90,10.00,null,BKN,BKN,OVC,   ,2000.00,2500.00,3300.00,null,null,null,null,null,null,null,null,75.14,KPQL 250253Z AUTO 15006KT 10SM BKN020 BKN025 OVC033 23/21 A3003 RMK AO2 SLP169 T02330211 53003,null
JAN,2011-04-25 02:54,-90.0800,32.3200,101.00,72.00,65.00,78.57,150.00,8.00,null,29.97,1014.60,10.00,null,CLR,   ,   ,   ,null,null,null,null,null,null,null,null,null,null,null,71.96,KJAN 250254Z 15008KT 10SM CLR 22/18 A2997 RMK AO2 SLP146 T02220183 53016,null
BIX,2011-04-25 02:55,-88.9244,30.4104,10.00,76.46,73.22,89.73,150.00,9.00,null,30.02,1016.60,10.00,null,BKN,BKN,   ,   ,1200.00,2000.00,null,null,null,null,null,null,null,null,null,78.02,KBIX 250255Z AUTO 15009KT 10SM BKN012 BKN020 25/23 A3002 RMK AO2 CIG 011V017 SLP166 T02470229 53003,null
UOX,2011-04-25 02:55,-89.5368,34.3843,137.80,71.60,62.60,73.27,null,null,null,29.96,null,10.00,null,SCT,   ,   ,   ,5500.00,null,null,null,null,null,null,null,null,null,null,71.60,KUOX 250255Z AUTO 00000KT 10SM SCT055 22/17 A2996 RMK AO2,null
PIB,2011-04-25 02:55,-89.3371,31.4671,91.00,71.60,64.40,78.04,150.00,8.00,null,30.02,null,10.00,null,SCT,   ,   ,   ,2200.00,null,null,null,null,null,null,null,null,null,null,71.60,KPIB 250255Z AUTO 15008KT 10SM SCT022 22/18 A3002 RMK AO1 52007,null
HEZ,2011-04-25 02:55,-91.2973,31.6137,83.00,73.40,64.40,73.44,160.00,5.00,null,29.93,null,10.00,null,CLR,   ,   ,   ,null,null,null,null,null,null,null,null,null,null,null,73.40,KHEZ 250255Z AUTO 16005KT 10SM CLR 23/18 A2993 RMK AO1 52010,null
MYT,2011-04-25 02:55,-89.6150,28.2206,0.00,77.00,73.40,88.67,150.00,15.00,null,29.98,null,2.00,null,CLR,   ,   ,   ,null,null,null,null,HZ,null,null,null,null,null,null,78.57,KMYT 250255Z AUTO 15015KT 2SM HZ CLR 25/23 A2998 RMK A01,null
CBM,2011-04-25 02:55,-88.4438,33.6438,67.00,68.36,63.86,85.54,150.00,6.00,null,30.00,1015.80,10.00,null,CLR,   ,   ,   ,null,null,null,null,null,null,null,null,null,null,null,68.36,KCBM 250255Z AUTO 15006KT 10SM CLR 20/18 A3000 RMK AO2 SLP158 T02020177 53015 $,null
UTA,2011-04-25 02:55,-90.3467,34.6811,59.00,71.60,62.60,73.27,140.00,9.00,null,29.91,null,10.00,null,CLR,   ,   ,   ,null,null,null,null,null,null,null,null,null,null,null,71.60,KUTA 250255Z AUTO 14009KT 10SM CLR 22/17 A2991 RMK AO2,null
MIS,2011-04-25 02:55,-88.8420,29.2960,32.00,82.40,73.40,74.28,210.00,6.00,null,30.02,null,4.00,null,FEW,   ,   ,   ,1100.00,null,null,null,HZ,null,null,null,null,null,null,88.26,KMIS 250255Z AUTO 21006KT 4SM HZ FEW011 28/23 A3002 RMK A01,null
GTR,2011-04-25 02:55,-88.5914,33.4503,80.00,73.40,64.40,73.44,170.00,5.00,null,30.00,null,10.00,null,CLR,   ,   ,   ,null,null,null,null,null,null,null,null,null,null,null,73.40,KGTR 250255Z 17005KT 10SM CLR 23/18 A3000 RMK AO1,null
1R7,2011-04-25 02:55,-90.4093,31.6058,149.00,73.40,64.40,73.44,140.00,6.00,null,30.00,null,9.00,null,CLR,   ,   ,   ,null,null,null,null,null,null,null,null,null,null,null,73.40,K1R7 250255Z AUTO 14006KT 9SM CLR 23/18 A3000 RMK AO2,null
CKM,2011-04-25 02:55,-90.5123,34.2997,52.70,73.40,62.60,68.94,140.00,6.00,null,29.92,null,10.00,null,CLR,   ,   ,   ,null,null,null,null,null,null,null,null,null,null,null,73.40,KCKM 250255Z AUTO 14006KT 10SM CLR 23/17 A2992 RMK AO1,null
OLV,2011-04-25 02:55,-89.7869,34.9787,122.50,71.60,64.40,78.04,160.00,6.00,null,29.93,null,10.00,null,CLR,   ,   ,   ,null,null,null,null,null,null,null,null,null,null,null,71.60,KOLV 250255Z AUTO 16006KT 10SM CLR 22/18 A2993 RMK A01 P000,null
M16,2011-04-25 02:55,-90.4105,32.3045,75.30,73.40,62.60,68.94,150.00,8.00,null,29.96,null,10.00,null,CLR,   ,   ,   ,null,null,null,null,null,null,null,null,null,null,null,73.40,KM16 250255Z AUTO 15008KT 10SM CLR 23/17 A2996 RMK AO2,null
CRX,2011-04-25 02:55,-88.6035,34.9150,129.00,69.80,62.60,77.90,150.00,5.00,null,29.97,null,10.00,null,FEW,   ,   ,   ,8000.00,null,null,null,null,null,null,null,null,null,null,69.80,KCRX 250255Z AUTO 15005KT 10SM FEW080 21/17 A2997 RMK AO2,null
NMM,2011-04-25 02:56,-88.5556,32.5521,97.00,71.00,61.00,70.47,160.00,4.00,null,30.02,1017.20,10.00,null,CLR,   ,   ,   ,null,null,null,null,null,null,null,null,null,null,null,71.06,KNMM 250256Z AUTO 16004KT 10SM CLR 22/16 A3002 RMK AO2 SLP172 T02170161 53015,null
MEI,2011-04-25 02:58,-88.7511,32.3347,94.00,71.00,63.00,75.57,170.00,6.00,null,30.02,1016.20,10.00,null,CLR,   ,   ,   ,null,null,null,null,null,null,null,null,null,null,null,71.06,KMEI 250258Z 17006KT 10SM CLR 22/17 A3002 RMK AO2 SLP162 T02170172 53015,null
BIX,2011-04-25 03:02,-88.9244,30.4104,10.00,77.00,73.40,88.67,150.00,10.00,null,30.01,1016.50,10.00,null,SCT,BKN,   ,   ,1200.00,2000.00,null,null,null,null,null,null,null,null,null,78.57,KBIX 250302Z AUTO 15010KT 10SM SCT012 BKN020 25/23 A3001 RMK AO2 CIG 019V024 SLP165,null
BIX,2011-04-25 03:03,-88.9244,30.4104,10.00,77.00,73.40,88.67,150.00,10.00,null,30.02,1016.60,10.00,null,BKN,BKN,   ,   ,1400.00,2000.00,null,null,null,null,null,null,null,null,null,78.57,KBIX 250303Z AUTO 15010KT 10SM BKN014 BKN020 25/23 A3002 RMK AO2 CIG 011V017 BKN014 V SCT SLP166,null
MYT,2011-04-25 03:15,-89.6150,28.2206,0.00,77.00,73.40,88.67,150.00,15.00,null,29.98,null,2.00,null,CLR,   ,   ,   ,null,null,null,null,HZ,null,null,null,null,null,null,78.57,KMYT 250315Z AUTO 15015KT 2SM HZ CLR 25/23 A2998 RMK A01,null
OLV,2011-04-25 03:15,-89.7869,34.9787,122.50,71.60,64.40,78.04,160.00,6.00,null,29.92,null,10.00,null,CLR,   ,   ,   ,null,null,null,null,null,null,null,null,null,null,null,71.60,KOLV 250315Z AUTO 16006KT 10SM CLR 22/18 A2992 RMK A01 P000,null
UTA,2011-04-25 03:15,-90.3467,34.6811,59.00,71.60,62.60,73.27,150.00,9.00,null,29.91,null,10.00,null,CLR,   ,   ,   ,null,null,null,null,null,null,null,null,null,null,null,71.60,KUTA 250315Z AUTO 15009KT 10SM CLR 22/17 A2991 RMK AO2,null
1R7,2011-04-25 03:15,-90.4093,31.6058,149.00,71.60,64.40,78.04,130.00,4.00,null,30.00,null,8.00,null,CLR,   ,   ,   ,null,null,null,null,null,null,null,null,null,null,null,71.60,K1R7 250315Z AUTO 13004KT 8SM CLR 22/18 A3000 RMK AO2,null
HEZ,2011-04-25 03:15,-91.2973,31.6137,83.00,73.40,64.40,73.44,150.00,7.00,null,29.93,null,10.00,null,CLR,   ,   ,   ,null,null,null,null,null,null,null,null,null,null,null,73.40,KHEZ 250315Z AUTO 15007KT 10SM CLR 23/18 A2993 RMK AO1,null
GTR,2011-04-25 03:15,-88.5914,33.4503,80.00,71.60,64.40,78.04,160.00,6.00,null,30.00,null,10.00,null,CLR,   ,   ,   ,null,null,null,null,null,null,null,null,null,null,null,71.60,KGTR 250315Z 16006KT 10SM CLR 22/18 A3000 RMK AO1,null
CKM,2011-04-25 03:15,-90.5123,34.2997,52.70,71.60,62.60,73.27,140.00,5.00,null,29.91,null,10.00,null,CLR,   ,   ,   ,null,null,null,null,null,null,null,null,null,null,null,71.60,KCKM 250315Z AUTO 14005KT 10SM CLR 22/17 A2991 RMK AO1,null
PIB,2011-04-25 03:15,-89.3371,31.4671,91.00,71.60,64.40,78.04,160.00,9.00,null,30.03,null,10.00,null,OVC,   ,   ,   ,2200.00,null,null,null,null,null,null,null,null,null,null,71.60,KPIB 250315Z AUTO 16009KT 10SM OVC022 22/18 A3003 RMK AO1,null
CRX,2011-04-25 03:15,-88.6035,34.9150,129.00,69.80,62.60,77.90,150.00,4.00,null,29.96,null,10.00,null,FEW,   ,   ,   ,6000.00,null,null,null,null,null,null,null,null,null,null,69.80,KCRX 250315Z AUTO 15004KT 10SM FEW060 21/17 A2996 RMK AO2,null
MIS,2011-04-25 03:15,-88.8420,29.2960,32.00,82.40,73.40,74.28,210.00,7.00,null,30.02,null,4.00,12.00,FEW,FEW,   ,   ,1100.00,2000.00,null,null,HZ,null,null,null,null,null,null,88.26,KMIS 250315Z AUTO 21007G12KT 4SM HZ FEW011 FEW020 28/23 A3002 RMK A01,null
BIX,2011-04-25 03:17,-88.9244,30.4104,10.00,77.00,73.40,88.67,170.00,10.00,null,30.02,1016.70,10.00,null,SCT,BKN,BKN,   ,1300.00,2000.00,2700.00,null,null,null,null,null,null,null,null,78.57,KBIX 250317Z AUTO 17010KT 10SM SCT013 BKN020 BKN027 25/23 A3002 RMK AO2 SLP167,null
GPT,2011-04-25 03:29,-89.0701,30.4073,9.00,77.00,71.60,83.44,150.00,11.00,null,30.01,null,10.00,18.00,SCT,BKN,BKN,   ,1600.00,3000.00,3900.00,null,null,null,null,null,null,null,null,78.32,KGPT 250329Z 15011G18KT 10SM SCT016 BKN030 BKN039 25/22 A3001 RMK AO2,null
UTA,2011-04-25 03:35,-90.3467,34.6811,59.00,69.80,62.60,77.90,150.00,8.00,null,29.91,null,10.00,null,CLR,   ,   ,   ,null,null,null,null,null,null,null,null,null,null,null,69.80,KUTA 250335Z AUTO 15008KT 10SM CLR 21/17 A2991 RMK AO2,null
MIS,2011-04-25 03:35,-88.8420,29.2960,32.00,82.40,73.40,74.28,220.00,10.00,null,30.02,null,4.00,null,FEW,FEW,SCT,   ,1100.00,1900.00,3200.00,null,HZ,null,null,null,null,null,null,88.26,KMIS 250335Z AUTO 22010KT 4SM HZ FEW011 FEW019 SCT032 28/23 A3002 RMK A01,null
HEZ,2011-04-25 03:35,-91.2973,31.6137,83.00,73.40,64.40,73.44,160.00,6.00,null,29.94,null,10.00,null,CLR,   ,   ,   ,null,null,null,null,null,null,null,null,null,null,null,73.40,KHEZ 250335Z AUTO 16006KT 10SM CLR 23/18 A2994 RMK AO1,null
BIX,2011-04-25 03:35,-88.9244,30.4104,10.00,77.00,73.40,88.67,160.00,10.00,null,30.02,1016.80,10.00,18.00,SCT,SCT,   ,   ,1400.00,2300.00,null,null,null,null,null,null,null,null,null,78.57,KBIX 250335Z AUTO 16010G18KT 10SM SCT014 SCT023 25/23 A3002 RMK AO2 SLP168,null
GTR,2011-04-25 03:35,-88.5914,33.4503,80.00,71.60,64.40,78.04,160.00,8.00,null,30.00,null,10.00,null,CLR,   ,   ,   ,null,null,null,null,null,null,null,null,null,null,null,71.60,KGTR 250335Z 16008KT 10SM CLR 22/18 A3000 RMK AO1,null
CRX,2011-04-25 03:35,-88.6035,34.9150,129.00,71.60,62.60,73.27,160.00,5.00,null,29.96,null,10.00,null,SCT,BKN,   ,   ,6000.00,9500.00,null,null,null,null,null,null,null,null,null,71.60,KCRX 250335Z AUTO 16005KT 10SM SCT060 BKN095 22/17 A2996 RMK AO2,null
MYT,2011-04-25 03:35,-89.6150,28.2206,0.00,77.00,71.60,83.44,150.00,17.00,null,29.98,null,1.75,null,CLR,   ,   ,   ,null,null,null,null,HZ,null,null,null,null,null,null,78.32,KMYT 250335Z AUTO 15017KT 1 3/4SM HZ CLR 25/22 A2998 RMK A01,null
UOX,2011-04-25 03:35,-89.5368,34.3843,137.80,71.60,60.80,68.75,null,null,null,29.95,null,10.00,null,SCT,SCT,BKN,   ,4400.00,5000.00,6500.00,null,null,null,null,null,null,null,null,71.60,KUOX 250335Z AUTO 00000KT 10SM SCT044 SCT050 BKN065 22/16 A2995 RMK AO2,null
PIB,2011-04-25 03:35,-89.3371,31.4671,91.00,71.60,64.40,78.04,150.00,7.00,null,30.03,null,10.00,null,FEW,OVC,   ,   ,1500.00,2400.00,null,null,null,null,null,null,null,null,null,71.60,KPIB 250335Z AUTO 15007KT 10SM FEW015 OVC024 22/18 A3003 RMK AO1,null
1R7,2011-04-25 03:35,-90.4093,31.6058,149.00,71.60,64.40,78.04,130.00,5.00,null,30.00,null,8.00,null,CLR,   ,   ,   ,null,null,null,null,null,null,null,null,null,null,null,71.60,K1R7 250335Z AUTO 13005KT 8SM CLR 22/18 A3000 RMK AO2,null
M16,2011-04-25 03:35,-90.4105,32.3045,75.30,71.60,64.40,78.04,140.00,6.00,null,29.97,null,10.00,null,CLR,   ,   ,   ,null,null,null,null,null,null,null,null,null,null,null,71.60,KM16 250335Z AUTO 14006KT 10SM CLR 22/18 A2997 RMK AO2,null
OLV,2011-04-25 03:35,-89.7869,34.9787,122.50,71.60,64.40,78.04,160.00,6.00,null,29.93,null,10.00,null,CLR,   ,   ,   ,null,null,null,null,null,null,null,null,null,null,null,71.60,KOLV 250335Z AUTO 16006KT 10SM CLR 22/18 A2993 RMK A01 P000,null
CKM,2011-04-25 03:35,-90.5123,34.2997,52.70,71.60,64.40,78.04,130.00,7.00,null,29.91,null,10.00,null,CLR,   ,   ,   ,null,null,null,null,null,null,null,null,null,null,null,71.60,KCKM 250335Z AUTO 13007KT 10SM CLR 22/18 A2991 RMK AO1,null
GPT,2011-04-25 03:37,-89.0701,30.4073,9.00,77.00,71.60,83.44,150.00,12.00,null,30.01,null,10.00,null,BKN,BKN,BKN,   ,1400.00,3100.00,4100.00,null,null,null,null,null,null,null,null,78.32,KGPT 250337Z 15012KT 10SM BKN014 BKN031 BKN041 25/22 A3001 RMK AO2,null
BIX,2011-04-25 03:47,-88.9244,30.4104,10.00,77.00,73.40,88.67,160.00,9.00,null,30.03,1016.90,10.00,null,SCT,BKN,   ,   ,1300.00,2200.00,null,null,null,null,null,null,null,null,null,78.57,KBIX 250347Z AUTO 16009KT 10SM SCT013 BKN022 25/23 A3003 RMK AO2 BKN V SCT SLP169,null
BIX,2011-04-25 03:52,-88.9244,30.4104,10.00,77.00,73.40,88.67,160.00,8.00,null,30.03,1017.00,10.00,null,BKN,BKN,   ,   ,1300.00,2100.00,null,null,null,null,null,null,null,null,null,78.57,KBIX 250352Z AUTO 16008KT 10SM BKN013 BKN021 25/23 A3003 RMK AO2 CIG 012V017 BKN013 V SCT SLP170,null
MCB,2011-04-25 03:53,-90.4700,31.1800,126.00,70.00,66.00,87.26,140.00,4.00,null,29.99,1015.00,10.00,null,CLR,   ,   ,   ,null,null,null,null,null,null,null,null,null,null,null,69.98,KMCB 250353Z AUTO 14004KT 10SM CLR 21/19 A2999 RMK AO2 SLP150 T02110189,null
GWO,2011-04-25 03:53,-90.0847,33.4943,47.00,74.00,65.00,73.49,160.00,10.00,null,29.94,1013.60,10.00,null,CLR,   ,   ,   ,null,null,null,null,null,null,null,null,null,null,null,73.94,KGWO 250353Z AUTO 16010KT 10SM CLR 23/18 A2994 RMK AO2 SLP136 T02330183,null
HBG,2011-04-25 03:53,-89.2529,31.2649,46.00,72.00,68.00,87.35,140.00,7.00,null,30.02,1016.10,10.00,null,CLR,   ,   ,   ,null,null,null,null,null,null,null,null,null,null,null,72.96,KHBG 250353Z AUTO 14007KT 10SM CLR 22/20 A3002 RMK AO2 SLP161 T02220200 TSNO,null
HKS,2011-04-25 03:53,-90.2225,32.3348,104.00,73.00,66.00,78.65,160.00,12.00,null,29.98,1014.20,10.00,null,CLR,   ,   ,   ,null,null,null,null,null,null,null,null,null,null,null,73.04,KHKS 250353Z AUTO 16012KT 10SM CLR 23/19 A2998 RMK AO2 SLP142 T02280189,null
PQL,2011-04-25 03:53,-88.5319,30.4636,5.00,74.00,70.00,87.45,160.00,5.00,null,30.04,1017.30,10.00,null,FEW,SCT,BKN,   ,1600.00,2400.00,2900.00,null,null,null,null,null,null,null,null,75.14,KPQL 250353Z AUTO 16005KT 10SM FEW016 SCT024 BKN029 23/21 A3004 RMK AO2 SLP173 T02330211,null
GLH,2011-04-25 03:53,-90.9856,33.4829,40.00,75.00,63.00,66.13,170.00,13.00,null,29.90,1013.00,10.00,null,OVC,   ,   ,   ,9000.00,null,null,null,null,null,null,null,null,null,null,75.02,KGLH 250353Z AUTO 17013KT 10SM OVC090 24/17 A2990 RMK AO2 SLP130 T02390172,null
TUP,2011-04-25 03:53,-88.7711,34.2608,110.00,73.00,63.00,70.68,190.00,10.00,null,29.96,1014.00,10.00,null,CLR,   ,   ,   ,null,null,null,null,null,null,null,null,null,null,null,73.04,KTUP 250353Z AUTO 19010KT 10SM CLR 23/17 A2996 RMK AO2 SLP140 T02280172,null
GPT,2011-04-25 03:53,-89.0701,30.4073,9.00,77.00,71.00,81.92,150.00,10.00,null,30.02,1016.40,10.00,null,SCT,BKN,   ,   ,1400.00,2100.00,null,null,null,null,null,null,null,null,null,78.25,KGPT 250353Z AUTO 15010KT 10SM SCT014 BKN021 25/22 A3002 RMK AO2 SLP164 T02500217,null
JAN,2011-04-25 03:54,-90.0800,32.3200,101.00,73.00,66.00,78.65,160.00,10.00,null,29.97,1014.50,10.00,null,CLR,   ,   ,   ,null,null,null,null,null,null,null,null,null,null,null,73.04,KJAN 250354Z 16010KT 10SM CLR 23/19 A2997 RMK AO2 SLP145 T02280189,null
M16,2011-04-25 03:55,-90.4105,32.3045,75.30,71.60,64.40,78.04,140.00,7.00,null,29.96,null,10.00,null,CLR,   ,   ,   ,null,null,null,null,null,null,null,null,null,null,null,71.60,KM16 250355Z AUTO 14007KT 10SM CLR 22/18 A2996 RMK AO2,null
CRX,2011-04-25 03:55,-88.6035,34.9150,129.00,71.60,62.60,73.27,140.00,8.00,null,29.95,null,10.00,null,BKN,BKN,   ,   ,6000.00,9500.00,null,null,null,null,null,null,null,null,null,71.60,KCRX 250355Z AUTO 14008KT 10SM BKN060 BKN095 22/17 A2995 RMK AO2,null
MYT,2011-04-25 03:55,-89.6150,28.2206,0.00,77.00,71.60,83.44,150.00,17.00,null,29.99,null,2.00,null,CLR,   ,   ,   ,null,null,null,null,HZ,null,null,null,null,null,null,78.32,KMYT 250355Z AUTO 15017KT 2SM HZ CLR 25/22 A2999 RMK A01,null
HEZ,2011-04-25 03:55,-91.2973,31.6137,83.00,73.40,64.40,73.44,160.00,5.00,null,29.94,null,10.00,null,CLR,   ,   ,   ,null,null,null,null,null,null,null,null,null,null,null,73.40,KHEZ 250355Z AUTO 16005KT 10SM CLR 23/18 A2994 RMK AO1,null
CBM,2011-04-25 03:55,-88.4438,33.6438,67.00,69.26,64.22,83.99,170.00,7.00,null,29.99,1015.60,10.00,null,CLR,   ,   ,   ,null,null,null,null,null,null,null,null,null,null,null,69.26,KCBM 250355Z AUTO 17007KT 10SM CLR 21/18 A2999 RMK AO2 SLP156 T02070179 $,null
BIX,2011-04-25 03:55,-88.9244,30.4104,10.00,76.46,73.00,89.18,170.00,11.00,null,30.03,1017.00,10.00,null,BKN,BKN,   ,   ,1300.00,2100.00,null,null,null,null,null,null,null,null,null,78.00,KBIX 250355Z AUTO 17011KT 10SM BKN013 BKN021 25/23 A3003 RMK AO2 CIG 012V018 SLP170 T02470228,null
CKM,2011-04-25 03:55,-90.5123,34.2997,52.70,71.60,62.60,73.27,130.00,5.00,null,29.91,null,10.00,null,CLR,   ,   ,   ,null,null,null,null,null,null,null,null,null,null,null,71.60,KCKM 250355Z AUTO 13005KT 10SM CLR 22/17 A2991 RMK AO1,null
1R7,2011-04-25 03:55,-90.4093,31.6058,149.00,69.80,66.20,88.34,130.00,4.00,null,30.00,null,8.00,null,CLR,   ,   ,   ,null,null,null,null,null,null,null,null,null,null,null,69.80,K1R7 250355Z AUTO 13004KT 8SM CLR 21/19 A3000 RMK AO2,null
GTR,2011-04-25 03:55,-88.5914,33.4503,80.00,71.60,64.40,78.04,180.00,7.00,null,30.00,null,10.00,null,CLR,   ,   ,   ,null,null,null,null,null,null,null,null,null,null,null,71.60,KGTR 250355Z 18007KT 10SM CLR 22/18 A3000 RMK AO1,null
MIS,2011-04-25 03:55,-88.8420,29.2960,32.00,82.40,73.40,74.28,210.00,9.00,null,30.03,null,4.00,null,FEW,SCT,SCT,   ,1200.00,1800.00,2400.00,null,HZ,null,null,null,null,null,null,88.26,KMIS 250355Z AUTO 21009KT 4SM HZ FEW012 SCT018 SCT024 28/23 A3003 RMK A01,null
UOX,2011-04-25 03:55,-89.5368,34.3843,137.80,73.40,62.60,68.94,null,null,null,29.95,null,10.00,null,SCT,BKN,BKN,   ,4600.00,6500.00,7000.00,null,null,null,null,null,null,null,null,73.40,KUOX 250355Z AUTO 00000KT 10SM SCT046 BKN065 BKN070 23/17 A2995 RMK AO2,null
PIB,2011-04-25 03:55,-89.3371,31.4671,91.00,71.60,64.40,78.04,140.00,7.00,null,30.02,null,10.00,null,FEW,OVC,   ,   ,1500.00,2400.00,null,null,null,null,null,null,null,null,null,71.60,KPIB 250355Z AUTO 14007KT 10SM FEW015 OVC024 22/18 A3002 RMK AO1,null
UTA,2011-04-25 03:55,-90.3467,34.6811,59.00,69.80,62.60,77.90,150.00,8.00,null,29.91,null,10.00,null,CLR,   ,   ,   ,null,null,null,null,null,null,null,null,null,null,null,69.80,KUTA 250355Z AUTO 15008KT 10SM CLR 21/17 A2991 RMK AO2,null
OLV,2011-04-25 03:55,-89.7869,34.9787,122.50,69.80,64.40,82.98,160.00,6.00,null,29.92,null,10.00,null,CLR,   ,   ,   ,null,null,null,null,null,null,null,null,null,null,null,69.80,KOLV 250355Z AUTO 16006KT 10SM CLR 21/18 A2992 RMK A01 P000,null
NMM,2011-04-25 03:56,-88.5556,32.5521,97.00,70.00,62.00,75.96,null,null,null,30.02,1017.40,10.00,null,CLR,   ,   ,   ,null,null,null,null,null,null,null,null,null,null,null,69.98,KNMM 250356Z AUTO 00000KT 10SM CLR 21/17 A3002 RMK AO2 SLP174 T02110167,null
MEI,2011-04-25 03:58,-88.7511,32.3347,94.00,70.00,64.00,81.44,170.00,9.00,null,30.02,1016.20,10.00,null,CLR,   ,   ,   ,null,null,null,null,null,null,null,null,null,null,null,69.98,KMEI 250358Z AUTO 17009KT 10SM CLR 21/18 A3002 RMK AO2 SLP162 T02110178,null
PIB,2011-04-25 04:15,-89.3371,31.4671,91.00,71.60,64.40,78.04,150.00,6.00,null,30.03,null,10.00,null,SCT,OVC,   ,   ,1300.00,2200.00,null,null,null,null,null,null,null,null,null,71.60,KPIB 250415Z AUTO 15006KT 10SM SCT013 OVC022 22/18 A3003 RMK AO1,null
OLV,2011-04-25 04:15,-89.7869,34.9787,122.50,69.80,64.40,82.98,null,null,null,29.92,null,10.00,null,CLR,   ,   ,   ,null,null,null,null,null,null,null,null,null,null,null,69.80,KOLV 250415Z AUTO 00000KT 10SM CLR 21/18 A2992 RMK A01 P000,null
1R7,2011-04-25 04:15,-90.4093,31.6058,149.00,69.80,66.20,88.34,130.00,4.00,null,30.01,null,8.00,null,CLR,   ,   ,   ,null,null,null,null,null,null,null,null,null,null,null,69.80,K1R7 250415Z AUTO 13004KT 8SM CLR 21/19 A3001 RMK AO2,null
UTA,2011-04-25 04:15,-90.3467,34.6811,59.00,69.80,62.60,77.90,150.00,7.00,null,29.91,null,10.00,null,CLR,   ,   ,   ,null,null,null,null,null,null,null,null,null,null,null,69.80,KUTA 250415Z AUTO 15007KT 10SM CLR 21/17 A2991 RMK AO2,null
M16,2011-04-25 04:15,-90.4105,32.3045,75.30,71.60,64.40,78.04,150.00,7.00,null,29.96,null,10.00,null,CLR,   ,   ,   ,null,null,null,null,null,null,null,null,null,null,null,71.60,KM16 250415Z AUTO 15007KT 10SM CLR 22/18 A2996 RMK AO2,null
UOX,2011-04-25 04:15,-89.5368,34.3843,137.80,71.60,62.60,73.27,190.00,4.00,null,29.96,null,10.00,null,FEW,   ,   ,   ,7500.00,null,null,null,null,null,null,null,null,null,null,71.60,KUOX 250415Z AUTO 19004KT 10SM FEW075 22/17 A2996 RMK AO2,null
MYT,2011-04-25 04:15,-89.6150,28.2206,0.00,77.00,73.40,88.67,150.00,16.00,null,29.98,null,2.00,null,CLR,   ,   ,   ,null,null,null,null,HZ,null,null,null,null,null,null,78.57,KMYT 250415Z AUTO 15016KT 2SM HZ CLR 25/23 A2998 RMK A01,null
MIS,2011-04-25 04:15,-88.8420,29.2960,32.00,82.40,73.40,74.28,220.00,7.00,null,30.03,null,4.00,14.00,FEW,   ,   ,   ,1800.00,null,null,null,HZ,null,null,null,null,null,null,88.26,KMIS 250415Z AUTO 22007G14KT 4SM HZ FEW018 28/23 A3003 RMK A01,null
HEZ,2011-04-25 04:15,-91.2973,31.6137,83.00,71.60,64.40,78.04,150.00,6.00,null,29.95,null,10.00,null,CLR,   ,   ,   ,null,null,null,null,null,null,null,null,null,null,null,71.60,KHEZ 250415Z AUTO 15006KT 10SM CLR 22/18 A2995 RMK AO1,null
GTR,2011-04-25 04:15,-88.5914,33.4503,80.00,69.80,62.60,77.90,180.00,6.00,null,29.99,null,10.00,null,CLR,   ,   ,   ,null,null,null,null,null,null,null,null,null,null,null,69.80,KGTR 250415Z 18006KT 10SM CLR 21/17 A2999 RMK AO1,null
GPT,2011-04-25 04:19,-89.0701,30.4073,9.00,77.00,71.60,83.44,150.00,14.00,null,30.01,null,10.00,18.00,BKN,BKN,   ,   ,1400.00,2200.00,null,null,null,null,null,null,null,null,null,78.32,KGPT 250419Z AUTO 15014G18KT 10SM BKN014 BKN022 25/22 A3001 RMK AO2,null
GPT,2011-04-25 04:28,-89.0701,30.4073,9.00,77.00,69.80,78.48,150.00,12.00,null,30.01,null,10.00,null,BKN,   ,   ,   ,1600.00,null,null,null,null,null,null,null,null,null,null,78.09,KGPT 250428Z AUTO 15012KT 10SM BKN016 25/21 A3001 RMK AO2,null
HBG,2011-04-25 04:32,-89.2529,31.2649,46.00,71.60,69.80,94.06,150.00,5.00,null,30.02,null,10.00,null,SCT,BKN,   ,   ,1000.00,1700.00,null,null,null,null,null,null,null,null,null,72.88,KHBG 250432Z AUTO 15005KT 10SM SCT010 BKN017 22/21 A3002 RMK AO2 TSNO,null
MYT,2011-04-25 04:35,-89.6150,28.2206,0.00,77.00,73.40,88.67,150.00,16.00,null,29.98,null,1.75,null,CLR,   ,   ,   ,null,null,null,null,HZ,null,null,null,null,null,null,78.57,KMYT 250435Z AUTO 15016KT 1 3/4SM HZ CLR 25/23 A2998 RMK A01,null
UOX,2011-04-25 04:35,-89.5368,34.3843,137.80,71.60,62.60,73.27,180.00,4.00,null,29.96,null,10.00,null,CLR,   ,   ,   ,null,null,null,null,null,null,null,null,null,null,null,71.60,KUOX 250435Z AUTO 18004KT 10SM CLR 22/17 A2996 RMK AO2,null
1R7,2011-04-25 04:35,-90.4093,31.6058,149.00,69.80,66.20,88.34,130.00,5.00,null,30.00,null,7.00,null,CLR,   ,   ,   ,null,null,null,null,null,null,null,null,null,null,null,69.80,K1R7 250435Z AUTO 13005KT 7SM CLR 21/19 A3000 RMK AO2,null
M16,2011-04-25 04:35,-90.4105,32.3045,75.30,71.60,64.40,78.04,150.00,9.00,null,29.96,null,10.00,14.00,CLR,   ,   ,   ,null,null,null,null,null,null,null,null,null,null,null,71.60,KM16 250435Z AUTO 15009G14KT 10SM CLR 22/18 A2996 RMK AO2,null
CRX,2011-04-25 04:35,-88.6035,34.9150,129.00,71.60,62.60,73.27,170.00,9.00,null,29.94,null,10.00,null,FEW,SCT,BKN,   ,5000.00,5500.00,6500.00,null,null,null,null,null,null,null,null,71.60,KCRX 250435Z AUTO 17009KT 10SM FEW050 SCT055 BKN065 22/17 A2994 RMK AO2,null
CKM,2011-04-25 04:35,-90.5123,34.2997,52.70,73.40,64.40,73.44,150.00,7.00,null,29.92,null,10.00,null,BKN,   ,   ,   ,8500.00,null,null,null,null,null,null,null,null,null,null,73.40,KCKM 250435Z AUTO 15007KT 10SM BKN085 23/18 A2992 RMK AO1,null
MIS,2011-04-25 04:35,-88.8420,29.2960,32.00,82.40,73.40,74.28,220.00,8.00,null,30.02,null,4.00,14.00,FEW,FEW,FEW,   ,2500.00,3000.00,3700.00,null,HZ,null,null,null,null,null,null,88.26,KMIS 250435Z AUTO 22008G14KT 4SM HZ FEW025 FEW030 FEW037 28/23 A3002 RMK A01,null
GTR,2011-04-25 04:35,-88.5914,33.4503,80.00,68.00,62.60,82.86,170.00,7.00,null,29.99,null,10.00,null,CLR,   ,   ,   ,null,null,null,null,null,null,null,null,null,null,null,68.00,KGTR 250435Z 17007KT 10SM CLR 20/17 A2999 RMK AO1,null
OLV,2011-04-25 04:35,-89.7869,34.9787,122.50,69.80,64.40,82.98,170.00,7.00,null,29.92,null,10.00,null,CLR,   ,   ,   ,null,null,null,null,null,null,null,null,null,null,null,69.80,KOLV 250435Z AUTO 17007KT 10SM CLR 21/18 A2992 RMK A01 P000,null
UTA,2011-04-25 04:35,-90.3467,34.6811,59.00,68.00,62.60,82.86,160.00,6.00,null,29.92,null,10.00,null,CLR,   ,   ,   ,null,null,null,null,null,null,null,null,null,null,null,68.00,KUTA 250435Z AUTO 16006KT 10SM CLR 20/17 A2992 RMK AO2,null
HEZ,2011-04-25 04:35,-91.2973,31.6137,83.00,71.60,64.40,78.04,160.00,5.00,null,29.94,null,10.00,null,CLR,   ,   ,   ,null,null,null,null,null,null,null,null,null,null,null,71.60,KHEZ 250435Z AUTO 16005KT 10SM CLR 22/18 A2994 RMK AO1,null
PIB,2011-04-25 04:35,-89.3371,31.4671,91.00,69.80,64.40,82.98,140.00,7.00,null,30.03,null,10.00,null,BKN,BKN,OVC,   ,900.00,1300.00,2000.00,null,null,null,null,null,null,null,null,69.80,KPIB 250435Z AUTO 14007KT 10SM BKN009 BKN013 OVC020 21/18 A3003 RMK AO1,null
PQL,2011-04-25 04:37,-88.5319,30.4636,5.00,73.40,69.80,88.51,150.00,8.00,null,30.03,null,10.00,null,FEW,BKN,BKN,   ,1300.00,3000.00,4100.00,null,null,null,null,null,null,null,null,74.60,KPQL 250437Z AUTO 15008KT 10SM FEW013 BKN030 BKN041 23/21 A3003 RMK AO2,null
HBG,2011-04-25 04:40,-89.2529,31.2649,46.00,71.60,69.80,94.06,150.00,6.00,null,30.02,null,10.00,null,BKN,BKN,   ,   ,800.00,1700.00,null,null,null,null,null,null,null,null,null,72.88,KHBG 250440Z AUTO 15006KT 10SM BKN008 BKN017 22/21 A3002 RMK AO2 CIG 008V012 TSNO,null
GLH,2011-04-25 04:53,-90.9856,33.4829,40.00,73.00,64.00,73.41,170.00,10.00,null,29.91,1013.30,10.00,null,FEW,BKN,BKN,   ,4800.00,6000.00,7500.00,null,null,null,null,null,null,null,null,73.04,KGLH 250453Z AUTO 17010KT 10SM FEW048 BKN060 BKN075 23/18 A2991 RMK AO2 SLP133 T02280178,null
GPT,2011-04-25 04:53,-89.0701,30.4073,9.00,77.00,71.00,81.92,150.00,14.00,null,30.02,1016.30,10.00,19.00,SCT,BKN,BKN,   ,1600.00,2100.00,3700.00,null,null,null,null,null,null,null,null,78.25,KGPT 250453Z AUTO 15014G19KT 10SM SCT016 BKN021 BKN037 25/22 A3002 RMK AO2 SLP163 T02500217,null
GWO,2011-04-25 04:53,-90.0847,33.4943,47.00,73.00,65.00,75.75,180.00,11.00,null,29.94,1013.80,9.00,null,CLR,   ,   ,   ,null,null,null,null,null,null,null,null,null,null,null,73.04,KGWO 250453Z AUTO 18011KT 9SM CLR 23/18 A2994 RMK AO2 SLP138 T02280183,null
TUP,2011-04-25 04:53,-88.7711,34.2608,110.00,73.00,63.00,70.68,210.00,10.00,null,29.95,1013.80,10.00,null,CLR,   ,   ,   ,null,null,null,null,null,null,null,null,null,null,null,73.04,KTUP 250453Z AUTO 21010KT 10SM CLR 23/17 A2995 RMK AO2 SLP138 T02280172,null
HKS,2011-04-25 04:53,-90.2225,32.3348,104.00,72.00,67.00,84.16,160.00,9.00,null,29.97,1014.10,10.00,17.00,CLR,   ,   ,   ,null,null,null,null,null,null,null,null,null,null,null,71.96,KHKS 250453Z AUTO 16009G17KT 10SM CLR 22/19 A2997 RMK AO2 SLP141 T02220194,null
HBG,2011-04-25 04:53,-89.2529,31.2649,46.00,73.00,69.00,87.41,150.00,8.00,null,30.02,1016.30,10.00,null,OVC,   ,   ,   ,800.00,null,null,null,null,null,null,null,null,null,null,74.15,KHBG 250453Z AUTO 15008KT 10SM OVC008 23/21 A3002 RMK AO2 SLP163 T02280206 TSNO,null
JAN,2011-04-25 04:54,-90.0800,32.3200,101.00,72.00,67.00,84.16,160.00,9.00,null,29.97,1014.40,10.00,null,CLR,   ,   ,   ,null,null,null,null,null,null,null,null,null,null,null,71.96,KJAN 250454Z 16009KT 10SM CLR 22/19 A2997 RMK AO2 SLP144 T02220194,null
CBM,2011-04-25 04:55,-88.4438,33.6438,67.00,71.60,63.32,75.15,180.00,8.00,null,29.99,1015.40,10.00,null,CLR,   ,   ,   ,null,null,null,null,null,null,null,null,null,null,null,71.60,KCBM 250455Z AUTO 18008KT 10SM CLR 22/17 A2999 RMK AO2 SLP154 T02200174 $,null
UOX,2011-04-25 04:55,-89.5368,34.3843,137.80,71.60,62.60,73.27,190.00,5.00,null,29.96,null,10.00,null,CLR,   ,   ,   ,null,null,null,null,null,null,null,null,null,null,null,71.60,KUOX 250455Z AUTO 19005KT 10SM CLR 22/17 A2996 RMK AO2,null
M16,2011-04-25 04:55,-90.4105,32.3045,75.30,71.60,66.20,83.09,150.00,10.00,null,29.96,null,10.00,null,CLR,   ,   ,   ,null,null,null,null,null,null,null,null,null,null,null,71.60,KM16 250455Z AUTO 15010KT 10SM CLR 22/19 A2996 RMK AO2,null
MIS,2011-04-25 04:55,-88.8420,29.2960,32.00,82.40,73.40,74.28,220.00,10.00,null,30.02,null,4.00,null,FEW,FEW,FEW,   ,2500.00,2900.00,3700.00,null,HZ,null,null,null,null,null,null,88.26,KMIS 250455Z AUTO 22010KT 4SM HZ FEW025 FEW029 FEW037 28/23 A3002 RMK A01,null
MYT,2011-04-25 04:55,-89.6150,28.2206,0.00,77.00,71.60,83.44,150.00,19.00,null,29.98,null,2.00,null,CLR,   ,   ,   ,null,null,null,null,HZ,null,null,null,null,null,null,78.32,KMYT 250455Z AUTO 15019KT 2SM HZ CLR 25/22 A2998 RMK A01,null
CKM,2011-04-25 04:55,-90.5123,34.2997,52.70,73.40,64.40,73.44,160.00,9.00,null,29.92,null,10.00,null,BKN,   ,   ,   ,9500.00,null,null,null,null,null,null,null,null,null,null,73.40,KCKM 250455Z AUTO 16009KT 10SM BKN095 23/18 A2992 RMK AO1,null
PIB,2011-04-25 04:55,-89.3371,31.4671,91.00,69.80,64.40,82.98,150.00,7.00,null,30.02,null,10.00,null,SCT,OVC,   ,   ,900.00,2000.00,null,null,null,null,null,null,null,null,null,69.80,KPIB 250455Z AUTO 15007KT 10SM SCT009 OVC020 21/18 A3002 RMK AO1,null
BIX,2011-04-25 04:55,-88.9244,30.4104,10.00,76.46,72.68,88.11,160.00,9.00,null,30.03,1016.90,10.00,null,BKN,   ,   ,   ,1300.00,null,null,null,null,null,null,null,null,null,null,77.95,KBIX 250455Z AUTO 16009KT 10SM BKN013 25/23 A3003 RMK AO2 CIG 012V018 SLP169 T02470226,null
GTR,2011-04-25 04:55,-88.5914,33.4503,80.00,68.00,62.60,82.86,170.00,7.00,null,29.99,null,10.00,null,CLR,   ,   ,   ,null,null,null,null,null,null,null,null,null,null,null,68.00,KGTR 250455Z 17007KT 10SM CLR 20/17 A2999 RMK AO1,null
CRX,2011-04-25 04:55,-88.6035,34.9150,129.00,73.40,62.60,68.94,170.00,8.00,null,29.95,null,10.00,14.00,BKN,BKN,   ,   ,6500.00,7000.00,null,null,null,null,null,null,null,null,null,73.40,KCRX 250455Z AUTO 17008G14KT 10SM BKN065 BKN070 23/17 A2995 RMK AO2,null
HEZ,2011-04-25 04:55,-91.2973,31.6137,83.00,71.60,64.40,78.04,160.00,7.00,null,29.93,null,10.00,null,CLR,   ,   ,   ,null,null,null,null,null,null,null,null,null,null,null,71.60,KHEZ 250455Z AUTO 16007KT 10SM CLR 22/18 A2993 RMK AO1,null
OLV,2011-04-25 04:55,-89.7869,34.9787,122.50,69.80,64.40,82.98,180.00,7.00,null,29.93,null,10.00,null,CLR,   ,   ,   ,null,null,null,null,null,null,null,null,null,null,null,69.80,KOLV 250455Z AUTO 18007KT 10SM CLR 21/18 A2993 RMK A01 P000,null
UTA,2011-04-25 04:55,-90.3467,34.6811,59.00,69.80,62.60,77.90,160.00,7.00,null,29.91,null,10.00,null,SCT,   ,   ,   ,9000.00,null,null,null,null,null,null,null,null,null,null,69.80,KUTA 250455Z AUTO 16007KT 10SM SCT090 21/17 A2991 RMK AO2 LTG DSNT NW,null
NMM,2011-04-25 04:56,-88.5556,32.5521,97.00,69.00,62.00,78.33,150.00,3.00,null,30.01,1017.00,10.00,null,CLR,   ,   ,   ,null,null,null,null,null,null,null,null,null,null,null,69.08,KNMM 250456Z AUTO 15003KT 10SM CLR 21/17 A3001 RMK AO2 SLP170 T02060167,null
MEI,2011-04-25 04:58,-88.7511,32.3347,94.00,69.00,65.00,86.66,180.00,7.00,null,30.01,1015.90,10.00,null,CLR,   ,   ,   ,null,null,null,null,null,null,null,null,null,null,null,69.08,KMEI 250458Z AUTO 18007KT 10SM CLR 21/18 A3001 RMK AO2 SLP159 T02060183,null
BIX,2011-04-25 05:04,-88.9244,30.4104,10.00,77.00,71.60,83.44,170.00,11.00,null,30.03,1016.90,10.00,15.00,SCT,   ,   ,   ,1300.00,null,null,null,null,null,null,null,null,null,null,78.32,KBIX 250504Z AUTO 17011G15KT 10SM SCT013 25/22 A3003 RMK AO2 SLP169,null
HEZ,2011-04-25 05:15,-91.2973,31.6137,83.00,71.60,66.20,83.09,160.00,9.00,null,29.93,null,10.00,null,FEW,   ,   ,   ,2400.00,null,null,null,null,null,null,null,null,null,null,71.60,KHEZ 250515Z AUTO 16009KT 10SM FEW024 22/19 A2993 RMK AO1,null
UTA,2011-04-25 05:15,-90.3467,34.6811,59.00,69.80,62.60,77.90,160.00,9.00,null,29.91,null,10.00,null,SCT,SCT,   ,   ,8000.00,9000.00,null,null,null,null,null,null,null,null,null,69.80,KUTA 250515Z AUTO 16009KT 10SM SCT080 SCT090 21/17 A2991 RMK AO2,null
MIS,2011-04-25 05:15,-88.8420,29.2960,32.00,80.60,73.40,78.76,210.00,8.00,null,30.02,null,4.00,null,CLR,   ,   ,   ,null,null,null,null,HZ,null,null,null,null,null,null,85.32,KMIS 250515Z AUTO 21008KT 4SM HZ CLR 27/23 A3002 RMK A01,null
PIB,2011-04-25 05:15,-89.3371,31.4671,91.00,71.60,64.40,78.04,150.00,9.00,null,30.02,null,10.00,null,BKN,OVC,   ,   ,900.00,2200.00,null,null,null,null,null,null,null,null,null,71.60,KPIB 250515Z AUTO 15009KT 10SM BKN009 OVC022 22/18 A3002 RMK AO1,null
M16,2011-04-25 05:15,-90.4105,32.3045,75.30,71.60,66.20,83.09,140.00,7.00,null,29.96,null,10.00,null,CLR,   ,   ,   ,null,null,null,null,null,null,null,null,null,null,null,71.60,KM16 250515Z AUTO 14007KT 10SM CLR 22/19 A2996 RMK AO2,null
MYT,2011-04-25 05:15,-89.6150,28.2206,0.00,77.00,71.60,83.44,160.00,18.00,null,29.97,null,1.75,null,SCT,   ,   ,   ,1600.00,null,null,null,HZ,null,null,null,null,null,null,78.32,KMYT 250515Z AUTO 16018KT 1 3/4SM HZ SCT016 25/22 A2997 RMK A01,null
CKM,2011-04-25 05:15,-90.5123,34.2997,52.70,73.40,64.40,73.44,160.00,9.00,null,29.92,null,10.00,null,FEW,SCT,OVC,   ,6000.00,7000.00,9500.00,null,null,null,null,null,null,null,null,73.40,KCKM 250515Z AUTO 16009KT 10SM FEW060 SCT070 OVC095 23/18 A2992 RMK AO1,null
OLV,2011-04-25 05:15,-89.7869,34.9787,122.50,69.80,64.40,82.98,170.00,9.00,null,29.92,null,10.00,null,FEW,   ,   ,   ,8500.00,null,null,null,null,null,null,null,null,null,null,69.80,KOLV 250515Z AUTO 17009KT 10SM FEW085 21/18 A2992 RMK A01 P000,null
GTR,2011-04-25 05:15,-88.5914,33.4503,80.00,68.00,62.60,82.86,180.00,8.00,null,29.99,null,10.00,null,CLR,   ,   ,   ,null,null,null,null,null,null,null,null,null,null,null,68.00,KGTR 250515Z 18008KT 10SM CLR 20/17 A2999 RMK AO1,null
CRX,2011-04-25 05:15,-88.6035,34.9150,129.00,73.40,62.60,68.94,180.00,7.00,null,29.95,null,10.00,null,BKN,BKN,   ,   ,6500.00,7000.00,null,null,null,null,null,null,null,null,null,73.40,KCRX 250515Z AUTO 18007KT 10SM BKN065 BKN070 23/17 A2995 RMK AO2,null
UOX,2011-04-25 05:15,-89.5368,34.3843,137.80,71.60,62.60,73.27,190.00,6.00,null,29.96,null,10.00,null,CLR,   ,   ,   ,null,null,null,null,null,null,null,null,null,null,null,71.60,KUOX 250515Z AUTO 19006KT 10SM CLR 22/17 A2996 RMK AO2,null
1R7,2011-04-25 05:15,-90.4093,31.6058,149.00,69.80,66.20,88.34,150.00,7.00,null,29.99,null,7.00,null,CLR,   ,   ,   ,null,null,null,null,null,null,null,null,null,null,null,69.80,K1R7 250515Z AUTO 15007KT 7SM CLR 21/19 A2999 RMK AO2,null
GPT,2011-04-25 05:16,-89.0701,30.4073,9.00,75.20,71.60,88.59,150.00,10.00,null,30.01,null,10.00,null,FEW,SCT,SCT,   ,1400.00,2100.00,2700.00,null,null,null,null,null,null,null,null,76.58,KGPT 250516Z AUTO 15010KT 10SM FEW014 SCT021 SCT027 24/22 A3001 RMK AO2,null
PQL,2011-04-25 05:19,-88.5319,30.4636,5.00,73.40,69.80,88.51,160.00,5.00,null,30.03,null,10.00,null,FEW,BKN,   ,   ,2000.00,2900.00,null,null,null,null,null,null,null,null,null,74.60,KPQL 250519Z AUTO 16005KT 10SM FEW020 BKN029 23/21 A3003 RMK AO2,null
BIX,2011-04-25 05:21,-88.9244,30.4104,10.00,77.00,71.60,83.44,150.00,10.00,null,30.02,1016.80,10.00,null,BKN,   ,   ,   ,1400.00,null,null,null,null,null,null,null,null,null,null,78.32,KBIX 250521Z AUTO 15010KT 10SM BKN014 25/22 A3002 RMK AO2 CIG 013V017 BKN V SCT SLP168,null
BIX,2011-04-25 05:23,-88.9244,30.4104,10.00,77.00,71.60,83.44,160.00,10.00,null,30.02,1016.70,10.00,null,SCT,   ,   ,   ,1400.00,null,null,null,null,null,null,null,null,null,null,78.32,KBIX 250523Z AUTO 16010KT 10SM SCT014 25/22 A3002 RMK AO2 SCT V BKN SLP167,null
PQL,2011-04-25 05:29,-88.5319,30.4636,5.00,73.40,69.80,88.51,150.00,8.00,null,30.03,null,10.00,null,FEW,BKN,   ,   ,2000.00,3300.00,null,null,null,null,null,null,null,null,null,74.60,KPQL 250529Z AUTO 15008KT 10SM FEW020 BKN033 23/21 A3003 RMK AO2,null
BIX,2011-04-25 05:34,-88.9244,30.4104,10.00,77.00,73.40,88.67,160.00,10.00,null,30.02,1016.60,10.00,null,BKN,BKN,   ,   ,1400.00,3800.00,null,null,null,null,null,null,null,null,null,78.57,KBIX 250534Z AUTO 16010KT 10SM BKN014 BKN038 25/23 A3002 RMK AO2 CIG 013V018 BKN014 V SCT SLP166,null
MIS,2011-04-25 05:35,-88.8420,29.2960,32.00,82.40,73.40,74.28,210.00,8.00,null,30.01,null,4.00,null,CLR,   ,   ,   ,null,null,null,null,HZ,null,null,null,null,null,null,88.26,KMIS 250535Z AUTO 21008KT 4SM HZ CLR 28/23 A3001 RMK A01,null
CRX,2011-04-25 05:35,-88.6035,34.9150,129.00,73.40,62.60,68.94,180.00,8.00,null,29.95,null,10.00,null,BKN,BKN,   ,   ,5000.00,7500.00,null,null,null,null,null,null,null,null,null,73.40,KCRX 250535Z AUTO 18008KT 10SM BKN050 BKN075 23/17 A2995 RMK AO2,null
UOX,2011-04-25 05:35,-89.5368,34.3843,137.80,71.60,62.60,73.27,200.00,7.00,null,29.97,null,10.00,null,FEW,   ,   ,   ,7500.00,null,null,null,null,null,null,null,null,null,null,71.60,KUOX 250535Z AUTO 20007KT 10SM FEW075 22/17 A2997 RMK AO2,null
M16,2011-04-25 05:35,-90.4105,32.3045,75.30,71.60,66.20,83.09,140.00,7.00,null,29.96,null,10.00,null,CLR,   ,   ,   ,null,null,null,null,null,null,null,null,null,null,null,71.60,KM16 250535Z AUTO 14007KT 10SM CLR 22/19 A2996 RMK AO2,null
1R7,2011-04-25 05:35,-90.4093,31.6058,149.00,69.80,66.20,88.34,140.00,6.00,null,29.99,null,7.00,null,CLR,   ,   ,   ,null,null,null,null,null,null,null,null,null,null,null,69.80,K1R7 250535Z AUTO 14006KT 7SM CLR 21/19 A2999 RMK AO2,null
PIB,2011-04-25 05:35,-89.3371,31.4671,91.00,71.60,64.40,78.04,140.00,9.00,null,30.01,null,10.00,null,OVC,   ,   ,   ,900.00,null,null,null,null,null,null,null,null,null,null,71.60,KPIB 250535Z AUTO 14009KT 10SM OVC009 22/18 A3001 RMK AO1,null
HEZ,2011-04-25 05:35,-91.2973,31.6137,83.00,71.60,66.20,83.09,160.00,9.00,null,29.93,null,10.00,null,FEW,   ,   ,   ,2400.00,null,null,null,null,null,null,null,null,null,null,71.60,KHEZ 250535Z AUTO 16009KT 10SM FEW024 22/19 A2993 RMK AO1,null
MYT,2011-04-25 05:35,-89.6150,28.2206,0.00,77.00,71.60,83.44,150.00,18.00,null,29.97,null,1.75,null,SCT,   ,   ,   ,1700.00,null,null,null,HZ,null,null,null,null,null,null,78.32,KMYT 250535Z AUTO 15018KT 1 3/4SM HZ SCT017 25/22 A2997 RMK A01,null
OLV,2011-04-25 05:35,-89.7869,34.9787,122.50,69.80,66.20,88.34,170.00,10.00,null,29.92,null,10.00,null,CLR,   ,   ,   ,null,null,null,null,null,null,null,null,null,null,null,69.80,KOLV 250535Z AUTO 17010KT 10SM CLR 21/19 A2992 RMK A01 P000,null
UTA,2011-04-25 05:35,-90.3467,34.6811,59.00,69.80,62.60,77.90,160.00,10.00,null,29.90,null,10.00,null,CLR,   ,   ,   ,null,null,null,null,null,null,null,null,null,null,null,69.80,KUTA 250535Z AUTO 16010KT 10SM CLR 21/17 A2990 RMK AO2,null
GTR,2011-04-25 05:35,-88.5914,33.4503,80.00,68.00,62.60,82.86,180.00,9.00,null,30.00,null,10.00,null,CLR,   ,   ,   ,null,null,null,null,null,null,null,null,null,null,null,68.00,KGTR 250535Z 18009KT 10SM CLR 20/17 A3000 RMK AO1,null
CKM,2011-04-25 05:35,-90.5123,34.2997,52.70,73.40,64.40,73.44,150.00,10.00,null,29.91,null,10.00,null,BKN,BKN,OVC,   ,6000.00,7000.00,9500.00,null,null,null,null,null,null,null,null,73.40,KCKM 250535Z AUTO 15010KT 10SM BKN060 BKN070 OVC095 23/18 A2991 RMK AO1,null
BIX,2011-04-25 05:37,-88.9244,30.4104,10.00,77.00,73.40,88.67,160.00,9.00,null,30.02,1016.70,10.00,null,SCT,BKN,   ,   ,1400.00,2100.00,null,null,null,null,null,null,null,null,null,78.57,KBIX 250537Z AUTO 16009KT 10SM SCT014 BKN021 25/23 A3002 RMK AO2 SLP167,null
GPT,2011-04-25 05:39,-89.0701,30.4073,9.00,77.00,71.60,83.44,160.00,8.00,null,30.01,null,10.00,16.00,FEW,SCT,BKN,   ,1300.00,1800.00,2600.00,null,null,null,null,null,null,null,null,78.32,KGPT 250539Z AUTO 16008G16KT 10SM FEW013 SCT018 BKN026 25/22 A3001 RMK AO2,null
BIX,2011-04-25 05:40,-88.9244,30.4104,10.00,77.00,71.60,83.44,160.00,10.00,null,30.02,1016.60,10.00,null,SCT,SCT,   ,   ,1400.00,2000.00,null,null,null,null,null,null,null,null,null,78.32,KBIX 250540Z AUTO 16010KT 10SM SCT014 SCT020 25/22 A3002 RMK AO2 SLP166,null
BIX,2011-04-25 05:43,-88.9244,30.4104,10.00,77.00,71.60,83.44,170.00,10.00,null,30.01,1016.50,10.00,null,SCT,BKN,   ,   ,1400.00,2000.00,null,null,null,null,null,null,null,null,null,78.32,KBIX 250543Z AUTO 17010KT 10SM SCT014 BKN020 25/22 A3001 RMK AO2 BKN V SCT SLP165,null
HKS,2011-04-25 05:53,-90.2225,32.3348,104.00,71.00,67.00,86.77,150.00,9.00,null,29.97,1013.90,10.00,null,CLR,   ,   ,   ,null,null,null,null,null,null,null,null,null,null,null,71.06,KHKS 250553Z AUTO 15009KT 10SM CLR 22/19 A2997 RMK AO2 SLP139 T02170194 10272 20217 403060211 58002,null
HBG,2011-04-25 05:53,-89.2529,31.2649,46.00,72.00,69.00,90.66,150.00,8.00,null,30.00,1015.60,10.00,null,BKN,   ,   ,   ,800.00,null,null,null,null,null,null,null,null,null,null,73.12,KHBG 250553Z AUTO 15008KT 10SM BKN008 22/21 A3000 RMK AO2 SLP156 T02220206 10267 20217 403110194 58004 TSNO,null
PQL,2011-04-25 05:53,-88.5319,30.4636,5.00,73.00,70.00,90.14,150.00,5.00,null,30.02,1016.70,10.00,null,SCT,SCT,SCT,   ,1800.00,2400.00,3500.00,null,null,null,null,null,null,null,null,74.28,KPQL 250553Z AUTO 15005KT 10SM SCT018 SCT024 SCT035 23/21 A3002 RMK AO2 SLP167 T02280211 10239 20228 402780167 58002,null
GLH,2011-04-25 05:53,-90.9856,33.4829,40.00,73.00,65.00,75.75,170.00,9.00,null,29.91,1013.20,10.00,null,FEW,BKN,BKN,   ,4200.00,6000.00,9000.00,null,null,null,null,null,null,null,null,73.04,KGLH 250553Z AUTO 17009KT 10SM FEW042 BKN060 BKN090 23/18 A2991 RMK AO2 SLP132 T02280183 10250 20217 402780200 50001,null
TUP,2011-04-25 05:53,-88.7711,34.2608,110.00,71.00,63.00,75.57,220.00,7.00,null,29.96,1014.10,10.00,null,CLR,   ,   ,   ,null,null,null,null,null,null,null,null,null,null,null,71.06,KTUP 250553Z AUTO 22007KT 10SM CLR 22/17 A2996 RMK AO2 SLP141 T02170172 10256 20217 402890211 53001,null
GPT,2011-04-25 05:53,-89.0701,30.4073,9.00,77.00,70.00,78.96,150.00,13.00,null,30.00,1015.80,10.00,null,SCT,SCT,BKN,   ,1600.00,2400.00,3100.00,null,null,null,null,null,null,null,null,78.11,KGPT 250553Z AUTO 15013KT 10SM SCT016 SCT024 BKN031 25/21 A3000 RMK AO2 SLP158 60000 T02500211 10256 20244 402830211 58002,null
MCB,2011-04-25 05:53,-90.4700,31.1800,126.00,69.00,67.00,92.83,150.00,5.00,null,29.97,1014.30,10.00,null,CLR,   ,   ,   ,null,null,null,null,null,null,null,null,null,null,null,69.08,KMCB 250553Z AUTO 15005KT 10SM CLR 21/19 A2997 RMK AO2 SLP143 T02060194 10261 20206 403000200 58004,null
GWO,2011-04-25 05:53,-90.0847,33.4943,47.00,71.00,65.00,81.00,180.00,9.00,null,29.94,1013.60,9.00,null,CLR,   ,   ,   ,null,null,null,null,null,null,null,null,null,null,null,71.06,KGWO 250553Z AUTO 18009KT 9SM CLR 22/18 A2994 RMK AO2 SLP136 T02170183 10261 20217 402940211 50002,null
JAN,2011-04-25 05:54,-90.0800,32.3200,101.00,71.00,68.00,90.06,150.00,10.00,null,29.97,1014.20,10.00,null,FEW,   ,   ,   ,1300.00,null,null,null,null,null,null,null,null,null,null,72.10,KJAN 250554Z 15010KT 10SM FEW013 22/20 A2997 RMK AO2 SLP142 T02170200 10272 20217 402940211 57003,null
MYT,2011-04-25 05:55,-89.6150,28.2206,0.00,77.00,71.60,83.44,150.00,22.00,null,29.95,null,1.75,null,CLR,   ,   ,   ,null,null,null,null,HZ,null,null,null,null,null,null,78.32,KMYT 250555Z AUTO 15022KT 1 3/4SM HZ CLR 25/22 A2995 RMK A01,null
GTR,2011-04-25 05:55,-88.5914,33.4503,80.00,68.00,62.60,82.86,170.00,9.00,null,29.99,null,10.00,null,CLR,   ,   ,   ,null,null,null,null,null,null,null,null,null,null,null,68.00,KGTR 250555Z 17009KT 10SM CLR 20/17 A2999 RMK AO1 57003,null
CKM,2011-04-25 05:55,-90.5123,34.2997,52.70,73.40,64.40,73.44,160.00,14.00,null,29.89,null,10.00,null,SCT,BKN,   ,   ,6000.00,10000.00,null,null,null,null,null,null,null,null,null,73.40,KCKM 250555Z AUTO 16014KT 10SM SCT060 BKN100 23/18 A2989 RMK AO1,null
UTA,2011-04-25 05:55,-90.3467,34.6811,59.00,69.80,62.60,77.90,160.00,9.00,null,29.90,null,10.00,null,CLR,   ,   ,   ,null,null,null,null,null,null,null,null,null,null,null,69.80,KUTA 250555Z AUTO 16009KT 10SM CLR 21/17 A2990 RMK AO2,null
CBM,2011-04-25 05:55,-88.4438,33.6438,67.00,70.34,63.00,77.45,180.00,9.00,null,29.98,1015.30,10.00,null,CLR,   ,   ,   ,null,null,null,null,null,null,null,null,null,null,null,70.34,KCBM 250555Z AUTO 18009KT 10SM CLR 21/17 A2998 RMK AO2 SLP153 T02130172 10263 20201 402930196 57004 $,null
PIB,2011-04-25 05:55,-89.3371,31.4671,91.00,71.60,66.20,83.09,150.00,9.00,null,30.01,null,10.00,null,BKN,OVC,   ,   ,900.00,1500.00,null,null,null,null,null,null,null,null,null,71.60,KPIB 250555Z AUTO 15009KT 10SM BKN009 OVC015 22/19 A3001 RMK AO1 10260 20210 57003,null
OLV,2011-04-25 05:55,-89.7869,34.9787,122.50,69.80,66.20,88.34,180.00,9.00,null,29.91,null,10.00,null,CLR,   ,   ,   ,null,null,null,null,null,null,null,null,null,null,null,69.80,KOLV 250555Z AUTO 18009KT 10SM CLR 21/19 A2991 RMK A01 P000,null
MIS,2011-04-25 05:55,-88.8420,29.2960,32.00,82.40,73.40,74.28,210.00,7.00,null,30.00,null,4.00,13.00,CLR,   ,   ,   ,null,null,null,null,HZ,null,null,null,null,null,null,88.26,KMIS 250555Z AUTO 21007G13KT 4SM HZ CLR 28/23 A3000 RMK A01,null
UOX,2011-04-25 05:55,-89.5368,34.3843,137.80,71.60,62.60,73.27,190.00,3.00,null,29.97,null,10.00,null,SCT,   ,   ,   ,7500.00,null,null,null,null,null,null,null,null,null,null,71.60,KUOX 250555Z AUTO 19003KT 10SM SCT075 22/17 A2997 RMK AO2,null
M16,2011-04-25 05:55,-90.4105,32.3045,75.30,71.60,66.20,83.09,140.00,6.00,null,29.95,null,9.00,null,CLR,   ,   ,   ,null,null,null,null,null,null,null,null,null,null,null,71.60,KM16 250555Z AUTO 14006KT 9SM CLR 22/19 A2995 RMK AO2,null
HEZ,2011-04-25 05:55,-91.2973,31.6137,83.00,71.60,64.40,78.04,170.00,6.00,null,29.94,null,10.00,null,SCT,   ,   ,   ,2500.00,null,null,null,null,null,null,null,null,null,null,71.60,KHEZ 250555Z AUTO 17006KT 10SM SCT025 22/18 A2994 RMK AO1 10270 20220 52003,null
CRX,2011-04-25 05:55,-88.6035,34.9150,129.00,71.60,62.60,73.27,180.00,7.00,null,29.95,null,10.00,null,FEW,FEW,SCT,   ,5000.00,6500.00,7500.00,null,null,null,null,null,null,null,null,71.60,KCRX 250555Z AUTO 18007KT 10SM FEW050 FEW065 SCT075 22/17 A2995 RMK AO2,null
BIX,2011-04-25 05:55,-88.9244,30.4104,10.00,76.00,72.00,87.02,160.00,10.00,null,30.01,1016.30,10.00,null,BKN,   ,   ,   ,1600.00,null,null,null,null,null,null,null,null,null,null,77.50,KBIX 250555Z AUTO 16010KT 10SM BKN016 25/22 A3001 RMK AO2 CIG 012V020 SLP163 T02450222 10254 20245 402820233 58003,null
1R7,2011-04-25 05:55,-90.4093,31.6058,149.00,69.80,66.20,88.34,140.00,8.00,null,29.98,null,7.00,null,CLR,   ,   ,   ,null,null,null,null,null,null,null,null,null,null,null,69.80,K1R7 250555Z AUTO 14008KT 7SM CLR 21/19 A2998 RMK AO2,null
NMM,2011-04-25 05:56,-88.5556,32.5521,97.00,68.00,64.00,87.16,null,null,null,30.00,1016.80,10.00,null,CLR,   ,   ,   ,null,null,null,null,null,null,null,null,null,null,null,68.00,KNMM 250556Z AUTO 00000KT 10SM CLR 20/18 A3000 RMK AO2 SLP168 T02000178 10261 20200 402940194 58004,null
MEI,2011-04-25 05:58,-88.7511,32.3347,94.00,69.00,66.00,89.98,180.00,7.00,null,30.01,1015.70,10.00,null,CLR,   ,   ,   ,null,null,null,null,null,null,null,null,null,null,null,69.08,KMEI 250558Z AUTO 18007KT 10SM CLR 21/19 A3001 RMK AO2 SLP157 T02060189 10256 20200 402940189 58003,null
BIX,2011-04-25 06:09,-88.9244,30.4104,10.00,75.20,71.60,88.59,160.00,9.00,null,30.00,1016.00,10.00,null,BKN,BKN,   ,   ,1600.00,2600.00,null,null,null,null,null,null,null,null,null,76.58,KBIX 250609Z AUTO 16009KT 10SM BKN014 BKN019 BKN026 24/22 A3000 RMK AO2 CIG 013V018 SLP160,null
BIX,2011-04-25 06:10,-88.9244,30.4104,10.00,75.20,71.60,88.59,160.00,8.00,null,30.00,1016.00,10.00,null,BKN,BKN,   ,   ,1600.00,2600.00,null,null,null,null,null,null,null,null,null,76.58,KBIX 250610Z AUTO 16008KT 10SM BKN016 BKN026 24/22 A3000 RMK AO2 CIG 012V020 SLP160,null
PIB,2011-04-25 06:15,-89.3371,31.4671,91.00,71.60,66.20,83.09,160.00,10.00,null,30.00,null,10.00,null,BKN,OVC,   ,   ,900.00,1500.00,null,null,null,null,null,null,null,null,null,71.60,KPIB 250615Z AUTO 16010KT 10SM BKN009 OVC015 22/19 A3000 RMK AO1,null
UOX,2011-04-25 06:15,-89.5368,34.3843,137.80,71.60,62.60,73.27,190.00,5.00,null,29.95,null,10.00,null,FEW,   ,   ,   ,8500.00,null,null,null,null,null,null,null,null,null,null,71.60,KUOX 250615Z AUTO 19005KT 10SM FEW085 22/17 A2995 RMK AO2,null
CKM,2011-04-25 06:15,-90.5123,34.2997,52.70,73.40,64.40,73.44,160.00,11.00,null,29.90,null,10.00,16.00,FEW,   ,   ,   ,9000.00,null,null,null,null,null,null,null,null,null,null,73.40,KCKM 250615Z AUTO 16011G16KT 10SM FEW090 23/18 A2990 RMK AO1,null
1R7,2011-04-25 06:15,-90.4093,31.6058,149.00,69.80,66.20,88.34,140.00,5.00,null,29.98,null,6.00,null,CLR,   ,   ,   ,null,null,null,null,BR,null,null,null,null,null,null,69.80,K1R7 250615Z AUTO 14005KT 6SM BR CLR 21/19 A2998 RMK AO2,null
OLV,2011-04-25 06:15,-89.7869,34.9787,122.50,69.80,66.20,88.34,170.00,10.00,null,29.90,null,10.00,null,CLR,   ,   ,   ,null,null,null,null,null,null,null,null,null,null,null,69.80,KOLV 250615Z AUTO 17010KT 10SM CLR 21/19 A2990 RMK A01 P000,null
GTR,2011-04-25 06:15,-88.5914,33.4503,80.00,68.00,62.60,82.86,180.00,8.00,null,29.98,null,10.00,null,CLR,   ,   ,   ,null,null,null,null,null,null,null,null,null,null,null,68.00,KGTR 250615Z 18008KT 10SM CLR 20/17 A2998 RMK AO1,null
UTA,2011-04-25 06:15,-90.3467,34.6811,59.00,71.60,62.60,73.27,170.00,9.00,null,29.90,null,10.00,null,SCT,SCT,   ,   ,6000.00,11000.00,null,null,null,null,null,null,null,null,null,71.60,KUTA 250615Z AUTO 17009KT 10SM SCT060 SCT110 22/17 A2990 RMK AO2,null
GPT,2011-04-25 06:15,-89.0701,30.4073,9.00,75.20,69.80,83.32,150.00,12.00,null,29.99,null,10.00,null,BKN,   ,   ,   ,1600.00,null,null,null,null,null,null,null,null,null,null,76.34,KGPT 250615Z AUTO 15012KT 10SM BKN016 24/21 A2999 RMK AO2,null
MYT,2011-04-25 06:15,-89.6150,28.2206,0.00,77.00,71.60,83.44,150.00,22.00,null,29.95,null,1.75,null,CLR,   ,   ,   ,null,null,null,null,HZ,null,null,null,null,null,null,78.32,KMYT 250615Z AUTO 15022KT 1 3/4SM HZ CLR 25/22 A2995 RMK A01,null
M16,2011-04-25 06:15,-90.4105,32.3045,75.30,71.60,66.20,83.09,150.00,7.00,null,29.95,null,10.00,null,CLR,   ,   ,   ,null,null,null,null,null,null,null,null,null,null,null,71.60,KM16 250615Z AUTO 15007KT 10SM CLR 22/19 A2995 RMK AO2,null
CRX,2011-04-25 06:15,-88.6035,34.9150,129.00,71.60,62.60,73.27,180.00,7.00,null,29.95,null,10.00,null,FEW,   ,   ,   ,8000.00,null,null,null,null,null,null,null,null,null,null,71.60,KCRX 250615Z AUTO 18007KT 10SM FEW080 22/17 A2995 RMK AO2,null
MIS,2011-04-25 06:15,-88.8420,29.2960,32.00,80.60,73.40,78.76,210.00,10.00,null,29.99,null,4.00,null,CLR,   ,   ,   ,null,null,null,null,HZ,null,null,null,null,null,null,85.32,KMIS 250615Z AUTO 21010KT 4SM HZ CLR 27/23 A2999 RMK A01,null
HEZ,2011-04-25 06:15,-91.2973,31.6137,83.00,71.60,66.20,83.09,160.00,7.00,null,29.94,null,10.00,null,BKN,   ,   ,   ,2700.00,null,null,null,null,null,null,null,null,null,null,71.60,KHEZ 250615Z AUTO 16007KT 10SM BKN027 22/19 A2994 RMK AO1,null
MEI,2011-04-25 06:22,-88.7511,32.3347,94.00,69.80,66.20,88.34,170.00,8.00,null,30.00,null,10.00,null,BKN,   ,   ,   ,1000.00,null,null,null,null,null,null,null,null,null,null,69.80,KMEI 250622Z AUTO 17008KT 10SM BKN010 21/19 A3000 RMK AO2,null
GPT,2011-04-25 06:24,-89.0701,30.4073,9.00,75.20,69.80,83.32,150.00,12.00,null,29.98,null,10.00,null,SCT,SCT,   ,   ,1600.00,2900.00,null,null,null,null,null,null,null,null,null,76.34,KGPT 250624Z AUTO 15012KT 10SM SCT016 SCT029 24/21 A2998 RMK AO2,null
BIX,2011-04-25 06:24,-88.9244,30.4104,10.00,75.20,71.60,88.59,170.00,10.00,null,29.99,1015.70,10.00,null,BKN,BKN,BKN,   ,1400.00,1900.00,2600.00,null,null,null,null,null,null,null,null,76.58,KBIX 250624Z AUTO 17010KT 10SM BKN014 BKN019 BKN026 24/22 A2999 RMK AO2 CIG 013V017 BKN014 V SCT SLP157,null
BIX,2011-04-25 06:25,-88.9244,30.4104,10.00,75.20,71.60,88.59,170.00,10.00,null,29.99,1015.70,10.00,null,BKN,BKN,   ,   ,1600.00,2900.00,null,null,null,null,null,null,null,null,null,76.58,KBIX 250625Z AUTO 17010KT 10SM BKN016 BKN029 24/22 A2999 RMK AO2 CIG 013V020 SLP157,null
JAN,2011-04-25 06:26,-90.0800,32.3200,101.00,71.60,68.00,88.43,160.00,7.00,null,29.96,null,10.00,null,BKN,   ,   ,   ,1100.00,null,null,null,null,null,null,null,null,null,null,72.62,KJAN 250626Z 16007KT 10SM BKN011 22/20 A2996 RMK AO2,null
HBG,2011-04-25 06:29,-89.2529,31.2649,46.00,73.40,69.80,88.51,150.00,9.00,null,29.98,null,10.00,null,OVC,   ,   ,   ,1000.00,null,null,null,null,null,null,null,null,null,null,74.60,KHBG 250629Z AUTO 15009KT 10SM OVC010 23/21 A2998 RMK AO2 CIG 007V013 TSNO,null
OLV,2011-04-25 06:35,-89.7869,34.9787,122.50,69.80,66.20,88.34,180.00,11.00,null,29.90,null,10.00,18.00,SCT,   ,   ,   ,10000.00,null,null,null,null,null,null,null,null,null,null,69.80,KOLV 250635Z AUTO 18011G18KT 10SM SCT100 21/19 A2990 RMK A01 P000,null
MYT,2011-04-25 06:35,-89.6150,28.2206,0.00,77.00,71.60,83.44,150.00,21.00,null,29.94,null,2.00,null,CLR,   ,   ,   ,null,null,null,null,HZ,null,null,null,null,null,null,78.32,KMYT 250635Z AUTO 15021KT 2SM HZ CLR 25/22 A2994 RMK A01,null
UOX,2011-04-25 06:35,-89.5368,34.3843,137.80,71.60,62.60,73.27,190.00,4.00,null,29.95,null,10.00,null,CLR,   ,   ,   ,null,null,null,null,null,null,null,null,null,null,null,71.60,KUOX 250635Z AUTO 19004KT 10SM CLR 22/17 A2995 RMK AO2,null
CRX,2011-04-25 06:35,-88.6035,34.9150,129.00,71.60,62.60,73.27,180.00,8.00,null,29.94,null,10.00,null,CLR,   ,   ,   ,null,null,null,null,null,null,null,null,null,null,null,71.60,KCRX 250635Z AUTO 18008KT 10SM CLR 22/17 A2994 RMK AO2,null
CKM,2011-04-25 06:35,-90.5123,34.2997,52.70,73.40,64.40,73.44,170.00,12.00,null,29.90,null,10.00,19.00,BKN,   ,   ,   ,9000.00,null,null,null,null,null,null,null,null,null,null,73.40,KCKM 250635Z AUTO 17012G19KT 10SM BKN090 23/18 A2990 RMK AO1,null
MIS,2011-04-25 06:35,-88.8420,29.2960,32.00,80.60,73.40,78.76,210.00,7.00,null,29.98,null,4.00,13.00,CLR,   ,   ,   ,null,null,null,null,HZ,null,null,null,null,null,null,85.32,KMIS 250635Z AUTO 21007G13KT 180V240 4SM HZ CLR 27/23 A2998 RMK A01,null
PIB,2011-04-25 06:35,-89.3371,31.4671,91.00,71.60,66.20,83.09,150.00,11.00,null,29.99,null,10.00,null,BKN,OVC,   ,   ,900.00,1500.00,null,null,null,null,null,null,null,null,null,71.60,KPIB 250635Z AUTO 15011KT 10SM BKN009 OVC015 22/19 A2999 RMK AO1,null
M16,2011-04-25 06:35,-90.4105,32.3045,75.30,69.80,66.20,88.34,150.00,7.00,null,29.95,null,9.00,15.00,CLR,   ,   ,   ,null,null,null,null,null,null,null,null,null,null,null,69.80,KM16 250635Z AUTO 15007G15KT 9SM CLR 21/19 A2995 RMK AO2,null
UTA,2011-04-25 06:35,-90.3467,34.6811,59.00,71.60,62.60,73.27,170.00,11.00,null,29.90,null,10.00,null,SCT,SCT,   ,   ,6500.00,9500.00,null,null,null,null,null,null,null,null,null,71.60,KUTA 250635Z AUTO 17011KT 10SM SCT065 SCT095 22/17 A2990 RMK AO2,null
HEZ,2011-04-25 06:35,-91.2973,31.6137,83.00,71.60,66.20,83.09,160.00,8.00,null,29.94,null,10.00,null,FEW,SCT,   ,   ,1600.00,2700.00,null,null,null,null,null,null,null,null,null,71.60,KHEZ 250635Z AUTO 16008KT 10SM FEW016 SCT027 22/19 A2994 RMK AO1,null
GTR,2011-04-25 06:35,-88.5914,33.4503,80.00,66.20,62.60,88.18,190.00,7.00,null,29.98,null,10.00,null,CLR,   ,   ,   ,null,null,null,null,null,null,null,null,null,null,null,66.20,KGTR 250635Z 19007KT 10SM CLR 19/17 A2998 RMK AO1,null
1R7,2011-04-25 06:35,-90.4093,31.6058,149.00,69.80,68.00,94.01,140.00,6.00,null,29.98,null,5.00,null,CLR,   ,   ,   ,null,null,null,null,BR,null,null,null,null,null,null,69.80,K1R7 250635Z AUTO 14006KT 5SM BR CLR 21/20 A2998 RMK AO2,null
BIX,2011-04-25 06:36,-88.9244,30.4104,10.00,75.20,71.60,88.59,170.00,10.00,null,29.99,1015.50,10.00,null,SCT,   ,   ,   ,1500.00,null,null,null,null,null,null,null,null,null,null,76.58,KBIX 250636Z AUTO 17010KT 10SM SCT015 24/22 A2999 RMK AO2 SLP155,null
GPT,2011-04-25 06:51,-89.0701,30.4073,9.00,75.20,69.80,83.32,150.00,12.00,null,29.97,null,10.00,null,SCT,BKN,BKN,   ,1600.00,2200.00,2900.00,null,null,null,null,null,null,null,null,76.34,KGPT 250651Z AUTO 15012KT 10SM SCT016 BKN022 BKN029 24/21 A2997 RMK AO2,null
MCB,2011-04-25 06:53,-90.4700,31.1800,126.00,69.00,67.00,92.83,160.00,6.00,null,29.96,1014.10,9.00,null,SCT,   ,   ,   ,1300.00,null,null,null,null,null,null,null,null,null,null,69.08,KMCB 250653Z AUTO 16006KT 9SM SCT013 21/19 A2996 RMK AO2 SLP141 T02060194,null
GPT,2011-04-25 06:53,-89.0701,30.4073,9.00,76.00,70.00,81.85,150.00,11.00,null,29.97,1014.80,10.00,null,SCT,BKN,BKN,   ,1600.00,2200.00,2900.00,null,null,null,null,null,null,null,null,77.06,KGPT 250653Z AUTO 15011KT 10SM SCT016 BKN022 BKN029 24/21 A2997 RMK AO2 SLP148 T02440211,null
HKS,2011-04-25 06:53,-90.2225,32.3348,104.00,71.00,68.00,90.06,160.00,7.00,null,29.96,1013.60,10.00,null,FEW,   ,   ,   ,1100.00,null,null,null,null,null,null,null,null,null,null,72.10,KHKS 250653Z AUTO 16007KT 10SM FEW011 22/20 A2996 RMK AO2 SLP136 T02170200,null
HBG,2011-04-25 06:53,-89.2529,31.2649,46.00,73.00,69.00,87.41,160.00,6.00,null,29.97,1014.70,10.00,null,OVC,   ,   ,   ,1000.00,null,null,null,null,null,null,null,null,null,null,74.15,KHBG 250653Z AUTO 16006KT 10SM OVC010 23/21 A2997 RMK AO2 CIG 007V014 SLP147 T02280206 TSNO,null
GLH,2011-04-25 06:53,-90.9856,33.4829,40.00,72.00,65.00,78.57,180.00,10.00,null,29.90,1013.00,10.00,null,SCT,BKN,OVC,   ,5500.00,7000.00,9500.00,null,null,null,null,null,null,null,null,71.96,KGLH 250653Z AUTO 18010KT 10SM SCT055 BKN070 OVC095 22/18 A2990 RMK AO2 SLP130 T02220183,null
PQL,2011-04-25 06:53,-88.5319,30.4636,5.00,72.00,69.00,90.66,160.00,5.00,null,29.98,1015.40,10.00,null,FEW,   ,   ,   ,1700.00,null,null,null,null,null,null,null,null,null,null,73.12,KPQL 250653Z AUTO 16005KT 10SM FEW017 22/21 A2998 RMK AO2 SLP154 T02220206,null
TUP,2011-04-25 06:53,-88.7711,34.2608,110.00,69.00,63.00,80.86,220.00,4.00,null,29.95,1013.80,10.00,null,CLR,   ,   ,   ,null,null,null,null,null,null,null,null,null,null,null,69.08,KTUP 250653Z AUTO 22004KT 10SM CLR 21/17 A2995 RMK AO2 SLP138 T02060172,null
GWO,2011-04-25 06:53,-90.0847,33.4943,47.00,71.00,66.00,84.10,180.00,9.00,null,29.93,1013.30,8.00,null,BKN,BKN,   ,   ,8000.00,9000.00,null,null,null,null,null,null,null,null,null,71.06,KGWO 250653Z AUTO 18009KT 8SM BKN080 BKN090 22/19 A2993 RMK AO2 SLP133 T02170189,null
PIB,2011-04-25 06:55,-89.3371,31.4671,91.00,71.60,66.20,83.09,160.00,11.00,null,29.98,null,10.00,null,BKN,OVC,   ,   ,900.00,1500.00,null,null,null,null,null,null,null,null,null,71.60,KPIB 250655Z AUTO 16011KT 10SM BKN009 OVC015 22/19 A2998 RMK AO1,null
HEZ,2011-04-25 06:55,-91.2973,31.6137,83.00,71.60,66.20,83.09,160.00,10.00,null,29.92,null,10.00,null,BKN,   ,   ,   ,1600.00,null,null,null,null,null,null,null,null,null,null,71.60,KHEZ 250655Z AUTO 16010KT 10SM BKN016 22/19 A2992 RMK AO1,null
UTA,2011-04-25 06:55,-90.3467,34.6811,59.00,71.60,62.60,73.27,170.00,14.00,null,29.89,null,10.00,17.00,SCT,SCT,   ,   ,6500.00,9500.00,null,null,null,null,null,null,null,null,null,71.60,KUTA 250655Z AUTO 17014G17KT 10SM SCT065 SCT095 22/17 A2989 RMK AO2,null
MIS,2011-04-25 06:55,-88.8420,29.2960,32.00,82.40,73.40,74.28,220.00,9.00,null,29.97,null,4.00,14.00,CLR,   ,   ,   ,null,null,null,null,HZ,null,null,null,null,null,null,88.26,KMIS 250655Z AUTO 22009G14KT 4SM HZ CLR 28/23 A2997 RMK A01,null
M16,2011-04-25 06:55,-90.4105,32.3045,75.30,69.80,68.00,94.01,150.00,6.00,null,29.95,null,8.00,null,CLR,   ,   ,   ,null,null,null,null,null,null,null,null,null,null,null,69.80,KM16 250655Z AUTO 15006KT 8SM CLR 21/20 A2995 RMK AO2,null
CBM,2011-04-25 06:55,-88.4438,33.6438,67.00,69.00,63.00,81.36,190.00,5.00,null,29.97,1015.00,10.00,null,CLR,   ,   ,   ,null,null,null,null,null,null,null,null,null,null,null,68.90,KCBM 250655Z AUTO 19005KT 10SM CLR 21/17 A2997 RMK AO2 SLP150 T02050172 $,null
CRX,2011-04-25 06:55,-88.6035,34.9150,129.00,69.80,62.60,77.90,170.00,8.00,null,29.93,null,10.00,null,CLR,   ,   ,   ,null,null,null,null,null,null,null,null,null,null,null,69.80,KCRX 250655Z AUTO 17008KT 10SM CLR 21/17 A2993 RMK AO2,null
UOX,2011-04-25 06:55,-89.5368,34.3843,137.80,71.60,62.60,73.27,190.00,6.00,null,29.93,null,10.00,null,CLR,   ,   ,   ,null,null,null,null,null,null,null,null,null,null,null,71.60,KUOX 250655Z AUTO 19006KT 10SM CLR 22/17 A2993 RMK AO2,null
1R7,2011-04-25 06:55,-90.4093,31.6058,149.00,69.80,66.20,88.34,140.00,5.00,null,29.98,null,5.00,null,CLR,   ,   ,   ,null,null,null,null,BR,null,null,null,null,null,null,69.80,K1R7 250655Z AUTO 14005KT 5SM BR CLR 21/19 A2998 RMK AO2,null
MYT,2011-04-25 06:55,-89.6150,28.2206,0.00,77.00,71.60,83.44,150.00,21.00,null,29.92,null,1.75,null,CLR,   ,   ,   ,null,null,null,null,HZ,null,null,null,null,null,null,78.32,KMYT 250655Z AUTO 15021KT 1 3/4SM HZ CLR 25/22 A2992 RMK A01,null
GTR,2011-04-25 06:55,-88.5914,33.4503,80.00,68.00,64.40,88.26,190.00,5.00,null,29.98,null,10.00,null,CLR,   ,   ,   ,null,null,null,null,null,null,null,null,null,null,null,68.00,KGTR 250655Z 19005KT 10SM CLR 20/18 A2998 RMK AO1,null
BIX,2011-04-25 06:55,-88.9244,30.4104,10.00,75.74,71.42,86.48,160.00,9.00,null,29.98,1015.30,10.00,null,SCT,   ,   ,   ,1800.00,null,null,null,null,null,null,null,null,null,null,77.08,KBIX 250655Z AUTO 16009KT 10SM SCT018 24/22 A2998 RMK AO2 SLP153 T02430219,null
OLV,2011-04-25 06:55,-89.7869,34.9787,122.50,69.80,66.20,88.34,180.00,14.00,null,29.89,null,10.00,22.00,SCT,   ,   ,   ,10000.00,null,null,null,null,null,null,null,null,null,null,69.80,KOLV 250655Z AUTO 18014G22KT 10SM SCT100 21/19 A2989 RMK A01 P000,null
CKM,2011-04-25 06:55,-90.5123,34.2997,52.70,73.40,64.40,73.44,170.00,14.00,null,29.89,null,10.00,null,FEW,SCT,OVC,   ,4600.00,8000.00,9000.00,null,null,null,null,null,null,null,null,73.40,KCKM 250655Z AUTO 17014KT 10SM FEW046 SCT080 OVC090 23/18 A2989 RMK AO1,null
NMM,2011-04-25 06:56,-88.5556,32.5521,97.00,69.00,65.00,86.66,0.00,4.00,null,29.98,1015.90,9.00,null,CLR,   ,   ,   ,null,null,null,null,null,null,null,null,null,null,null,69.08,KNMM 250656Z AUTO VRB04KT 9SM CLR 21/18 A2998 RMK AO2 SLP159 T02060183,null
MEI,2011-04-25 06:58,-88.7511,32.3347,94.00,70.00,67.00,90.02,180.00,10.00,null,29.98,1014.70,10.00,null,OVC,   ,   ,   ,1000.00,null,null,null,null,null,null,null,null,null,null,69.98,KMEI 250658Z AUTO 18010KT 10SM OVC010 21/19 A2998 RMK AO2 CIG 008V013 SLP147 T02110194,null
BIX,2011-04-25 06:59,-88.9244,30.4104,10.00,75.20,71.60,88.59,170.00,7.00,null,29.98,1015.20,10.00,null,SCT,BKN,   ,   ,1500.00,2100.00,null,null,null,null,null,null,null,null,null,76.58,KBIX 250659Z AUTO 17007KT 10SM SCT015 BKN021 24/22 A2998 RMK AO2 BKN V SCT SLP152,null
MCB,2011-04-25 07:04,-90.4700,31.1800,126.00,69.80,68.00,94.01,160.00,5.00,null,29.96,null,9.00,null,BKN,   ,   ,   ,1500.00,null,null,null,null,null,null,null,null,null,null,69.80,KMCB 250704Z AUTO 16005KT 9SM BKN015 21/20 A2996 RMK AO2,null
JAN,2011-04-25 07:04,-90.0800,32.3200,101.00,71.60,68.00,88.43,160.00,9.00,null,29.95,null,10.00,null,BKN,   ,   ,   ,1500.00,null,null,null,null,null,null,null,null,null,null,72.62,KJAN 250704Z 16009KT 10SM BKN015 22/20 A2995 RMK AO2,null
HKS,2011-04-25 07:13,-90.2225,32.3348,104.00,71.60,68.00,88.43,160.00,10.00,null,29.95,null,10.00,null,BKN,   ,   ,   ,1100.00,null,null,null,null,null,null,null,null,null,null,72.62,KHKS 250713Z AUTO 16010KT 10SM BKN011 22/20 A2995 RMK AO2,null
MIS,2011-04-25 07:15,-88.8420,29.2960,32.00,80.60,73.40,78.76,210.00,7.00,null,29.97,null,4.00,13.00,CLR,   ,   ,   ,null,null,null,null,HZ,null,null,null,null,null,null,85.32,KMIS 250715Z AUTO 21007G13KT 4SM HZ CLR 27/23 A2997 RMK A01,null
HEZ,2011-04-25 07:15,-91.2973,31.6137,83.00,71.60,66.20,83.09,170.00,7.00,null,29.92,null,10.00,null,BKN,BKN,   ,   ,1400.00,2200.00,null,null,null,null,null,null,null,null,null,71.60,KHEZ 250715Z AUTO 17007KT 10SM BKN014 BKN022 22/19 A2992 RMK AO1,null
M16,2011-04-25 07:15,-90.4105,32.3045,75.30,69.80,68.00,94.01,150.00,8.00,null,29.94,null,9.00,null,CLR,   ,   ,   ,null,null,null,null,null,null,null,null,null,null,null,69.80,KM16 250715Z AUTO 15008KT 9SM CLR 21/20 A2994 RMK AO2,null
UOX,2011-04-25 07:15,-89.5368,34.3843,137.80,69.80,62.60,77.90,190.00,6.00,null,29.94,null,10.00,null,CLR,   ,   ,   ,null,null,null,null,null,null,null,null,null,null,null,69.80,KUOX 250715Z AUTO 19006KT 10SM CLR 21/17 A2994 RMK AO2,null
UTA,2011-04-25 07:15,-90.3467,34.6811,59.00,71.60,62.60,73.27,170.00,14.00,null,29.88,null,10.00,null,CLR,   ,   ,   ,null,null,null,null,null,null,null,null,null,null,null,71.60,KUTA 250715Z AUTO 17014KT 10SM CLR 22/17 A2988 RMK AO2 LTG DSNT NW,null
MYT,2011-04-25 07:15,-89.6150,28.2206,0.00,77.00,71.60,83.44,150.00,23.00,null,29.91,null,2.00,null,CLR,   ,   ,   ,null,null,null,null,HZ,null,null,null,null,null,null,78.32,KMYT 250715Z AUTO 15023KT 2SM HZ CLR 25/22 A2991 RMK A01,null
1R7,2011-04-25 07:15,-90.4093,31.6058,149.00,69.80,68.00,94.01,150.00,4.00,null,29.97,null,5.00,null,CLR,   ,   ,   ,null,null,null,null,BR,null,null,null,null,null,null,69.80,K1R7 250715Z AUTO 15004KT 5SM BR CLR 21/20 A2997 RMK AO2,null
CKM,2011-04-25 07:15,-90.5123,34.2997,52.70,73.40,64.40,73.44,170.00,14.00,null,29.89,null,10.00,null,FEW,SCT,BKN,   ,4100.00,4900.00,6000.00,null,null,null,null,null,null,null,null,73.40,KCKM 250715Z AUTO 17014KT 10SM FEW041 SCT049 BKN060 23/18 A2989 RMK AO1,null
GTR,2011-04-25 07:15,-88.5914,33.4503,80.00,64.40,62.60,93.88,180.00,5.00,null,29.97,null,10.00,null,CLR,   ,   ,   ,null,null,null,null,null,null,null,null,null,null,null,64.40,KGTR 250715Z 18005KT 10SM CLR 18/17 A2997 RMK AO1,null
OLV,2011-04-25 07:15,-89.7869,34.9787,122.50,69.80,66.20,88.34,180.00,13.00,null,29.88,null,10.00,null,FEW,   ,   ,   ,10000.00,null,null,null,null,null,null,null,null,null,null,69.80,KOLV 250715Z AUTO 18013KT 10SM FEW100 21/19 A2988 RMK A01 P000,null
PIB,2011-04-25 07:15,-89.3371,31.4671,91.00,71.60,66.20,83.09,170.00,10.00,null,29.98,null,10.00,null,BKN,OVC,   ,   ,900.00,1500.00,null,null,null,null,null,null,null,null,null,71.60,KPIB 250715Z AUTO 17010KT 10SM BKN009 OVC015 22/19 A2998 RMK AO1,null
CRX,2011-04-25 07:15,-88.6035,34.9150,129.00,69.80,62.60,77.90,180.00,7.00,null,29.93,null,10.00,null,CLR,   ,   ,   ,null,null,null,null,null,null,null,null,null,null,null,69.80,KCRX 250715Z AUTO 18007KT 10SM CLR 21/17 A2993 RMK AO2,null
NMM,2011-04-25 07:16,-88.5556,32.5521,97.00,69.80,64.40,82.98,190.00,4.00,null,29.98,null,9.00,null,BKN,   ,   ,   ,1000.00,null,null,null,null,null,null,null,null,null,null,69.80,KNMM 250716Z AUTO 19004KT 9SM BKN010 21/18 A2998 RMK AO2,null
MEI,2011-04-25 07:23,-88.7511,32.3347,94.00,69.80,68.00,94.01,190.00,9.00,null,29.98,null,9.00,null,OVC,   ,   ,   ,800.00,null,null,null,null,null,null,null,null,null,null,69.80,KMEI 250723Z AUTO 19009KT 9SM OVC008 21/20 A2998 RMK AO2 CIG 007V011,null
NMM,2011-04-25 07:27,-88.5556,32.5521,97.00,69.80,66.20,88.34,190.00,6.00,null,29.98,null,9.00,null,OVC,   ,   ,   ,800.00,null,null,null,null,null,null,null,null,null,null,69.80,KNMM 250727Z AUTO 19006KT 9SM OVC008 21/19 A2998 RMK AO2,null
MEI,2011-04-25 07:34,-88.7511,32.3347,94.00,69.80,68.00,94.01,190.00,10.00,null,29.98,null,9.00,null,OVC,   ,   ,   ,1000.00,null,null,null,null,null,null,null,null,null,null,69.80,KMEI 250734Z AUTO 19010KT 9SM OVC010 21/20 A2998 RMK AO2 CIG 007V015,null
GTR,2011-04-25 07:35,-88.5914,33.4503,80.00,64.40,62.60,93.88,160.00,5.00,null,29.97,null,10.00,null,CLR,   ,   ,   ,null,null,null,null,null,null,null,null,null,null,null,64.40,KGTR 250735Z 16005KT 10SM CLR 18/17 A2997 RMK AO1,null
M16,2011-04-25 07:35,-90.4105,32.3045,75.30,69.80,68.00,94.01,150.00,6.00,null,29.94,null,9.00,null,CLR,   ,   ,   ,null,null,null,null,null,null,null,null,null,null,null,69.80,KM16 250735Z AUTO 15006KT 9SM CLR 21/20 A2994 RMK AO2,null
MIS,2011-04-25 07:35,-88.8420,29.2960,32.00,80.60,73.40,78.76,210.00,8.00,null,29.96,null,4.00,14.00,FEW,   ,   ,   ,1100.00,null,null,null,HZ,null,null,null,null,null,null,85.32,KMIS 250735Z AUTO 21008G14KT 4SM HZ FEW011 27/23 A2996 RMK A01,null
CRX,2011-04-25 07:35,-88.6035,34.9150,129.00,69.80,62.60,77.90,190.00,7.00,null,29.92,null,10.00,null,CLR,   ,   ,   ,null,null,null,null,null,null,null,null,null,null,null,69.80,KCRX 250735Z AUTO 19007KT 10SM CLR 21/17 A2992 RMK AO2,null
UTA,2011-04-25 07:35,-90.3467,34.6811,59.00,71.60,62.60,73.27,180.00,13.00,null,29.87,null,10.00,null,SCT,SCT,   ,   ,6500.00,7500.00,null,null,null,null,null,null,null,null,null,71.60,KUTA 250735Z AUTO 18013KT 10SM SCT065 SCT075 22/17 A2987 RMK AO2 LTG DSNT W AND NW,null
UOX,2011-04-25 07:35,-89.5368,34.3843,137.80,69.80,62.60,77.90,190.00,7.00,null,29.93,null,10.00,14.00,CLR,   ,   ,   ,null,null,null,null,null,null,null,null,null,null,null,69.80,KUOX 250735Z AUTO 19007G14KT 10SM CLR 21/17 A2993 RMK AO2,null
MYT,2011-04-25 07:35,-89.6150,28.2206,0.00,77.00,71.60,83.44,150.00,23.00,null,29.91,null,2.00,null,CLR,   ,   ,   ,null,null,null,null,HZ,null,null,null,null,null,null,78.32,KMYT 250735Z AUTO 15023KT 2SM HZ CLR 25/22 A2991 RMK A01,null
CKM,2011-04-25 07:35,-90.5123,34.2997,52.70,71.60,66.20,83.09,170.00,12.00,0.01,29.90,null,10.00,16.00,SCT,BKN,OVC,   ,4000.00,5000.00,10000.00,null,null,null,null,null,null,null,null,71.60,KCKM 250735Z AUTO 17012G16KT 10SM SCT040 BKN050 OVC100 22/19 A2990 RMK AO1 P0001,null
PIB,2011-04-25 07:35,-89.3371,31.4671,91.00,71.60,64.40,78.04,170.00,8.00,null,29.98,null,10.00,null,SCT,OVC,   ,   ,1100.00,1900.00,null,null,null,null,null,null,null,null,null,71.60,KPIB 250735Z AUTO 17008KT 10SM SCT011 OVC019 22/18 A2998 RMK AO1,null
HEZ,2011-04-25 07:35,-91.2973,31.6137,83.00,71.60,66.20,83.09,160.00,9.00,null,29.93,null,10.00,null,BKN,   ,   ,   ,1400.00,null,null,null,null,null,null,null,null,null,null,71.60,KHEZ 250735Z AUTO 16009KT 10SM BKN014 22/19 A2993 RMK AO1,null
1R7,2011-04-25 07:35,-90.4093,31.6058,149.00,69.80,68.00,94.01,140.00,6.00,null,29.97,null,5.00,null,FEW,SCT,   ,   ,600.00,1400.00,null,null,BR,null,null,null,null,null,null,69.80,K1R7 250735Z AUTO 14006KT 5SM BR FEW006 SCT014 21/20 A2997 RMK AO2,null
OLV,2011-04-25 07:35,-89.7869,34.9787,122.50,69.80,66.20,88.34,180.00,12.00,null,29.87,null,10.00,18.00,CLR,   ,   ,   ,null,null,null,null,null,null,null,null,null,null,null,69.80,KOLV 250735Z AUTO 18012G18KT 10SM CLR 21/19 A2987 RMK A01 P000,null
HKS,2011-04-25 07:38,-90.2225,32.3348,104.00,71.60,68.00,88.43,170.00,10.00,null,29.95,null,10.00,15.00,SCT,   ,   ,   ,1300.00,null,null,null,null,null,null,null,null,null,null,72.62,KHKS 250738Z AUTO 17010G15KT 10SM SCT013 22/20 A2995 RMK AO2,null
GWO,2011-04-25 07:53,-90.0847,33.4943,47.00,70.00,66.00,87.26,190.00,8.00,null,29.93,1013.50,8.00,null,SCT,   ,   ,   ,8000.00,null,null,null,null,null,null,null,null,null,null,69.98,KGWO 250753Z AUTO 19008KT 8SM SCT080 21/19 A2993 RMK AO2 SLP135 T02110189,null
HKS,2011-04-25 07:53,-90.2225,32.3348,104.00,71.00,68.00,90.06,170.00,8.00,null,29.95,1013.30,10.00,null,SCT,   ,   ,   ,1500.00,null,null,null,null,null,null,null,null,null,null,72.10,KHKS 250753Z AUTO 17008KT 10SM SCT015 22/20 A2995 RMK AO2 SLP133 T02170200,null
MCB,2011-04-25 07:53,-90.4700,31.1800,126.00,69.00,68.00,96.36,150.00,5.00,null,29.95,1013.50,7.00,null,BKN,BKN,   ,   ,1700.00,2300.00,null,null,null,null,null,null,null,null,null,69.08,KMCB 250753Z AUTO 15005KT 7SM BKN017 BKN023 21/20 A2995 RMK AO2 SLP135 T02060200,null
GPT,2011-04-25 07:53,-89.0701,30.4073,9.00,76.00,70.00,81.85,150.00,10.00,null,29.96,1014.30,10.00,null,BKN,BKN,OVC,   ,1800.00,2600.00,3700.00,null,null,null,null,null,null,null,null,77.06,KGPT 250753Z AUTO 15010KT 10SM BKN018 BKN026 OVC037 24/21 A2996 RMK AO2 SLP143 T02440211,null
PQL,2011-04-25 07:53,-88.5319,30.4636,5.00,71.00,69.00,93.47,160.00,4.00,null,29.96,1014.70,10.00,null,FEW,   ,   ,   ,1800.00,null,null,null,null,null,null,null,null,null,null,72.26,KPQL 250753Z AUTO 16004KT 10SM FEW018 22/21 A2996 RMK AO2 SLP147 T02170206,null
HBG,2011-04-25 07:53,-89.2529,31.2649,46.00,73.00,69.00,87.41,180.00,7.00,null,29.97,1014.50,10.00,null,OVC,   ,   ,   ,1000.00,null,null,null,null,null,null,null,null,null,null,74.15,KHBG 250753Z AUTO 18007KT 10SM OVC010 23/21 A2997 RMK AO2 CIG 009V013 SLP145 T02280206 TSNO,null
TUP,2011-04-25 07:53,-88.7711,34.2608,110.00,69.00,63.00,80.86,230.00,5.00,null,29.94,1013.30,10.00,null,CLR,   ,   ,   ,null,null,null,null,null,null,null,null,null,null,null,69.08,KTUP 250753Z AUTO 23005KT 10SM CLR 21/17 A2994 RMK AO2 SLP133 T02060172,null
GLH,2011-04-25 07:53,-90.9856,33.4829,40.00,71.00,66.00,84.10,180.00,10.00,T,29.91,1013.30,10.00,null,SCT,BKN,OVC,   ,3400.00,6000.00,9500.00,null,-RA,null,null,null,null,null,null,71.06,KGLH 250753Z AUTO 18010KT 10SM -RA SCT034 BKN060 OVC095 22/19 A2991 RMK AO2 RAB52 SLP133 P0000 T02170189,null
JAN,2011-04-25 07:54,-90.0800,32.3200,101.00,72.00,68.00,87.35,160.00,6.00,null,29.95,1013.60,10.00,null,OVC,   ,   ,   ,1700.00,null,null,null,null,null,null,null,null,null,null,72.96,KJAN 250754Z 16006KT 10SM OVC017 22/20 A2995 RMK AO2 SLP136 T02220200,null
BIX,2011-04-25 07:55,-88.9244,30.4104,10.00,75.74,71.42,86.48,170.00,8.00,null,29.96,1014.80,10.00,null,SCT,BKN,BKN,   ,1500.00,2100.00,2800.00,null,null,null,null,null,null,null,null,77.08,KBIX 250755Z AUTO 17008KT 10SM SCT015 BKN021 BKN028 24/22 A2996 RMK AO2 SCT V BKN SLP148 T02430219,null
UOX,2011-04-25 07:55,-89.5368,34.3843,137.80,69.80,62.60,77.90,190.00,6.00,null,29.93,null,10.00,16.00,CLR,   ,   ,   ,null,null,null,null,null,null,null,null,null,null,null,69.80,KUOX 250755Z AUTO 19006G16KT 10SM CLR 21/17 A2993 RMK AO2,null
CBM,2011-04-25 07:55,-88.4438,33.6438,67.00,67.46,63.50,87.13,170.00,6.00,null,29.96,1014.50,10.00,null,CLR,   ,   ,   ,null,null,null,null,null,null,null,null,null,null,null,67.46,KCBM 250755Z AUTO 17006KT 10SM CLR 20/17 A2996 RMK AO2 SLP145 T01970175 $,null
GTR,2011-04-25 07:55,-88.5914,33.4503,80.00,66.20,64.40,93.92,150.00,6.00,null,29.97,null,10.00,null,CLR,   ,   ,   ,null,null,null,null,null,null,null,null,null,null,null,66.20,KGTR 250755Z 15006KT 10SM CLR 19/18 A2997 RMK AO1,null
HEZ,2011-04-25 07:55,-91.2973,31.6137,83.00,71.60,66.20,83.09,170.00,9.00,null,29.92,null,10.00,null,BKN,   ,   ,   ,1400.00,null,null,null,null,null,null,null,null,null,null,71.60,KHEZ 250755Z AUTO 17009KT 10SM BKN014 22/19 A2992 RMK AO1,null
1R7,2011-04-25 07:55,-90.4093,31.6058,149.00,69.80,68.00,94.01,140.00,5.00,null,29.97,null,4.00,null,FEW,SCT,SCT,   ,500.00,1000.00,1700.00,null,BR,null,null,null,null,null,null,69.80,K1R7 250755Z AUTO 14005KT 4SM BR FEW005 SCT010 SCT017 21/20 A2997 RMK AO2,null
PIB,2011-04-25 07:55,-89.3371,31.4671,91.00,71.60,64.40,78.04,160.00,8.00,null,29.98,null,10.00,null,BKN,OVC,   ,   ,1700.00,2300.00,null,null,null,null,null,null,null,null,null,71.60,KPIB 250755Z AUTO 16008KT 10SM BKN017 OVC023 22/18 A2998 RMK AO1,null
M16,2011-04-25 07:55,-90.4105,32.3045,75.30,69.80,68.00,94.01,150.00,6.00,null,29.94,null,8.00,null,FEW,   ,   ,   ,1200.00,null,null,null,null,null,null,null,null,null,null,69.80,KM16 250755Z AUTO 15006KT 8SM FEW012 21/20 A2994 RMK AO2,null
OLV,2011-04-25 07:55,-89.7869,34.9787,122.50,69.80,66.20,88.34,190.00,11.00,null,29.87,null,10.00,17.00,CLR,   ,   ,   ,null,null,null,null,null,null,null,null,null,null,null,69.80,KOLV 250755Z AUTO 19011G17KT 10SM CLR 21/19 A2987 RMK A01 P000,null
CKM,2011-04-25 07:55,-90.5123,34.2997,52.70,71.60,66.20,83.09,180.00,12.00,0.01,29.89,null,10.00,null,BKN,BKN,OVC,   ,4700.00,6000.00,10000.00,null,null,null,null,null,null,null,null,71.60,KCKM 250755Z AUTO 18012KT 10SM BKN047 BKN060 OVC100 22/19 A2989 RMK AO1 P0001,null
CRX,2011-04-25 07:55,-88.6035,34.9150,129.00,69.80,62.60,77.90,190.00,10.00,null,29.92,null,10.00,14.00,CLR,   ,   ,   ,null,null,null,null,null,null,null,null,null,null,null,69.80,KCRX 250755Z AUTO 19010G14KT 10SM CLR 21/17 A2992 RMK AO2 LTG DSNT W AND NW,null
MYT,2011-04-25 07:55,-89.6150,28.2206,0.00,77.00,71.60,83.44,150.00,22.00,null,29.91,null,2.00,null,CLR,   ,   ,   ,null,null,null,null,HZ,null,null,null,null,null,null,78.32,KMYT 250755Z AUTO 15022KT 2SM HZ CLR 25/22 A2991 RMK A01,null
MIS,2011-04-25 07:55,-88.8420,29.2960,32.00,80.60,73.40,78.76,210.00,8.00,null,29.95,null,4.00,15.00,FEW,   ,   ,   ,1100.00,null,null,null,HZ,null,null,null,null,null,null,85.32,KMIS 250755Z AUTO 21008G15KT 4SM HZ FEW011 27/23 A2995 RMK A01,null
UTA,2011-04-25 07:55,-90.3467,34.6811,59.00,71.60,64.40,78.04,180.00,13.00,null,29.88,null,10.00,20.00,SCT,SCT,BKN,   ,1000.00,2500.00,3600.00,null,-TSRA,null,null,null,null,null,null,71.60,KUTA 250755Z AUTO 18013G20KT 10SM -TSRA SCT010 SCT025 BKN036 22/18 A2988 RMK AO2 LTG DSNT NW THRU E,null
NMM,2011-04-25 07:56,-88.5556,32.5521,97.00,70.00,66.00,87.26,0.00,5.00,null,29.98,1015.80,8.00,null,OVC,   ,   ,   ,800.00,null,null,null,null,null,null,null,null,null,null,69.98,KNMM 250756Z AUTO VRB05KT 8SM OVC008 21/19 A2998 RMK AO2 SLP158 T02110189,null
MEI,2011-04-25 07:58,-88.7511,32.3347,94.00,70.00,68.00,93.44,180.00,7.00,null,29.97,1014.60,9.00,null,OVC,   ,   ,   ,1200.00,null,null,null,null,null,null,null,null,null,null,69.98,KMEI 250758Z AUTO 18007KT 9SM OVC012 21/20 A2997 RMK AO2 SLP146 T02110200,null
HKS,2011-04-25 08:02,-90.2225,32.3348,104.00,71.60,68.00,88.43,180.00,7.00,null,29.95,null,10.00,null,BKN,   ,   ,   ,1500.00,null,null,null,null,null,null,null,null,null,null,72.62,KHKS 250802Z AUTO 18007KT 10SM BKN015 22/20 A2995 RMK AO2,null
1R7,2011-04-25 08:15,-90.4093,31.6058,149.00,69.80,68.00,94.01,140.00,6.00,null,29.97,null,4.00,null,BKN,   ,   ,   ,600.00,null,null,null,BR,null,null,null,null,null,null,69.80,K1R7 250815Z AUTO 14006KT 4SM BR BKN006 21/20 A2997 RMK AO2,null
CKM,2011-04-25 08:15,-90.5123,34.2997,52.70,69.80,66.20,88.34,170.00,13.00,0.05,29.90,null,4.00,18.00,FEW,SCT,BKN,   ,500.00,4200.00,4900.00,null,null,null,null,null,null,null,null,69.80,KCKM 250815Z AUTO 17013G18KT 4SM FEW005 SCT042 BKN049 21/19 A2990 RMK AO1 P0005,null
CRX,2011-04-25 08:15,-88.6035,34.9150,129.00,69.80,62.60,77.90,200.00,11.00,null,29.92,null,10.00,15.00,CLR,   ,   ,   ,null,null,null,null,null,null,null,null,null,null,null,69.80,KCRX 250815Z AUTO 20011G15KT 10SM CLR 21/17 A2992 RMK AO2 LTG DSNT W,null
MIS,2011-04-25 08:15,-88.8420,29.2960,32.00,82.40,73.40,74.28,210.00,11.00,null,29.95,null,3.00,null,CLR,   ,   ,   ,null,null,null,null,HZ,null,null,null,null,null,null,88.26,KMIS 250815Z AUTO 21011KT 3SM HZ CLR 28/23 A2995 RMK A01,null
M16,2011-04-25 08:15,-90.4105,32.3045,75.30,71.60,68.00,88.43,170.00,5.00,null,29.95,null,9.00,null,BKN,   ,   ,   ,1200.00,null,null,null,null,null,null,null,null,null,null,72.62,KM16 250815Z AUTO 17005KT 9SM BKN012 22/20 A2995 RMK AO2,null
OLV,2011-04-25 08:15,-89.7869,34.9787,122.50,69.80,66.20,88.34,180.00,12.00,null,29.87,null,9.00,null,CLR,   ,   ,   ,null,null,null,null,null,null,null,null,null,null,null,69.80,KOLV 250815Z AUTO 18012KT 9SM CLR 21/19 A2987 RMK A01 P000,null
PIB,2011-04-25 08:15,-89.3371,31.4671,91.00,71.60,64.40,78.04,170.00,6.00,null,29.98,null,10.00,null,FEW,OVC,   ,   ,1300.00,2100.00,null,null,null,null,null,null,null,null,null,71.60,KPIB 250815Z AUTO 17006KT 10SM FEW013 OVC021 22/18 A2998 RMK AO1,null
UTA,2011-04-25 08:15,-90.3467,34.6811,59.00,71.60,64.40,78.04,190.00,14.00,null,29.87,null,10.00,20.00,SCT,BKN,   ,   ,3600.00,4600.00,null,null,VCTS,null,null,null,null,null,null,71.60,KUTA 250815Z AUTO 19014G20KT 10SM VCTS SCT036 BKN046 22/18 A2987 RMK AO2 LTG DSNT NW THRU E,null
GTR,2011-04-25 08:15,-88.5914,33.4503,80.00,64.40,62.60,93.88,160.00,6.00,null,29.96,null,10.00,null,CLR,   ,   ,   ,null,null,null,null,null,null,null,null,null,null,null,64.40,KGTR 250815Z 16006KT 10SM CLR 18/17 A2996 RMK AO1,null
HEZ,2011-04-25 08:15,-91.2973,31.6137,83.00,71.60,66.20,83.09,180.00,6.00,null,29.92,null,10.00,null,BKN,OVC,   ,   ,1400.00,2300.00,null,null,null,null,null,null,null,null,null,71.60,KHEZ 250815Z AUTO 18006KT 10SM BKN014 OVC023 22/19 A2992 RMK AO1,null
UOX,2011-04-25 08:15,-89.5368,34.3843,137.80,68.00,62.60,82.86,200.00,6.00,null,29.93,null,10.00,null,CLR,   ,   ,   ,null,null,null,null,null,null,null,null,null,null,null,68.00,KUOX 250815Z AUTO 20006KT 10SM CLR 20/17 A2993 RMK AO2 LTG DSNT NW,null
MYT,2011-04-25 08:15,-89.6150,28.2206,0.00,77.00,71.60,83.44,150.00,22.00,null,29.90,null,2.00,null,CLR,   ,   ,   ,null,null,null,null,HZ,null,null,null,null,null,null,78.32,KMYT 250815Z AUTO 15022KT 2SM HZ CLR 25/22 A2990 RMK A01,null
GPT,2011-04-25 08:18,-89.0701,30.4073,9.00,75.20,69.80,83.32,150.00,11.00,null,29.95,null,10.00,18.00,FEW,SCT,BKN,   ,1500.00,2000.00,3500.00,null,null,null,null,null,null,null,null,76.34,KGPT 250818Z AUTO 15011G18KT 10SM FEW015 SCT020 BKN035 24/21 A2995 RMK AO2,null
NMM,2011-04-25 08:18,-88.5556,32.5521,97.00,69.80,66.20,88.34,0.00,3.00,null,29.98,null,9.00,null,OVC,   ,   ,   ,1000.00,null,null,null,null,null,null,null,null,null,null,69.80,KNMM 250818Z AUTO VRB03KT 9SM OVC010 21/19 A2998 RMK AO2,null
MEI,2011-04-25 08:25,-88.7511,32.3347,94.00,69.80,66.20,88.34,190.00,7.00,null,29.98,null,9.00,null,SCT,OVC,   ,   ,1200.00,1900.00,null,null,null,null,null,null,null,null,null,69.80,KMEI 250825Z AUTO 19007KT 9SM SCT012 OVC019 21/19 A2998 RMK AO2,null
BIX,2011-04-25 08:26,-88.9244,30.4104,10.00,75.20,71.60,88.59,170.00,8.00,null,29.96,1014.60,10.00,null,SCT,SCT,   ,   ,1800.00,2700.00,null,null,null,null,null,null,null,null,null,76.58,KBIX 250826Z AUTO 17008KT 10SM SCT018 SCT027 24/22 A2996 RMK AO2 SCT027 V BKN SLP146,null
MCB,2011-04-25 08:33,-90.4700,31.1800,126.00,69.80,68.00,94.01,150.00,4.00,null,29.95,null,6.00,null,FEW,SCT,BKN,   ,400.00,1300.00,2000.00,null,BR,null,null,null,null,null,null,69.80,KMCB 250833Z AUTO 15004KT 6SM BR FEW004 SCT013 BKN020 21/20 A2995 RMK AO2,null
UTA,2011-04-25 08:35,-90.3467,34.6811,59.00,69.80,64.40,82.98,180.00,16.00,null,29.87,null,10.00,22.00,SCT,SCT,BKN,   ,400.00,1000.00,2200.00,null,-RA,null,null,null,null,null,null,69.80,KUTA 250835Z AUTO 18016G22KT 10SM -RA SCT004 SCT010 BKN022 21/18 A2987 RMK AO2 LTG DSNT W THRU E,null
1R7,2011-04-25 08:35,-90.4093,31.6058,149.00,69.80,69.80,100.00,150.00,8.00,null,29.97,null,5.00,null,OVC,   ,   ,   ,600.00,null,null,null,BR,null,null,null,null,null,null,69.80,K1R7 250835Z AUTO 15008KT 5SM BR OVC006 21/21 A2997 RMK AO2,null
CKM,2011-04-25 08:35,-90.5123,34.2997,52.70,69.80,66.20,88.34,170.00,13.00,0.08,29.89,null,4.00,18.00,FEW,SCT,BKN,   ,500.00,3500.00,5000.00,null,null,null,null,null,null,null,null,69.80,KCKM 250835Z AUTO 17013G18KT 4SM FEW005 SCT035 BKN050 21/19 A2989 RMK AO1 P0008,null
CRX,2011-04-25 08:35,-88.6035,34.9150,129.00,69.80,62.60,77.90,200.00,9.00,null,29.92,null,10.00,null,CLR,   ,   ,   ,null,null,null,null,null,null,null,null,null,null,null,69.80,KCRX 250835Z AUTO 20009KT 10SM CLR 21/17 A2992 RMK AO2,null
MIS,2011-04-25 08:35,-88.8420,29.2960,32.00,80.60,73.40,78.76,220.00,11.00,null,29.94,null,3.00,null,FEW,   ,   ,   ,1200.00,null,null,null,HZ,null,null,null,null,null,null,85.32,KMIS 250835Z AUTO 22011KT 3SM HZ FEW012 27/23 A2994 RMK A01,null
M16,2011-04-25 08:35,-90.4105,32.3045,75.30,71.60,68.00,88.43,150.00,9.00,null,29.94,null,9.00,null,OVC,   ,   ,   ,1200.00,null,null,null,null,null,null,null,null,null,null,72.62,KM16 250835Z AUTO 15009KT 9SM OVC012 22/20 A2994 RMK AO2,null
UOX,2011-04-25 08:35,-89.5368,34.3843,137.80,68.00,62.60,82.86,200.00,8.00,null,29.93,null,10.00,18.00,FEW,   ,   ,   ,6000.00,null,null,null,null,null,null,null,null,null,null,68.00,KUOX 250835Z AUTO 20008G18KT 020V020 10SM FEW060 20/17 A2993 RMK AO2 LTG DSNT NW,null
OLV,2011-04-25 08:35,-89.7869,34.9787,122.50,69.80,69.80,100.00,180.00,17.00,null,29.88,null,1.75,21.00,SCT,BKN,OVC,   ,800.00,3000.00,11000.00,null,null,null,null,null,null,null,null,69.80,KOLV 250835Z AUTO 18017G21KT 1 3/4SM SCT008 BKN030 OVC110 21/21 A2988 RMK A01 P007,null
BIX,2011-04-25 08:39,-88.9244,30.4104,10.00,75.20,71.60,88.59,160.00,7.00,null,29.96,1014.60,10.00,null,SCT,BKN,   ,   ,1400.00,2300.00,null,null,null,null,null,null,null,null,null,76.58,KBIX 250839Z AUTO 16007KT 120V190 10SM SCT014 BKN023 24/22 A2996 RMK AO2 CIG 019V026 SLP146,null
GPT,2011-04-25 08:46,-89.0701,30.4073,9.00,75.20,69.80,83.32,150.00,7.00,null,29.95,null,10.00,null,FEW,SCT,BKN,   ,1500.00,2200.00,2800.00,null,null,null,null,null,null,null,null,76.34,KGPT 250846Z AUTO 15007KT 10SM FEW015 SCT022 BKN028 24/21 A2995 RMK AO2,null
BIX,2011-04-25 08:47,-88.9244,30.4104,10.00,75.20,71.60,88.59,160.00,7.00,null,29.96,1014.60,10.00,null,SCT,SCT,   ,   ,1500.00,2100.00,null,null,null,null,null,null,null,null,null,76.58,KBIX 250847Z AUTO 16007KT 10SM SCT015 SCT021 24/22 A2996 RMK AO2 SLP146,null
GPT,2011-04-25 08:53,-89.0701,30.4073,9.00,76.00,70.00,81.85,150.00,9.00,null,29.95,1014.10,10.00,null,FEW,BKN,BKN,   ,1500.00,2200.00,2800.00,null,null,null,null,null,null,null,null,77.06,KGPT 250853Z AUTO 15009KT 10SM FEW015 BKN022 BKN028 24/21 A2995 RMK AO2 SLP141 T02440211 58007,null
HKS,2011-04-25 08:53,-90.2225,32.3348,104.00,71.00,68.00,90.06,180.00,8.00,null,29.95,1013.40,10.00,null,BKN,OVC,   ,   ,1700.00,8500.00,null,null,null,null,null,null,null,null,null,72.10,KHKS 250853Z AUTO 18008KT 10SM BKN017 OVC085 22/20 A2995 RMK AO2 SLP134 T02170200 55005,null
HBG,2011-04-25 08:53,-89.2529,31.2649,46.00,73.00,69.00,87.41,160.00,7.00,null,29.97,1014.50,10.00,null,OVC,   ,   ,   ,1000.00,null,null,null,null,null,null,null,null,null,null,74.15,KHBG 250853Z AUTO 16007KT 10SM OVC010 23/21 A2997 RMK AO2 CIG 008V015 SLP145 T02280206 56011 TSNO,null
PQL,2011-04-25 08:53,-88.5319,30.4636,5.00,69.00,68.00,96.36,null,null,null,29.96,1014.70,7.00,null,CLR,   ,   ,   ,null,null,null,null,null,null,null,null,null,null,null,69.08,KPQL 250853Z AUTO 00000KT 7SM CLR 21/20 A2996 RMK AO2 SLP147 T02060200 55020,null
MCB,2011-04-25 08:53,-90.4700,31.1800,126.00,69.00,68.00,96.36,140.00,5.00,null,29.94,1013.20,5.00,null,SCT,OVC,   ,   ,400.00,1500.00,null,null,BR,null,null,null,null,null,null,69.08,KMCB 250853Z AUTO 14005KT 5SM BR SCT004 OVC015 21/20 A2994 RMK AO2 SLP132 T02060200 58009,null
GWO,2011-04-25 08:53,-90.0847,33.4943,47.00,70.00,67.00,90.02,180.00,9.00,null,29.94,1013.50,7.00,null,SCT,   ,   ,   ,10000.00,null,null,null,null,null,null,null,null,null,null,69.98,KGWO 250853Z AUTO 18009KT 7SM SCT100 21/19 A2994 RMK AO2 SLP135 T02110194 55001,null
GLH,2011-04-25 08:53,-90.9856,33.4829,40.00,70.00,66.00,87.26,170.00,7.00,T,29.90,1012.90,10.00,null,BKN,   ,   ,   ,11000.00,null,null,null,null,null,null,null,null,null,null,69.98,KGLH 250853Z AUTO 17007KT 10SM BKN110 21/19 A2990 RMK AO2 RAE01 SLP129 P0000 60000 T02110189 58003,null
TUP,2011-04-25 08:53,-88.7711,34.2608,110.00,67.00,63.00,87.10,210.00,6.00,null,29.94,1013.40,10.00,null,SCT,   ,   ,   ,9000.00,null,null,null,null,null,null,null,null,null,null,66.92,KTUP 250853Z AUTO 21006KT 10SM SCT090 19/17 A2994 RMK AO2 SLP134 T01940172 56008,null
JAN,2011-04-25 08:54,-90.0800,32.3200,101.00,72.00,68.00,87.35,160.00,6.00,null,29.95,1013.60,10.00,null,OVC,   ,   ,   ,1900.00,null,null,null,null,null,null,null,null,null,null,72.96,KJAN 250854Z 16006KT 10SM OVC019 22/20 A2995 RMK AO2 SLP136 T02220200 55006,null
CRX,2011-04-25 08:55,-88.6035,34.9150,129.00,69.80,62.60,77.90,200.00,9.00,null,29.92,null,10.00,15.00,CLR,   ,   ,   ,null,null,null,null,null,null,null,null,null,null,null,69.80,KCRX 250855Z AUTO 20009G15KT 10SM CLR 21/17 A2992 RMK AO2,null
UTA,2011-04-25 08:55,-90.3467,34.6811,59.00,69.80,64.40,82.98,190.00,15.00,null,29.88,null,10.00,21.00,SCT,SCT,SCT,   ,800.00,2400.00,3900.00,null,null,null,null,null,null,null,null,69.80,KUTA 250855Z AUTO 19015G21KT 10SM SCT008 SCT024 SCT039 21/18 A2988 RMK AO2 LTG DSNT W THRU NE,null
PIB,2011-04-25 08:55,-89.3371,31.4671,91.00,71.60,64.40,78.04,170.00,5.00,null,29.98,null,10.00,null,SCT,OVC,   ,   ,1500.00,2000.00,null,null,null,null,null,null,null,null,null,71.60,KPIB 250855Z AUTO 17005KT 10SM SCT015 OVC020 22/18 A2998 RMK AO1 57010,null
1R7,2011-04-25 08:55,-90.4093,31.6058,149.00,69.80,69.80,100.00,140.00,7.00,null,29.96,null,5.00,null,OVC,   ,   ,   ,600.00,null,null,null,BR,null,null,null,null,null,null,69.80,K1R7 250855Z AUTO 14007KT 5SM BR OVC006 21/21 A2996 RMK AO2,null
MYT,2011-04-25 08:55,-89.6150,28.2206,0.00,77.00,71.60,83.44,150.00,22.00,null,29.89,null,2.00,null,CLR,   ,   ,   ,null,null,null,null,HZ,null,null,null,null,null,null,78.32,KMYT 250855Z AUTO 15022KT 2SM HZ CLR 25/22 A2989 RMK A01,null
M16,2011-04-25 08:55,-90.4105,32.3045,75.30,71.60,68.00,88.43,170.00,6.00,null,29.95,null,9.00,null,BKN,   ,   ,   ,1400.00,null,null,null,null,null,null,null,null,null,null,72.62,KM16 250855Z AUTO 17006KT 9SM BKN014 22/20 A2995 RMK AO2,null
OLV,2011-04-25 08:55,-89.7869,34.9787,122.50,68.00,68.00,100.00,180.00,9.00,null,29.88,null,8.00,null,FEW,BKN,OVC,   ,600.00,2600.00,4900.00,null,null,null,null,null,null,null,null,68.00,KOLV 250855Z AUTO 18009KT 8SM FEW006 BKN026 OVC049 20/20 A2988 RMK A01 P012,null
MIS,2011-04-25 08:55,-88.8420,29.2960,32.00,82.40,73.40,74.28,220.00,10.00,null,29.94,null,3.00,null,FEW,   ,   ,   ,1200.00,null,null,null,HZ,null,null,null,null,null,null,88.26,KMIS 250855Z AUTO 22010KT 3SM HZ FEW012 28/23 A2994 RMK A01,null
UOX,2011-04-25 08:55,-89.5368,34.3843,137.80,68.00,62.60,82.86,200.00,5.00,null,29.93,null,10.00,16.00,CLR,   ,   ,   ,null,null,null,null,null,null,null,null,null,null,null,68.00,KUOX 250855Z AUTO 20005G16KT 10SM CLR 20/17 A2993 RMK AO2 LTG DSNT N,null
BIX,2011-04-25 08:55,-88.9244,30.4104,10.00,75.38,70.88,85.93,170.00,7.00,null,29.96,1014.70,10.00,null,SCT,SCT,   ,   ,1500.00,2000.00,null,null,null,null,null,null,null,null,null,76.66,KBIX 250855Z AUTO 17007KT 10SM SCT015 SCT020 24/22 A2996 RMK AO2 SLP147 T02410216 56015,null
CBM,2011-04-25 08:55,-88.4438,33.6438,67.00,63.86,62.42,95.07,150.00,5.00,null,29.96,1014.60,10.00,null,CLR,   ,   ,   ,null,null,null,null,null,null,null,null,null,null,null,63.86,KCBM 250855Z AUTO 15005KT 10SM CLR 18/17 A2996 RMK AO2 SLP146 T01770169 55007 $,null
GTR,2011-04-25 08:55,-88.5914,33.4503,80.00,64.40,64.40,100.00,180.00,6.00,null,29.97,null,10.00,null,BKN,   ,   ,   ,1100.00,null,null,null,null,null,null,null,null,null,null,64.40,KGTR 250855Z 18006KT 10SM BKN011 18/18 A2997 RMK AO1 57007,null
HEZ,2011-04-25 08:55,-91.2973,31.6137,83.00,71.60,66.20,83.09,190.00,8.00,null,29.93,null,10.00,null,BKN,BKN,OVC,   ,1400.00,2000.00,2500.00,null,null,null,null,null,null,null,null,71.60,KHEZ 250855Z AUTO 19008KT 10SM BKN014 BKN020 OVC025 22/19 A2993 RMK AO1 57003,null
NMM,2011-04-25 08:56,-88.5556,32.5521,97.00,71.00,65.00,81.00,null,null,null,29.99,1016.00,10.00,null,OVC,   ,   ,   ,1400.00,null,null,null,null,null,null,null,null,null,null,71.06,KNMM 250856Z AUTO 00000KT 10SM OVC014 22/18 A2999 RMK AO2 SLP160 T02170183 55006,null
BIX,2011-04-25 08:57,-88.9244,30.4104,10.00,75.20,71.60,88.59,160.00,6.00,null,29.96,1014.70,10.00,null,SCT,BKN,   ,   ,1500.00,2000.00,null,null,null,null,null,null,null,null,null,76.58,KBIX 250857Z AUTO 16006KT 10SM SCT015 BKN020 24/22 A2996 RMK AO2 SLP147,null
MEI,2011-04-25 08:58,-88.7511,32.3347,94.00,70.00,67.00,90.02,190.00,6.00,null,29.99,1015.00,8.00,null,OVC,   ,   ,   ,2100.00,null,null,null,null,null,null,null,null,null,null,69.98,KMEI 250858Z AUTO 19006KT 8SM OVC021 21/19 A2999 RMK AO2 SLP150 T02110194 55007,null
MCB,2011-04-25 09:04,-90.4700,31.1800,126.00,69.80,68.00,94.01,130.00,4.00,null,29.94,null,5.00,null,BKN,BKN,   ,   ,400.00,1500.00,null,null,BR,null,null,null,null,null,null,69.80,KMCB 250904Z AUTO 13004KT 5SM BR BKN004 BKN015 21/20 A2994 RMK AO2,null
NMM,2011-04-25 09:06,-88.5556,32.5521,97.00,69.80,64.40,82.98,null,null,null,29.99,null,10.00,null,OVC,   ,   ,   ,1600.00,null,null,null,null,null,null,null,null,null,null,69.80,KNMM 250906Z AUTO 00000KT 10SM OVC016 21/18 A2999 RMK AO2,null
BIX,2011-04-25 09:10,-88.9244,30.4104,10.00,75.20,71.60,88.59,180.00,7.00,null,29.96,1014.80,10.00,null,SCT,   ,   ,   ,1700.00,null,null,null,null,null,null,null,null,null,null,76.58,KBIX 250910Z AUTO 18007KT 10SM SCT017 24/22 A2996 RMK AO2 SLP148,null
CBM,2011-04-25 09:13,-88.4438,33.6438,67.00,64.40,64.40,100.00,230.00,4.00,null,29.98,1015.10,10.00,null,BKN,   ,   ,   ,1300.00,null,null,null,null,null,null,null,null,null,null,64.40,KCBM 250913Z AUTO 23004KT 10SM BKN013 18/18 A2998 RMK AO2 BKN V SCT SLP151 $,null
UOX,2011-04-25 09:15,-89.5368,34.3843,137.80,68.00,64.40,88.26,190.00,8.00,null,29.93,null,10.00,null,CLR,   ,   ,   ,null,null,null,null,null,null,null,null,null,null,null,68.00,KUOX 250915Z AUTO 19008KT 10SM CLR 20/18 A2993 RMK AO2 LTG DSNT W-N,null
MIS,2011-04-25 09:15,-88.8420,29.2960,32.00,80.60,73.40,78.76,220.00,10.00,null,29.94,null,3.00,null,CLR,   ,   ,   ,null,null,null,null,HZ,null,null,null,null,null,null,85.32,KMIS 250915Z AUTO 22010KT 3SM HZ CLR 27/23 A2994 RMK A01,null
CRX,2011-04-25 09:15,-88.6035,34.9150,129.00,68.00,62.60,82.86,190.00,11.00,null,29.92,null,10.00,15.00,CLR,   ,   ,   ,null,null,null,null,null,null,null,null,null,null,null,68.00,KCRX 250915Z AUTO 19011G15KT 10SM CLR 20/17 A2992 RMK AO2 LTG DSNT NW,null
1R7,2011-04-25 09:15,-90.4093,31.6058,149.00,69.80,69.80,100.00,150.00,7.00,null,29.96,null,5.00,null,OVC,   ,   ,   ,600.00,null,null,null,BR,null,null,null,null,null,null,69.80,K1R7 250915Z AUTO 15007KT 5SM BR OVC006 21/21 A2996 RMK AO2,null
UTA,2011-04-25 09:15,-90.3467,34.6811,59.00,69.80,64.40,82.98,190.00,15.00,null,29.88,null,10.00,19.00,SCT,SCT,BKN,   ,3100.00,3900.00,5000.00,null,null,null,null,null,null,null,null,69.80,KUTA 250915Z AUTO 19015G19KT 10SM SCT031 SCT039 BKN050 21/18 A2988 RMK AO2 LTG DSNT W THRU NE,null
MYT,2011-04-25 09:15,-89.6150,28.2206,0.00,77.00,71.60,83.44,150.00,22.00,null,29.90,null,2.00,null,CLR,   ,   ,   ,null,null,null,null,HZ,null,null,null,null,null,null,78.32,KMYT 250915Z AUTO 15022KT 2SM HZ CLR 25/22 A2990 RMK A01,null
M16,2011-04-25 09:15,-90.4105,32.3045,75.30,71.60,68.00,88.43,160.00,4.00,null,29.95,null,9.00,null,BKN,   ,   ,   ,1400.00,null,null,null,null,null,null,null,null,null,null,72.62,KM16 250915Z AUTO 16004KT 9SM BKN014 22/20 A2995 RMK AO2,null
OLV,2011-04-25 09:15,-89.7869,34.9787,122.50,68.00,68.00,100.00,190.00,15.00,null,29.87,null,3.00,20.00,FEW,BKN,OVC,   ,800.00,3200.00,11000.00,null,null,null,null,null,null,null,null,68.00,KOLV 250915Z AUTO 19015G20KT 3SM FEW008 BKN032 OVC110 20/20 A2987 RMK A01 P003,null
PIB,2011-04-25 09:15,-89.3371,31.4671,91.00,71.60,64.40,78.04,170.00,5.00,null,29.98,null,10.00,null,SCT,OVC,   ,   ,1300.00,2100.00,null,null,null,null,null,null,null,null,null,71.60,KPIB 250915Z AUTO 17005KT 10SM SCT013 OVC021 22/18 A2998 RMK AO1,null
GTR,2011-04-25 09:15,-88.5914,33.4503,80.00,66.20,64.40,93.92,180.00,6.00,null,29.98,null,10.00,null,BKN,   ,   ,   ,1100.00,null,null,null,null,null,null,null,null,null,null,66.20,KGTR 250915Z 18006KT 10SM BKN011 19/18 A2998 RMK AO1,null
HEZ,2011-04-25 09:15,-91.2973,31.6137,83.00,71.60,66.20,83.09,180.00,9.00,null,29.93,null,10.00,null,BKN,OVC,   ,   ,1200.00,2300.00,null,null,null,null,null,null,null,null,null,71.60,KHEZ 250915Z AUTO 18009KT 10SM BKN012 OVC023 22/19 A2993 RMK AO1,null
CKM,2011-04-25 09:15,-90.5123,34.2997,52.70,71.60,66.20,83.09,180.00,10.00,null,29.89,null,10.00,null,CLR,   ,   ,   ,null,null,null,null,null,null,null,null,null,null,null,71.60,KCKM 250915Z AUTO 18010KT 10SM CLR 22/19 A2989 RMK AO1,null
BIX,2011-04-25 09:33,-88.9244,30.4104,10.00,75.20,71.60,88.59,160.00,6.00,null,29.96,1014.80,10.00,null,SCT,BKN,   ,   ,1300.00,2000.00,null,null,null,null,null,null,null,null,null,76.58,KBIX 250933Z AUTO 16006KT 10SM SCT013 BKN020 24/22 A2996 RMK AO2 CIG 019V023 SLP148,null
OLV,2011-04-25 09:35,-89.7869,34.9787,122.50,66.20,66.20,100.00,190.00,11.00,null,29.87,null,9.00,18.00,FEW,SCT,BKN,   ,2700.00,6000.00,11000.00,null,null,null,null,null,null,null,null,66.20,KOLV 250935Z AUTO 19011G18KT 9SM FEW027 SCT060 BKN110 19/19 A2987 RMK A01 P003,null
GTR,2011-04-25 09:35,-88.5914,33.4503,80.00,64.40,64.40,100.00,180.00,4.00,null,29.98,null,10.00,null,FEW,   ,   ,   ,1300.00,null,null,null,null,null,null,null,null,null,null,64.40,KGTR 250935Z 18004KT 10SM FEW013 18/18 A2998 RMK AO1,null
MYT,2011-04-25 09:35,-89.6150,28.2206,0.00,77.00,71.60,83.44,160.00,18.00,null,29.90,null,2.00,null,CLR,   ,   ,   ,null,null,null,null,HZ,null,null,null,null,null,null,78.32,KMYT 250935Z AUTO 16018KT 2SM HZ CLR 25/22 A2990 RMK A01,null
HKS,2011-04-25 09:35,-90.2225,32.3348,104.00,71.60,66.20,83.09,170.00,8.00,null,29.96,null,10.00,null,FEW,BKN,   ,   ,2100.00,9000.00,null,null,null,null,null,null,null,null,null,71.60,KHKS 250935Z AUTO 17008KT 10SM FEW021 BKN090 22/19 A2996 RMK AO2,null
M16,2011-04-25 09:35,-90.4105,32.3045,75.30,71.60,68.00,88.43,null,null,null,29.95,null,9.00,null,BKN,   ,   ,   ,1400.00,null,null,null,null,null,null,null,null,null,null,71.60,KM16 250935Z AUTO 00000KT 9SM BKN014 22/20 A2995 RMK AO2,null
UTA,2011-04-25 09:35,-90.3467,34.6811,59.00,69.80,64.40,82.98,190.00,14.00,null,29.88,null,10.00,null,SCT,BKN,   ,   ,2500.00,4800.00,null,null,VCTS,null,null,null,null,null,null,69.80,KUTA 250935Z AUTO 19014KT 10SM VCTS SCT025 BKN048 21/18 A2988 RMK AO2 LTG DSNT W THRU NE,null
PIB,2011-04-25 09:35,-89.3371,31.4671,91.00,71.60,64.40,78.04,150.00,4.00,null,29.98,null,10.00,null,SCT,OVC,   ,   ,1300.00,2200.00,null,null,null,null,null,null,null,null,null,71.60,KPIB 250935Z AUTO 15004KT 10SM SCT013 OVC022 22/18 A2998 RMK AO1,null
NMM,2011-04-25 09:35,-88.5556,32.5521,97.00,69.80,64.40,82.98,null,null,null,29.99,null,8.00,null,SCT,   ,   ,   ,1800.00,null,null,null,null,null,null,null,null,null,null,69.80,KNMM 250935Z AUTO 00000KT 8SM SCT018 21/18 A2999 RMK AO2,null
CKM,2011-04-25 09:35,-90.5123,34.2997,52.70,71.60,66.20,83.09,200.00,8.00,null,29.90,null,10.00,null,SCT,   ,   ,   ,5000.00,null,null,null,null,null,null,null,null,null,null,71.60,KCKM 250935Z AUTO 20008KT 10SM SCT050 22/19 A2990 RMK AO1,null
MIS,2011-04-25 09:35,-88.8420,29.2960,32.00,80.60,73.40,78.76,220.00,9.00,null,29.95,null,3.00,null,CLR,   ,   ,   ,null,null,null,null,HZ,null,null,null,null,null,null,85.32,KMIS 250935Z AUTO 22009KT 3SM HZ CLR 27/23 A2995 RMK A01,null
HEZ,2011-04-25 09:35,-91.2973,31.6137,83.00,71.60,66.20,83.09,190.00,6.00,null,29.93,null,10.00,null,BKN,OVC,   ,   ,1200.00,2300.00,null,null,null,null,null,null,null,null,null,71.60,KHEZ 250935Z AUTO 19006KT 10SM BKN012 OVC023 22/19 A2993 RMK AO1,null
BIX,2011-04-25 09:36,-88.9244,30.4104,10.00,75.20,71.60,88.59,170.00,7.00,null,29.96,1014.80,10.00,null,BKN,BKN,   ,   ,1300.00,2000.00,null,null,null,null,null,null,null,null,null,76.58,KBIX 250936Z AUTO 17007KT 10SM BKN013 BKN020 24/22 A2996 RMK AO2 CIG 013V018 BKN013 V SCT SLP148,null
BIX,2011-04-25 09:38,-88.9244,30.4104,10.00,75.20,71.60,88.59,170.00,8.00,null,29.96,1014.70,10.00,null,SCT,BKN,   ,   ,1400.00,2000.00,null,null,null,null,null,null,null,null,null,76.58,KBIX 250938Z AUTO 17008KT 10SM SCT014 BKN020 24/22 A2996 RMK AO2 SCT V BKN SLP147,null
BIX,2011-04-25 09:39,-88.9244,30.4104,10.00,75.20,71.60,88.59,170.00,9.00,null,29.96,1014.70,10.00,null,BKN,BKN,   ,   ,1400.00,2100.00,null,null,null,null,null,null,null,null,null,76.58,KBIX 250939Z AUTO 17009KT 10SM BKN014 BKN021 24/22 A2996 RMK AO2 CIG 013V018 BKN014 V SCT SLP147,null
HBG,2011-04-25 09:41,-89.2529,31.2649,46.00,71.60,68.00,88.43,130.00,4.00,null,29.97,null,10.00,null,OVC,   ,   ,   ,800.00,null,null,null,null,null,null,null,null,null,null,72.62,KHBG 250941Z AUTO 13004KT 10SM OVC008 22/20 A2997 RMK AO2 TSNO,null
GPT,2011-04-25 09:46,-89.0701,30.4073,9.00,75.20,69.80,83.32,150.00,6.00,null,29.96,null,10.00,null,FEW,SCT,   ,   ,2000.00,2700.00,null,null,null,null,null,null,null,null,null,76.34,KGPT 250946Z AUTO 15006KT 10SM FEW020 SCT027 24/21 A2996 RMK AO2,null
GPT,2011-04-25 09:53,-89.0701,30.4073,9.00,75.00,70.00,84.34,150.00,5.00,null,29.96,1014.30,10.00,null,FEW,SCT,BKN,   ,1400.00,2000.00,3100.00,null,null,null,null,null,null,null,null,76.19,KGPT 250953Z AUTO 15005KT 10SM FEW014 SCT020 BKN031 24/21 A2996 RMK AO2 SLP143 T02390211,null
PQL,2011-04-25 09:53,-88.5319,30.4636,5.00,68.00,66.00,93.38,null,null,null,29.97,1014.90,5.00,null,FEW,   ,   ,   ,1600.00,null,null,null,BR,null,null,null,null,null,null,68.00,KPQL 250953Z AUTO 00000KT 5SM BR FEW016 20/19 A2997 RMK AO2 SLP149 T02000189,null
GLH,2011-04-25 09:53,-90.9856,33.4829,40.00,70.00,67.00,90.02,170.00,10.00,null,29.89,1012.50,10.00,null,CLR,   ,   ,   ,null,null,null,null,null,null,null,null,null,null,null,69.98,KGLH 250953Z AUTO 17010KT 10SM CLR 21/19 A2989 RMK AO2 SLP125 T02110194,null
MCB,2011-04-25 09:53,-90.4700,31.1800,126.00,69.00,68.00,96.36,130.00,4.00,null,29.95,1013.40,3.00,null,OVC,   ,   ,   ,400.00,null,null,null,BR,null,null,null,null,null,null,69.08,KMCB 250953Z AUTO 13004KT 3SM BR OVC004 21/20 A2995 RMK AO2 CIG 002V006 SLP134 T02060200,null
HKS,2011-04-25 09:53,-90.2225,32.3348,104.00,71.00,67.00,86.77,170.00,6.00,null,29.95,1013.30,10.00,null,BKN,   ,   ,   ,9000.00,null,null,null,null,null,null,null,null,null,null,71.06,KHKS 250953Z AUTO 17006KT 10SM BKN090 22/19 A2995 RMK AO2 SLP133 T02170194,null
HBG,2011-04-25 09:53,-89.2529,31.2649,46.00,72.00,68.00,87.35,100.00,3.00,null,29.97,1014.50,10.00,null,OVC,   ,   ,   ,800.00,null,null,null,null,null,null,null,null,null,null,72.96,KHBG 250953Z AUTO 10003KT 10SM OVC008 22/20 A2997 RMK AO2 SLP145 T02220200 TSNO,null
TUP,2011-04-25 09:53,-88.7711,34.2608,110.00,67.00,64.00,90.46,210.00,8.00,null,29.94,1013.60,9.00,null,FEW,   ,   ,   ,8000.00,null,null,null,null,null,null,null,null,null,null,66.92,KTUP 250953Z AUTO 21008KT 9SM FEW080 19/18 A2994 RMK AO2 SLP136 T01940178,null
GWO,2011-04-25 09:53,-90.0847,33.4943,47.00,70.00,67.00,90.02,180.00,10.00,null,29.93,1013.20,7.00,null,SCT,   ,   ,   ,10000.00,null,null,null,null,null,null,null,null,null,null,69.98,KGWO 250953Z AUTO 18010KT 7SM SCT100 21/19 A2993 RMK AO2 SLP132 T02110194,null
JAN,2011-04-25 09:54,-90.0800,32.3200,101.00,72.00,68.00,87.35,170.00,4.00,null,29.95,1013.60,10.00,null,OVC,   ,   ,   ,1700.00,null,null,null,null,null,null,null,null,null,null,72.96,KJAN 250954Z 17004KT 10SM OVC017 22/20 A2995 RMK AO2 SLP136 T02220200,null
GTR,2011-04-25 09:55,-88.5914,33.4503,80.00,64.40,62.60,93.88,170.00,3.00,null,29.97,null,10.00,null,CLR,   ,   ,   ,null,null,null,null,null,null,null,null,null,null,null,64.40,KGTR 250955Z 17003KT 10SM CLR 18/17 A2997 RMK AO1,null
1R7,2011-04-25 09:55,-90.4093,31.6058,149.00,69.80,69.80,100.00,150.00,6.00,null,29.96,null,5.00,null,BKN,   ,   ,   ,600.00,null,null,null,BR,null,null,null,null,null,null,69.80,K1R7 250955Z AUTO 15006KT 5SM BR BKN006 21/21 A2996 RMK AO2,null
PIB,2011-04-25 09:55,-89.3371,31.4671,91.00,71.60,64.40,78.04,140.00,5.00,null,29.98,null,10.00,null,SCT,OVC,   ,   ,1500.00,2300.00,null,null,null,null,null,null,null,null,null,71.60,KPIB 250955Z AUTO 14005KT 10SM SCT015 OVC023 22/18 A2998 RMK AO1,null
BIX,2011-04-25 09:55,-88.9244,30.4104,10.00,75.20,72.14,90.22,170.00,8.00,null,29.96,1014.80,10.00,null,BKN,BKN,   ,   ,1300.00,1900.00,null,null,null,null,null,null,null,null,null,76.66,KBIX 250955Z AUTO 17008KT 10SM BKN013 BKN019 24/22 A2996 RMK AO2 CIG 013V017 BKN013 V SCT SLP148 T02400223,null
MIS,2011-04-25 09:55,-88.8420,29.2960,32.00,80.60,73.40,78.76,220.00,8.00,null,29.95,null,3.00,13.00,FEW,   ,   ,   ,1300.00,null,null,null,HZ,null,null,null,null,null,null,85.32,KMIS 250955Z AUTO 22008G13KT 3SM HZ FEW013 27/23 A2995 RMK A01,null
CKM,2011-04-25 09:55,-90.5123,34.2997,52.70,71.60,66.20,83.09,200.00,9.00,null,29.91,null,10.00,null,OVC,   ,   ,   ,5000.00,null,null,null,null,null,null,null,null,null,null,71.60,KCKM 250955Z AUTO 20009KT 10SM OVC050 22/19 A2991 RMK AO1,null
OLV,2011-04-25 09:55,-89.7869,34.9787,122.50,68.00,68.00,100.00,200.00,11.00,null,29.88,null,8.00,null,FEW,BKN,BKN,   ,2100.00,5000.00,9000.00,null,null,null,null,null,null,null,null,68.00,KOLV 250955Z AUTO 20011KT 8SM FEW021 BKN050 BKN090 20/20 A2988 RMK A01 P003,null
UOX,2011-04-25 09:55,-89.5368,34.3843,137.80,68.00,64.40,88.26,180.00,5.00,null,29.92,null,10.00,null,CLR,   ,   ,   ,null,null,null,null,null,null,null,null,null,null,null,68.00,KUOX 250955Z AUTO 18005KT 10SM CLR 20/18 A2992 RMK AO2 LTG DSNT W,null
CRX,2011-04-25 09:55,-88.6035,34.9150,129.00,68.00,62.60,82.86,190.00,10.00,null,29.92,null,10.00,14.00,FEW,SCT,   ,   ,7500.00,10000.00,null,null,null,null,null,null,null,null,null,68.00,KCRX 250955Z AUTO 19010G14KT 10SM FEW075 SCT100 20/17 A2992 RMK AO2 LTG DSNT NW,null
MYT,2011-04-25 09:55,-89.6150,28.2206,0.00,77.00,71.60,83.44,150.00,17.00,null,29.91,null,1.75,null,SCT,   ,   ,   ,1700.00,null,null,null,HZ,null,null,null,null,null,null,78.32,KMYT 250955Z AUTO 15017KT 1 3/4SM HZ SCT017 25/22 A2991 RMK A01,null
CBM,2011-04-25 09:55,-88.4438,33.6438,67.00,67.00,65.00,92.78,200.00,4.00,null,29.97,1014.90,10.00,null,OVC,   ,   ,   ,1100.00,null,null,null,null,null,null,null,null,null,null,67.10,KCBM 250955Z AUTO 20004KT 10SM OVC011 19/18 A2997 RMK AO2 CIG 010V014 SLP149 T01950183 $,null
M16,2011-04-25 09:55,-90.4105,32.3045,75.30,71.60,68.00,88.43,190.00,5.00,null,29.95,null,8.00,null,OVC,   ,   ,   ,1400.00,null,null,null,null,null,null,null,null,null,null,72.62,KM16 250955Z AUTO 19005KT 8SM OVC014 22/20 A2995 RMK AO2,null
HEZ,2011-04-25 09:55,-91.2973,31.6137,83.00,71.60,68.00,88.43,170.00,7.00,null,29.92,null,10.00,null,BKN,BKN,OVC,   ,1200.00,2000.00,4000.00,null,null,null,null,null,null,null,null,72.62,KHEZ 250955Z AUTO 17007KT 10SM BKN012 BKN020 OVC040 22/20 A2992 RMK AO1,null
UTA,2011-04-25 09:55,-90.3467,34.6811,59.00,66.20,60.80,82.74,290.00,14.00,null,29.95,null,5.00,26.00,SCT,SCT,BKN,   ,1300.00,1900.00,2500.00,null,+RA,null,null,null,null,null,null,66.20,KUTA 250955Z AUTO 29014G26KT 5SM +RA SCT013 SCT019 BKN025 19/16 A2995 RMK AO2 LTG DSNT ALQS,null
NMM,2011-04-25 09:56,-88.5556,32.5521,97.00,68.00,64.00,87.16,null,null,null,29.98,1016.00,7.00,null,SCT,   ,   ,   ,1800.00,null,null,null,null,null,null,null,null,null,null,68.00,KNMM 250956Z AUTO 00000KT 7SM SCT018 20/18 A2998 RMK AO2 SLP160 T02000178,null
MEI,2011-04-25 09:58,-88.7511,32.3347,94.00,68.00,67.00,96.28,170.00,4.00,0.00,29.98,1014.70,8.00,null,FEW,BKN,null,null,1300.00,2100.00,null,null,null,null,null,null,null,null,null,68.00,KMEI 250958Z AUTO 17004KT 8SM FEW013 BKN021 20/19 A2998 RMK AO2 SLP147 T02000194,null
BIX,2011-04-25 09:58,-88.9244,30.4104,10.00,75.20,71.60,88.59,170.00,7.00,null,29.96,1014.70,10.00,null,BKN,BKN,   ,   ,1500.00,2100.00,null,null,null,null,null,null,null,null,null,76.58,KBIX 250958Z AUTO 17007KT 10SM BKN015 BKN021 24/22 A2996 RMK AO2 CIG 013V018 SLP147,null
PQL,2011-04-25 09:59,-88.5319,30.4636,5.00,66.20,66.20,100.00,null,null,null,29.96,null,1.75,null,FEW,   ,   ,   ,1700.00,null,null,null,BR,null,null,null,null,null,null,66.20,KPQL 250959Z AUTO 00000KT 1 3/4SM BR FEW017 19/19 A2996 RMK AO2,null
CBM,2011-04-25 10:02,-88.4438,33.6438,67.00,66.20,64.40,93.92,200.00,4.00,null,29.97,1015.00,10.00,null,OVC,   ,   ,   ,1000.00,null,null,null,null,null,null,null,null,null,null,66.20,KCBM 251002Z AUTO 20004KT 10SM OVC010 19/18 A2997 RMK AO2 SLP150 $,null
MEI,2011-04-25 10:09,-88.7511,32.3347,94.00,68.00,66.20,93.97,170.00,4.00,null,29.98,null,8.00,null,FEW,SCT,   ,   ,1300.00,2100.00,null,null,null,null,null,null,null,null,null,68.00,KMEI 251009Z AUTO 17004KT 8SM FEW013 SCT021 20/19 A2998 RMK AO2,null
PQL,2011-04-25 10:10,-88.5319,30.4636,5.00,66.20,66.20,100.00,null,null,null,29.97,null,3.00,null,FEW,   ,   ,   ,1700.00,null,null,null,BR,null,null,null,null,null,null,66.20,KPQL 251010Z AUTO 00000KT 3SM BR FEW017 19/19 A2997 RMK AO2,null
MCB,2011-04-25 10:10,-90.4700,31.1800,126.00,69.80,68.00,94.01,130.00,3.00,null,29.95,null,2.50,null,OVC,   ,   ,   ,200.00,null,null,null,BR,null,null,null,null,null,null,69.80,KMCB 251010Z AUTO 13003KT 2 1/2SM BR OVC002 21/20 A2995 RMK AO2,null
CBM,2011-04-25 10:13,-88.4438,33.6438,67.00,66.20,64.40,93.92,200.00,3.00,null,29.98,1015.00,10.00,null,SCT,   ,   ,   ,1000.00,null,null,null,null,null,null,null,null,null,null,66.20,KCBM 251013Z AUTO 20003KT 10SM SCT010 19/18 A2998 RMK AO2 SLP150 $,null
PIB,2011-04-25 10:15,-89.3371,31.4671,91.00,71.60,64.40,78.04,150.00,6.00,null,29.98,null,10.00,null,BKN,OVC,   ,   ,1700.00,2200.00,null,null,null,null,null,null,null,null,null,71.60,KPIB 251015Z AUTO 15006KT 10SM BKN017 OVC022 22/18 A2998 RMK AO1,null
UOX,2011-04-25 10:15,-89.5368,34.3843,137.80,68.00,64.40,88.26,190.00,4.00,null,29.93,null,10.00,null,CLR,   ,   ,   ,null,null,null,null,null,null,null,null,null,null,null,68.00,KUOX 251015Z AUTO 19004KT 10SM CLR 20/18 A2993 RMK AO2 LTG DSNT W AND NW,null
GTR,2011-04-25 10:15,-88.5914,33.4503,80.00,64.40,62.60,93.88,160.00,3.00,null,29.97,null,7.00,null,CLR,   ,   ,   ,null,null,null,null,null,null,null,null,null,null,null,64.40,KGTR 251015Z 16003KT 7SM CLR 18/17 A2997 RMK AO1,null
BIX,2011-04-25 10:15,-88.9244,30.4104,10.00,75.20,71.60,88.59,160.00,4.00,null,29.96,1014.60,10.00,null,BKN,BKN,   ,   ,1400.00,2000.00,null,null,null,null,null,null,null,null,null,76.58,KBIX 251015Z AUTO 16004KT 10SM BKN014 BKN020 24/22 A2996 RMK AO2 CIG 012V018 SLP146,null
OLV,2011-04-25 10:15,-89.7869,34.9787,122.50,68.00,68.00,100.00,270.00,16.00,null,29.92,null,9.00,22.00,FEW,SCT,BKN,   ,1300.00,1900.00,4300.00,null,null,null,null,null,null,null,null,68.00,KOLV 251015Z AUTO 27016G22KT 9SM FEW013 SCT019 BKN043 20/20 A2992 RMK A01 P000,null
CRX,2011-04-25 10:15,-88.6035,34.9150,129.00,68.00,62.60,82.86,200.00,7.00,null,29.92,null,10.00,null,SCT,SCT,   ,   ,7500.00,10000.00,null,null,null,null,null,null,null,null,null,68.00,KCRX 251015Z AUTO 20007KT 10SM SCT075 SCT100 20/17 A2992 RMK AO2 LTG DSNT W AND NW,null
CKM,2011-04-25 10:15,-90.5123,34.2997,52.70,68.00,62.60,82.86,310.00,17.00,null,29.93,null,10.00,null,FEW,SCT,BKN,   ,1700.00,3300.00,5000.00,null,null,null,null,null,null,null,null,68.00,KCKM 251015Z AUTO 31017KT 10SM FEW017 SCT033 BKN050 20/17 A2993 RMK AO1,null
1R7,2011-04-25 10:15,-90.4093,31.6058,149.00,69.80,69.80,100.00,150.00,5.00,null,29.96,null,5.00,null,BKN,   ,   ,   ,600.00,null,null,null,BR,null,null,null,null,null,null,69.80,K1R7 251015Z AUTO 15005KT 5SM BR BKN006 21/21 A2996 RMK AO2,null
MIS,2011-04-25 10:15,-88.8420,29.2960,32.00,80.60,73.40,78.76,210.00,8.00,null,29.95,null,4.00,13.00,FEW,FEW,   ,   ,1100.00,1700.00,null,null,HZ,null,null,null,null,null,null,85.32,KMIS 251015Z AUTO 21008G13KT 160V240 4SM HZ FEW011 FEW017 27/23 A2995 RMK A01,null
M16,2011-04-25 10:15,-90.4105,32.3045,75.30,71.60,68.00,88.43,200.00,3.00,null,29.95,null,9.00,null,OVC,   ,   ,   ,1200.00,null,null,null,null,null,null,null,null,null,null,72.62,KM16 251015Z AUTO 20003KT 9SM OVC012 22/20 A2995 RMK AO2,null
HEZ,2011-04-25 10:15,-91.2973,31.6137,83.00,71.60,66.20,83.09,160.00,7.00,null,29.92,null,10.00,null,SCT,BKN,BKN,   ,1200.00,2500.00,3800.00,null,null,null,null,null,null,null,null,71.60,KHEZ 251015Z AUTO 16007KT 10SM SCT012 BKN025 BKN038 22/19 A2992 RMK AO1,null
UTA,2011-04-25 10:15,-90.3467,34.6811,59.00,62.60,60.80,93.83,270.00,5.00,0.06,29.94,null,5.00,null,BKN,OVC,   ,   ,900.00,1300.00,null,null,VCTSRA,null,null,null,null,null,null,62.60,KUTA 251015Z AUTO 27005KT 5SM VCTSRA BKN009 OVC013 17/16 A2994 RMK AO2 P0006 LTG DSNT ALQS,null
MYT,2011-04-25 10:15,-89.6150,28.2206,0.00,77.00,73.40,88.67,160.00,19.00,null,29.91,null,1.75,null,BKN,   ,   ,   ,1700.00,null,null,null,HZ,null,null,null,null,null,null,78.57,KMYT 251015Z AUTO 16019KT 1 3/4SM HZ BKN017 25/23 A2991 RMK A01,null
GPT,2011-04-25 10:18,-89.0701,30.4073,9.00,75.20,69.80,83.32,160.00,5.00,null,29.95,null,10.00,null,SCT,BKN,BKN,   ,1800.00,2400.00,3200.00,null,null,null,null,null,null,null,null,76.34,KGPT 251018Z AUTO 16005KT 10SM SCT018 BKN024 BKN032 24/21 A2995 RMK AO2,null
GPT,2011-04-25 10:29,-89.0701,30.4073,9.00,75.20,69.80,83.32,160.00,6.00,null,29.95,null,10.00,null,FEW,SCT,BKN,   ,1800.00,2200.00,3200.00,null,null,null,null,null,null,null,null,76.34,KGPT 251029Z AUTO 16006KT 10SM FEW018 SCT022 BKN032 24/21 A2995 RMK AO2,null
MCB,2011-04-25 10:32,-90.4700,31.1800,126.00,69.80,69.80,100.00,160.00,3.00,null,29.95,null,3.00,null,OVC,   ,   ,   ,200.00,null,null,null,BR,null,null,null,null,null,null,69.80,KMCB 251032Z AUTO 16003KT 3SM BR OVC002 21/21 A2995 RMK AO2 CIG 002V005,null
MYT,2011-04-25 10:35,-89.6150,28.2206,0.00,77.00,73.40,88.67,160.00,16.00,null,29.91,null,1.75,null,SCT,   ,   ,   ,1700.00,null,null,null,HZ,null,null,null,null,null,null,78.57,KMYT 251035Z AUTO 16016KT 1 3/4SM HZ SCT017 25/23 A2991 RMK A01,null
PIB,2011-04-25 10:35,-89.3371,31.4671,91.00,71.60,64.40,78.04,120.00,5.00,null,29.97,null,10.00,null,BKN,OVC,   ,   ,1400.00,2100.00,null,null,null,null,null,null,null,null,null,71.60,KPIB 251035Z AUTO 12005KT 10SM BKN014 OVC021 22/18 A2997 RMK AO1,null
CRX,2011-04-25 10:35,-88.6035,34.9150,129.00,68.00,62.60,82.86,200.00,9.00,null,29.92,null,10.00,14.00,SCT,   ,   ,   ,6500.00,null,null,null,null,null,null,null,null,null,null,68.00,KCRX 251035Z AUTO 20009G14KT 160V220 10SM SCT065 20/17 A2992 RMK AO2 LTG DSNT W-N,null
CKM,2011-04-25 10:35,-90.5123,34.2997,52.70,64.40,62.60,93.88,310.00,7.00,null,29.94,null,10.00,23.00,FEW,BKN,OVC,   ,1900.00,2700.00,3300.00,null,null,null,null,null,null,null,null,64.40,KCKM 251035Z AUTO 31007G23KT 10SM FEW019 BKN027 OVC033 18/17 A2994 RMK AO1,null
MIS,2011-04-25 10:35,-88.8420,29.2960,32.00,82.40,73.40,74.28,0.00,6.00,null,29.95,null,4.00,13.00,FEW,FEW,   ,   ,1100.00,1700.00,null,null,HZ,null,null,null,null,null,null,88.26,KMIS 251035Z AUTO VRB06G13KT 4SM HZ FEW011 FEW017 28/23 A2995 RMK A01,null
UTA,2011-04-25 10:35,-90.3467,34.6811,59.00,62.60,60.80,93.83,null,null,0.11,29.93,null,5.00,null,SCT,BKN,OVC,   ,700.00,1300.00,2400.00,null,RA,null,null,null,null,null,null,62.60,KUTA 251035Z AUTO 00000KT 5SM RA SCT007 BKN013 OVC024 17/16 A2993 RMK AO2 P0011 LTG DSNT NE AND SW,null
1R7,2011-04-25 10:35,-90.4093,31.6058,149.00,69.80,69.80,100.00,150.00,3.00,null,29.96,null,5.00,null,BKN,   ,   ,   ,600.00,null,null,null,BR,null,null,null,null,null,null,69.80,K1R7 251035Z AUTO 15003KT 5SM BR BKN006 21/21 A2996 RMK AO2,null
OLV,2011-04-25 10:35,-89.7869,34.9787,122.50,62.60,62.60,100.00,260.00,7.00,null,29.94,null,1.00,20.00,BKN,BKN,OVC,   ,300.00,800.00,1600.00,null,null,null,null,null,null,null,null,62.60,KOLV 251035Z AUTO 26007G20KT 1SM BKN003 BKN008 OVC016 17/17 A2994 RMK A01 P010,null
GTR,2011-04-25 10:35,-88.5914,33.4503,80.00,64.40,64.40,100.00,160.00,4.00,null,29.97,null,10.00,null,CLR,   ,   ,   ,null,null,null,null,null,null,null,null,null,null,null,64.40,KGTR 251035Z 16004KT 10SM CLR 18/18 A2997 RMK AO1,null
HEZ,2011-04-25 10:35,-91.2973,31.6137,83.00,71.60,68.00,88.43,160.00,7.00,null,29.92,null,10.00,null,FEW,BKN,BKN,   ,1200.00,2300.00,3000.00,null,null,null,null,null,null,null,null,72.62,KHEZ 251035Z AUTO 16007KT 10SM FEW012 BKN023 BKN030 22/20 A2992 RMK AO1,null
M16,2011-04-25 10:35,-90.4105,32.3045,75.30,71.60,68.00,88.43,190.00,3.00,null,29.96,null,8.00,null,OVC,   ,   ,   ,1400.00,null,null,null,null,null,null,null,null,null,null,72.62,KM16 251035Z AUTO 19003KT 8SM OVC014 22/20 A2996 RMK AO2,null
UOX,2011-04-25 10:35,-89.5368,34.3843,137.80,68.00,64.40,88.26,200.00,5.00,null,29.94,null,10.00,null,FEW,   ,   ,   ,8000.00,null,null,null,null,null,null,null,null,null,null,68.00,KUOX 251035Z AUTO 20005KT 10SM FEW080 20/18 A2994 RMK AO2 LTG DSNT W AND NW,null
PQL,2011-04-25 10:36,-88.5319,30.4636,5.00,64.40,64.40,100.00,null,null,null,29.97,null,1.50,null,FEW,   ,   ,   ,1700.00,null,null,null,BR,null,null,null,null,null,null,64.40,KPQL 251036Z AUTO 00000KT 1 1/2SM BR FEW017 18/18 A2997 RMK AO2,null
BIX,2011-04-25 10:38,-88.9244,30.4104,10.00,75.20,71.60,88.59,160.00,5.00,null,29.96,1014.70,10.00,null,BKN,   ,   ,   ,1500.00,null,null,null,null,null,null,null,null,null,null,76.58,KBIX 251038Z AUTO 16005KT 10SM BKN015 24/22 A2996 RMK AO2 CIG 012V018 SLP147,null
BIX,2011-04-25 10:39,-88.9244,30.4104,10.00,75.20,71.60,88.59,150.00,6.00,null,29.96,1014.70,10.00,null,BKN,   ,   ,   ,1400.00,null,null,null,null,null,null,null,null,null,null,76.58,KBIX 251039Z AUTO 15006KT 10SM BKN014 24/22 A2996 RMK AO2 CIG 012V018 SLP147,null
PQL,2011-04-25 10:39,-88.5319,30.4636,5.00,64.40,64.40,100.00,null,null,null,29.97,null,1.00,null,FEW,SCT,   ,   ,100.00,1800.00,null,null,BR,null,null,null,null,null,null,64.40,KPQL 251039Z AUTO 00000KT 1SM BR FEW001 SCT018 18/18 A2997 RMK AO2,null
GPT,2011-04-25 10:40,-89.0701,30.4073,9.00,75.20,69.80,83.32,160.00,5.00,null,29.95,null,10.00,null,SCT,BKN,   ,   ,1800.00,2400.00,null,null,null,null,null,null,null,null,null,76.34,KGPT 251040Z AUTO 16005KT 10SM SCT018 BKN024 24/21 A2995 RMK AO2,null
PQL,2011-04-25 10:43,-88.5319,30.4636,5.00,66.20,64.40,93.92,null,null,null,29.97,null,0.50,null,FEW,SCT,BKN,   ,100.00,1800.00,2200.00,null,FG,null,null,null,null,null,null,66.20,KPQL 251043Z AUTO 00000KT 1/2SM FG FEW001 SCT018 BKN022 19/18 A2997 RMK AO2,null
GTR,2011-04-25 10:50,-88.5914,33.4503,80.00,64.40,62.60,93.88,null,null,null,29.98,null,6.00,null,BKN,   ,   ,   ,1100.00,null,null,null,BR,null,null,null,null,null,null,64.40,KGTR 251050Z 00000KT 6SM BR BKN011 18/17 A2998,null
PQL,2011-04-25 10:51,-88.5319,30.4636,5.00,66.20,64.40,93.92,null,null,null,29.97,null,7.00,null,SCT,BKN,BKN,   ,100.00,1600.00,2200.00,null,null,null,null,null,null,null,null,66.20,KPQL 251051Z 00000KT 7SM SCT001 BKN016 BKN022 19/18 A2997 RMK AO2,null
PQL,2011-04-25 10:53,-88.5319,30.4636,5.00,65.00,65.00,100.00,null,null,null,29.97,1015.10,7.00,null,FEW,BKN,BKN,   ,100.00,1600.00,2200.00,null,null,null,null,null,null,null,null,64.94,KPQL 251053Z 00000KT 7SM FEW001 BKN016 BKN022 18/18 A2997 RMK AO2 SLP151 T01830183,null
GWO,2011-04-25 10:53,-90.0847,33.4943,47.00,70.00,67.00,90.02,180.00,12.00,null,29.91,1012.70,7.00,18.00,CLR,   ,   ,   ,null,null,null,null,null,null,null,null,null,null,null,69.98,KGWO 251053Z AUTO 18012G18KT 7SM CLR 21/19 A2991 RMK AO2 SLP127 T02110194,null
MCB,2011-04-25 10:53,-90.4700,31.1800,126.00,69.00,69.00,100.00,150.00,4.00,null,29.96,1013.90,4.00,null,OVC,   ,   ,   ,400.00,null,null,null,BR,null,null,null,null,null,null,69.08,KMCB 251053Z AUTO 15004KT 4SM BR OVC004 21/21 A2996 RMK AO2 CIG 002V007 SLP139 T02060206,null
TUP,2011-04-25 10:53,-88.7711,34.2608,110.00,67.00,64.00,90.46,210.00,8.00,null,29.94,1013.40,8.00,null,BKN,   ,   ,   ,11000.00,null,null,null,null,null,null,null,null,null,null,66.92,KTUP 251053Z 21008KT 8SM BKN110 19/18 A2994 RMK AO2 SLP134 T01940178,null
GPT,2011-04-25 10:53,-89.0701,30.4073,9.00,76.00,69.00,79.37,160.00,7.00,null,29.95,1014.30,10.00,null,FEW,BKN,   ,   ,1800.00,2400.00,null,null,null,null,null,null,null,null,null,76.94,KGPT 251053Z 16007KT 10SM FEW018 BKN024 24/21 A2995 RMK AO2 SLP143 T02440206,null
HKS,2011-04-25 10:53,-90.2225,32.3348,104.00,71.00,68.00,90.06,190.00,4.00,null,29.97,1014.10,10.00,null,FEW,BKN,OVC,   ,1600.00,3300.00,9500.00,null,null,null,null,null,null,null,null,72.10,KHKS 251053Z AUTO 19004KT 10SM FEW016 BKN033 OVC095 22/20 A2997 RMK AO2 SLP141 T02170200,null
HBG,2011-04-25 10:53,-89.2529,31.2649,46.00,71.00,68.00,90.06,150.00,3.00,null,29.97,1014.50,9.00,null,BKN,OVC,   ,   ,600.00,900.00,null,null,null,null,null,null,null,null,null,72.10,KHBG 251053Z AUTO 15003KT 9SM BKN006 OVC009 22/20 A2997 RMK AO2 CIG 004V008 SLP145 T02170200 TSNO,null
GLH,2011-04-25 10:53,-90.9856,33.4829,40.00,70.00,67.00,90.02,170.00,11.00,null,29.87,1012.00,10.00,null,CLR,   ,   ,   ,null,null,null,null,null,null,null,null,null,null,null,69.98,KGLH 251053Z AUTO 17011KT 10SM CLR 21/19 A2987 RMK AO2 SLP120 T02110194,null
JAN,2011-04-25 10:54,-90.0800,32.3200,101.00,71.00,68.00,90.06,null,null,null,29.97,1014.30,10.00,null,BKN,OVC,   ,   ,2600.00,10000.00,null,null,null,null,null,null,null,null,null,71.06,KJAN 251054Z 00000KT 10SM BKN026 OVC100 22/20 A2997 RMK AO2 SLP143 T02170200,null
BIX,2011-04-25 10:54,-88.9244,30.4104,10.00,75.20,71.60,88.59,150.00,9.00,null,29.96,1014.70,10.00,null,SCT,BKN,   ,   ,1400.00,2200.00,null,null,null,null,null,null,null,null,null,76.58,KBIX 251054Z AUTO 15009KT 10SM SCT014 BKN022 24/22 A2996 RMK AO2 SLP147,null
CBM,2011-04-25 10:55,-88.4438,33.6438,67.00,64.76,64.22,98.13,200.00,4.00,null,29.98,1015.10,10.00,null,CLR,   ,   ,   ,null,null,null,null,null,null,null,null,null,null,null,64.76,KCBM 251055Z AUTO 20004KT 10SM CLR 18/18 A2998 RMK AO2 SLP151 T01820179 $,null
M16,2011-04-25 10:55,-90.4105,32.3045,75.30,71.60,68.00,88.43,160.00,3.00,null,29.96,null,8.00,null,OVC,   ,   ,   ,1400.00,null,null,null,null,null,null,null,null,null,null,72.62,KM16 251055Z AUTO 16003KT 8SM OVC014 22/20 A2996 RMK AO2,null
CKM,2011-04-25 10:55,-90.5123,34.2997,52.70,64.40,62.60,93.88,null,null,0.04,29.93,null,5.00,null,FEW,OVC,   ,   ,400.00,3500.00,null,null,null,null,null,null,null,null,null,64.40,KCKM 251055Z AUTO 00000KT 5SM FEW004 OVC035 18/17 A2993 RMK AO1 P0004,null
1R7,2011-04-25 10:55,-90.4093,31.6058,149.00,71.60,69.80,94.06,160.00,6.00,null,29.97,null,5.00,null,OVC,   ,   ,   ,600.00,null,null,null,BR,null,null,null,null,null,null,72.88,K1R7 251055Z AUTO 16006KT 5SM BR OVC006 22/21 A2997 RMK AO2,null
BIX,2011-04-25 10:55,-88.9244,30.4104,10.00,75.56,72.00,88.60,160.00,8.00,null,29.96,1014.80,10.00,null,SCT,BKN,   ,   ,1400.00,2200.00,null,null,null,null,null,null,null,null,null,76.98,KBIX 251055Z AUTO 16008KT 10SM SCT014 BKN022 24/22 A2996 RMK AO2 SLP148 T02420222,null
PIB,2011-04-25 10:55,-89.3371,31.4671,91.00,71.60,64.40,78.04,140.00,5.00,null,29.98,null,10.00,null,BKN,OVC,   ,   ,1200.00,1800.00,null,null,null,null,null,null,null,null,null,71.60,KPIB 251055Z AUTO 14005KT 10SM BKN012 OVC018 22/18 A2998 RMK AO1,null
MIS,2011-04-25 10:55,-88.8420,29.2960,32.00,80.60,73.40,78.76,210.00,9.00,null,29.96,null,4.00,14.00,FEW,   ,   ,   ,2000.00,null,null,null,HZ,null,null,null,null,null,null,85.32,KMIS 251055Z AUTO 21009G14KT 180V240 4SM HZ FEW020 27/23 A2996 RMK A01,null
OLV,2011-04-25 10:55,-89.7869,34.9787,122.50,60.80,60.80,100.00,300.00,6.00,null,29.92,null,5.00,null,BKN,BKN,OVC,   ,500.00,1600.00,4700.00,null,null,null,null,null,null,null,null,60.80,KOLV 251055Z AUTO 30006KT 5SM BKN005 BKN016 OVC047 16/16 A2992 RMK A01 P016,null
MYT,2011-04-25 10:55,-89.6150,28.2206,0.00,77.00,73.40,88.67,160.00,16.00,null,29.92,null,1.75,null,BKN,   ,   ,   ,1700.00,null,null,null,HZ,null,null,null,null,null,null,78.57,KMYT 251055Z AUTO 16016KT 1 3/4SM HZ BKN017 25/23 A2992 RMK A01,null
UTA,2011-04-25 10:55,-90.3467,34.6811,59.00,62.60,60.80,93.83,null,null,0.16,29.93,null,5.00,null,BKN,OVC,   ,   ,700.00,1100.00,null,null,-TSRA,null,null,null,null,null,null,62.60,KUTA 251055Z AUTO 00000KT 5SM -TSRA BKN007 OVC011 17/16 A2993 RMK AO2 P0016 LTG DSNT ALQS,null
HEZ,2011-04-25 10:55,-91.2973,31.6137,83.00,71.60,68.00,88.43,160.00,9.00,null,29.92,null,10.00,null,BKN,BKN,BKN,   ,2300.00,3100.00,3800.00,null,null,null,null,null,null,null,null,72.62,KHEZ 251055Z AUTO 16009KT 10SM BKN023 BKN031 BKN038 22/20 A2992 RMK AO1,null
CRX,2011-04-25 10:55,-88.6035,34.9150,129.00,68.00,64.40,88.26,180.00,9.00,null,29.92,null,10.00,15.00,BKN,BKN,   ,   ,6500.00,11000.00,null,null,null,null,null,null,null,null,null,68.00,KCRX 251055Z AUTO 18009G15KT 10SM BKN065 BKN110 20/18 A2992 RMK AO2 LTG DSNT W-N,null
UOX,2011-04-25 10:55,-89.5368,34.3843,137.80,68.00,64.40,88.26,200.00,6.00,null,29.94,null,10.00,null,FEW,FEW,   ,   ,1400.00,7000.00,null,null,null,null,null,null,null,null,null,68.00,KUOX 251055Z AUTO 20006KT 10SM FEW014 FEW070 20/18 A2994 RMK AO2,null
NMM,2011-04-25 10:56,-88.5556,32.5521,97.00,67.00,64.00,90.46,null,null,null,29.98,1015.90,5.00,null,CLR,   ,   ,   ,null,null,null,null,BR,null,null,null,null,null,null,66.92,KNMM 251056Z AUTO 00000KT 5SM BR CLR 19/18 A2998 RMK AO2 SLP159 T01940178,null
MEI,2011-04-25 10:58,-88.7511,32.3347,94.00,66.00,66.00,100.00,null,null,null,29.98,1014.80,3.00,null,CLR,   ,   ,   ,null,null,null,null,BR,null,null,null,null,null,null,66.02,KMEI 251058Z 00000KT 3SM BR CLR 19/19 A2998 RMK AO2 SLP148 T01890189,null
PQL,2011-04-25 11:09,-88.5319,30.4636,5.00,66.20,66.20,100.00,null,null,null,29.97,null,7.00,null,FEW,SCT,   ,   ,300.00,2200.00,null,null,null,null,null,null,null,null,null,66.20,KPQL 251109Z 00000KT 7SM FEW003 SCT022 19/19 A2997 RMK AO2,null
BIX,2011-04-25 11:09,-88.9244,30.4104,10.00,75.20,71.60,88.59,170.00,8.00,null,29.96,1014.80,10.00,null,SCT,SCT,   ,   ,1700.00,2300.00,null,null,null,null,null,null,null,null,null,76.58,KBIX 251109Z AUTO 17008KT 10SM SCT017 SCT023 24/22 A2996 RMK AO2 SCT023 V BKN SLP148,null
BIX,2011-04-25 11:14,-88.9244,30.4104,10.00,75.20,71.60,88.59,150.00,8.00,null,29.97,1014.90,10.00,null,SCT,BKN,   ,   ,1500.00,2100.00,null,null,null,null,null,null,null,null,null,76.58,KBIX 251114Z AUTO 15008KT 10SM SCT015 BKN021 24/22 A2997 RMK AO2 SLP149,null
CRX,2011-04-25 11:15,-88.6035,34.9150,129.00,68.00,64.40,88.26,190.00,10.00,null,29.93,null,10.00,17.00,FEW,BKN,   ,   ,6500.00,10000.00,null,null,null,null,null,null,null,null,null,68.00,KCRX 251115Z AUTO 19010G17KT 10SM FEW065 BKN100 20/18 A2993 RMK AO2,null
MYT,2011-04-25 11:15,-89.6150,28.2206,0.00,77.00,73.40,88.67,170.00,12.00,null,29.92,null,1.50,17.00,BKN,BKN,   ,   ,1700.00,2200.00,null,null,HZ,null,null,null,null,null,null,78.57,KMYT 251115Z AUTO 17012G17KT 1 1/2SM HZ BKN017 BKN022 25/23 A2992 RMK A01,null
M16,2011-04-25 11:15,-90.4105,32.3045,75.30,71.60,68.00,88.43,null,null,null,29.96,null,8.00,null,SCT,BKN,BKN,   ,1400.00,2300.00,9500.00,null,null,null,null,null,null,null,null,71.60,KM16 251115Z AUTO 00000KT 8SM SCT014 BKN023 BKN095 22/20 A2996 RMK AO2,null
UTA,2011-04-25 11:15,-90.3467,34.6811,59.00,62.60,60.80,93.83,140.00,4.00,0.01,29.90,null,10.00,null,BKN,OVC,   ,   ,700.00,1500.00,null,null,-RA,null,null,null,null,null,null,62.60,KUTA 251115Z AUTO 14004KT 10SM -RA BKN007 OVC015 17/16 A2990 RMK AO2 P0001 LTG DSNT NE THRU SE,null
HEZ,2011-04-25 11:15,-91.2973,31.6137,83.00,71.60,66.20,83.09,160.00,7.00,null,29.93,null,10.00,null,FEW,FEW,   ,   ,2400.00,3500.00,null,null,null,null,null,null,null,null,null,71.60,KHEZ 251115Z AUTO 16007KT 10SM FEW024 FEW035 22/19 A2993 RMK AO1,null
PIB,2011-04-25 11:15,-89.3371,31.4671,91.00,71.60,64.40,78.04,150.00,6.00,null,29.99,null,9.00,null,BKN,OVC,   ,   ,1300.00,1900.00,null,null,null,null,null,null,null,null,null,71.60,KPIB 251115Z AUTO 15006KT 9SM BKN013 OVC019 22/18 A2999 RMK AO1,null
UOX,2011-04-25 11:15,-89.5368,34.3843,137.80,68.00,64.40,88.26,190.00,5.00,null,29.94,null,10.00,null,FEW,BKN,   ,   ,1400.00,6000.00,null,null,null,null,null,null,null,null,null,68.00,KUOX 251115Z AUTO 19005KT 10SM FEW014 BKN060 20/18 A2994 RMK AO2 LTG DSNT N,null
MIS,2011-04-25 11:15,-88.8420,29.2960,32.00,80.60,73.40,78.76,210.00,7.00,null,29.96,null,4.00,13.00,FEW,   ,   ,   ,1900.00,null,null,null,HZ,null,null,null,null,null,null,85.32,KMIS 251115Z AUTO 21007G13KT 4SM HZ FEW019 27/23 A2996 RMK A01,null
CKM,2011-04-25 11:15,-90.5123,34.2997,52.70,64.40,62.60,93.88,null,null,null,29.92,null,8.00,null,SCT,BKN,OVC,   ,3500.00,4800.00,6500.00,null,null,null,null,null,null,null,null,64.40,KCKM 251115Z AUTO 00000KT 8SM SCT035 BKN048 OVC065 18/17 A2992 RMK AO1,null
OLV,2011-04-25 11:15,-89.7869,34.9787,122.50,60.80,60.80,100.00,230.00,3.00,null,29.91,null,7.00,null,BKN,OVC,   ,   ,600.00,3400.00,null,null,null,null,null,null,null,null,null,60.80,KOLV 251115Z AUTO 23003KT 7SM BKN006 OVC034 16/16 A2991 RMK A01 P000,null
1R7,2011-04-25 11:15,-90.4093,31.6058,149.00,71.60,69.80,94.06,150.00,5.00,null,29.98,null,5.00,null,OVC,   ,   ,   ,800.00,null,null,null,BR,null,null,null,null,null,null,72.88,K1R7 251115Z AUTO 15005KT 5SM BR OVC008 22/21 A2998 RMK AO2,null
BIX,2011-04-25 11:17,-88.9244,30.4104,10.00,75.20,71.60,88.59,170.00,9.00,null,29.97,1014.90,10.00,null,SCT,SCT,   ,   ,1500.00,2100.00,null,null,null,null,null,null,null,null,null,76.58,KBIX 251117Z AUTO 17009KT 10SM SCT015 SCT021 24/22 A2997 RMK AO2 SLP149,null
BIX,2011-04-25 11:19,-88.9244,30.4104,10.00,75.20,71.60,88.59,160.00,7.00,null,29.97,1014.90,10.00,null,SCT,BKN,   ,   ,1400.00,2100.00,null,null,null,null,null,null,null,null,null,76.58,KBIX 251119Z AUTO 16007KT 10SM SCT014 BKN021 24/22 A2997 RMK AO2 BKN V SCT SLP149,null
JAN,2011-04-25 11:22,-90.0800,32.3200,101.00,71.60,68.00,88.43,170.00,3.00,null,29.97,null,10.00,null,SCT,SCT,OVC,   ,2100.00,2800.00,10000.00,null,null,null,null,null,null,null,null,72.62,KJAN 251122Z 17003KT 10SM SCT021 SCT028 OVC100 22/20 A2997 RMK AO2,null
BIX,2011-04-25 11:23,-88.9244,30.4104,10.00,75.20,71.60,88.59,160.00,6.00,null,29.97,1014.90,10.00,null,SCT,   ,   ,   ,1300.00,null,null,null,null,null,null,null,null,null,null,76.58,KBIX 251123Z AUTO 16006KT 10SM SCT013 24/22 A2997 RMK AO2 SLP149,null
BIX,2011-04-25 11:27,-88.9244,30.4104,10.00,75.20,71.60,88.59,150.00,9.00,null,29.97,1014.90,10.00,null,SCT,BKN,   ,   ,1300.00,2100.00,null,null,null,null,null,null,null,null,null,76.58,KBIX 251127Z AUTO 15009KT 10SM SCT013 BKN021 24/22 A2997 RMK AO2 BKN V SCT SLP149,null
BIX,2011-04-25 11:29,-88.9244,30.4104,10.00,75.20,71.60,88.59,160.00,7.00,null,29.97,1015.00,10.00,null,SCT,SCT,   ,   ,1400.00,2100.00,null,null,null,null,null,null,null,null,null,76.58,KBIX 251129Z AUTO 16007KT 10SM SCT014 SCT021 24/22 A2997 RMK AO2 SLP150,null
PIB,2011-04-25 11:35,-89.3371,31.4671,91.00,71.60,64.40,78.04,170.00,5.00,null,30.00,null,7.00,null,BKN,OVC,   ,   ,1200.00,1900.00,null,null,null,null,null,null,null,null,null,71.60,KPIB 251135Z AUTO 17005KT 7SM BKN012 OVC019 22/18 A3000 RMK AO1,null
DLP,2011-04-25 11:35,-89.5472,29.1214,0.00,77.00,73.40,88.67,150.00,8.00,null,29.94,null,6.00,null,CLR,   ,   ,   ,null,null,null,null,BR,null,null,null,null,null,null,78.57,KDLP 251135Z AUTO 15008KT 110V180 6SM BR CLR 25/23 A2994 RMK A01,null
HEZ,2011-04-25 11:35,-91.2973,31.6137,83.00,71.60,66.20,83.09,150.00,7.00,null,29.93,null,9.00,null,CLR,   ,   ,   ,null,null,null,null,null,null,null,null,null,null,null,71.60,KHEZ 251135Z AUTO 15007KT 9SM CLR 22/19 A2993 RMK AO1,null
MIS,2011-04-25 11:35,-88.8420,29.2960,32.00,82.40,73.40,74.28,210.00,10.00,null,29.96,null,2.50,null,SCT,SCT,   ,   ,1600.00,2300.00,null,null,HZ,null,null,null,null,null,null,88.26,KMIS 251135Z AUTO 21010KT 2 1/2SM HZ SCT016 SCT023 28/23 A2996 RMK A01,null
1R7,2011-04-25 11:35,-90.4093,31.6058,149.00,71.60,69.80,94.06,150.00,7.00,null,29.98,null,4.00,null,OVC,   ,   ,   ,800.00,null,null,null,BR,null,null,null,null,null,null,72.88,K1R7 251135Z AUTO 15007KT 4SM BR OVC008 22/21 A2998 RMK AO2,null
M16,2011-04-25 11:35,-90.4105,32.3045,75.30,69.80,68.00,94.01,120.00,4.00,null,29.95,null,7.00,null,FEW,SCT,   ,   ,1400.00,9500.00,null,null,null,null,null,null,null,null,null,69.80,KM16 251135Z AUTO 12004KT 7SM FEW014 SCT095 21/20 A2995 RMK AO2,null
UTA,2011-04-25 11:35,-90.3467,34.6811,59.00,62.60,60.80,93.83,140.00,4.00,0.01,29.90,null,10.00,null,SCT,BKN,BKN,   ,700.00,7000.00,8500.00,null,null,null,null,null,null,null,null,62.60,KUTA 251135Z AUTO 14004KT 10SM SCT007 BKN070 BKN085 17/16 A2990 RMK AO2 P0001 LTG DSNT NE AND E,null
CRX,2011-04-25 11:35,-88.6035,34.9150,129.00,68.00,64.40,88.26,190.00,10.00,null,29.93,null,10.00,null,FEW,SCT,BKN,   ,5000.00,6500.00,9000.00,null,null,null,null,null,null,null,null,68.00,KCRX 251135Z AUTO 19010KT 10SM FEW050 SCT065 BKN090 20/18 A2993 RMK AO2 LTG DSNT W AND NW,null
MYT,2011-04-25 11:35,-89.6150,28.2206,0.00,77.00,73.40,88.67,170.00,11.00,null,29.93,null,1.75,16.00,SCT,BKN,BKN,   ,1800.00,2300.00,2800.00,null,HZ,null,null,null,null,null,null,78.57,KMYT 251135Z AUTO 17011G16KT 1 3/4SM HZ SCT018 BKN023 BKN028 25/23 A2993 RMK A01,null
UOX,2011-04-25 11:35,-89.5368,34.3843,137.80,66.20,60.80,82.74,320.00,7.00,null,29.95,null,9.00,null,SCT,BKN,BKN,   ,1200.00,1600.00,2200.00,null,null,null,null,null,null,null,null,66.20,KUOX 251135Z AUTO 32007KT 9SM SCT012 BKN016 BKN022 19/16 A2995 RMK AO2 LTG DSNT N AND NE,null
GPT,2011-04-25 11:38,-89.0701,30.4073,9.00,75.20,69.80,83.32,150.00,9.00,null,29.97,null,10.00,null,FEW,BKN,   ,   ,1700.00,3600.00,null,null,null,null,null,null,null,null,null,76.34,KGPT 251138Z 15009KT 10SM FEW017 BKN036 24/21 A2997 RMK AO2,null
JAN,2011-04-25 11:39,-90.0800,32.3200,101.00,71.60,68.00,88.43,0.00,3.00,null,29.97,null,10.00,null,BKN,OVC,   ,   ,2300.00,10000.00,null,null,null,null,null,null,null,null,null,72.62,KJAN 251139Z VRB03KT 10SM BKN023 OVC100 22/20 A2997 RMK AO2,null
NMM,2011-04-25 11:47,-88.5556,32.5521,97.00,66.20,64.40,93.92,null,null,null,30.00,null,3.00,null,SCT,   ,   ,   ,700.00,null,null,null,BR,null,null,null,null,null,null,66.20,KNMM 251147Z AUTO 00000KT 3SM BR SCT007 19/18 A3000 RMK AO2,null
OLV,2011-04-25 11:50,-89.7869,34.9787,122.50,60.80,60.80,100.00,170.00,7.00,null,29.90,null,5.00,null,BKN,OVC,   ,   ,800.00,5500.00,null,null,BR,null,null,null,null,null,null,60.80,KOLV 251150Z 17007KT 5SM BR BKN008 OVC055 16/16 A2990,null
HBG,2011-04-25 11:53,-89.2529,31.2649,46.00,71.00,68.00,90.06,130.00,4.00,null,29.99,1015.10,7.00,null,BKN,OVC,   ,   ,600.00,900.00,null,null,null,null,null,null,null,null,null,72.10,KHBG 251153Z AUTO 13004KT 7SM BKN006 OVC009 22/20 A2999 RMK AO2 CIG 004V007 SLP151 T02170200 10228 20217 53006 TSNO,null
HKS,2011-04-25 11:53,-90.2225,32.3348,104.00,71.00,68.00,90.06,150.00,6.00,null,29.96,1013.80,8.00,null,BKN,   ,   ,   ,10000.00,null,null,null,null,null,null,null,null,null,null,72.10,KHKS 251153Z 15006KT 8SM BKN100 22/20 A2996 RMK AO2 SLP138 T02170200 10222 20211 50004,null
MCB,2011-04-25 11:53,-90.4700,31.1800,126.00,69.00,69.00,100.00,160.00,4.00,null,29.97,1014.30,3.00,null,OVC,   ,   ,   ,400.00,null,null,null,BR,null,null,null,null,null,null,69.08,KMCB 251153Z AUTO 16004KT 3SM BR OVC004 21/21 A2997 RMK AO2 CIG 002V007 SLP143 T02060206 10206 20206 53010,null
TUP,2011-04-25 11:53,-88.7711,34.2608,110.00,68.00,65.00,89.94,220.00,6.00,null,29.95,1013.70,6.00,null,BKN,   ,   ,   ,11000.00,null,null,null,BR,null,null,null,null,null,null,68.00,KTUP 251153Z 22006KT 6SM BR BKN110 20/18 A2995 RMK AO2 SLP137 T02000183 10217 20194 53003,null
GPT,2011-04-25 11:53,-89.0701,30.4073,9.00,76.00,70.00,81.85,150.00,11.00,null,29.98,1015.00,10.00,null,FEW,BKN,BKN,   ,1700.00,2600.00,3600.00,null,null,null,null,null,null,null,null,77.06,KGPT 251153Z 15011KT 10SM FEW017 BKN026 BKN036 24/21 A2998 RMK AO2 SLP150 T02440211 10244 20239 53008,null
GWO,2011-04-25 11:53,-90.0847,33.4943,47.00,70.00,67.00,90.02,180.00,9.00,null,29.91,1012.70,6.00,null,FEW,   ,   ,   ,10000.00,null,null,null,BR,null,null,null,null,null,null,69.98,KGWO 251153Z AUTO 18009KT 6SM BR FEW100 21/19 A2991 RMK AO2 SLP127 T02110194 10222 20211 56007,null
GLH,2011-04-25 11:53,-90.9856,33.4829,40.00,70.00,67.00,90.02,170.00,11.00,null,29.87,1011.90,9.00,null,BKN,   ,   ,   ,10000.00,null,null,null,null,null,null,null,null,null,null,69.98,KGLH 251153Z 17011KT 9SM BKN100 21/19 A2987 RMK AO2 SLP119 60000 T02110194 10228 20211 56010,null
PQL,2011-04-25 11:53,-88.5319,30.4636,5.00,67.00,67.00,100.00,null,null,null,29.99,1015.50,7.00,null,CLR,   ,   ,   ,null,null,null,null,null,null,null,null,null,null,null,66.92,KPQL 251153Z 00000KT 7SM CLR 19/19 A2999 RMK AO2 SLP155 T01940194 10228 20183 53006,null
JAN,2011-04-25 11:54,-90.0800,32.3200,101.00,71.00,68.00,90.06,160.00,7.00,null,29.96,1014.10,10.00,null,BKN,OVC,   ,   ,2300.00,10000.00,null,null,null,null,null,null,null,null,null,72.10,KJAN 251154Z 16007KT 10SM BKN023 OVC100 22/20 A2996 RMK AO2 SLP141 T02170200 10222 20217 50003,null
CKM,2011-04-25 11:55,-90.5123,34.2997,52.70,64.40,62.60,93.88,100.00,4.00,null,29.90,null,10.00,null,BKN,OVC,   ,   ,2300.00,2900.00,null,null,null,null,null,null,null,null,null,64.40,KCKM 251155Z AUTO 10004KT 10SM BKN023 OVC029 18/17 A2990 RMK AO1,null
BIX,2011-04-25 11:55,-88.9244,30.4104,10.00,75.56,71.60,87.53,150.00,9.00,null,29.98,1015.40,10.00,null,FEW,   ,   ,   ,1400.00,null,null,null,null,null,null,null,null,null,null,76.93,KBIX 251155Z AUTO 15009KT 10SM FEW014 24/22 A2998 RMK AO2 SLP154 T02420220 10245 20239 53007,null
MIS,2011-04-25 11:55,-88.8420,29.2960,32.00,82.40,73.40,74.28,220.00,7.00,null,29.97,null,2.50,12.00,SCT,SCT,   ,   ,1400.00,2300.00,null,null,HZ,null,null,null,null,null,null,88.26,KMIS 251155Z AUTO 22007G12KT 190V320 2 1/2SM HZ SCT014 SCT023 28/23 A2997 RMK A01,null
UTA,2011-04-25 11:55,-90.3467,34.6811,59.00,62.60,60.80,93.83,160.00,4.00,0.01,29.90,null,10.00,null,SCT,BKN,BKN,   ,500.00,6000.00,7000.00,null,null,null,null,null,null,null,null,62.60,KUTA 251155Z AUTO 16004KT 10SM SCT005 BKN060 BKN070 17/16 A2990 RMK AO2 P0001 LTG DSNT E,null
1R7,2011-04-25 11:55,-90.4093,31.6058,149.00,71.60,69.80,94.06,150.00,6.00,null,29.98,null,4.00,null,OVC,   ,   ,   ,800.00,null,null,null,BR,null,null,null,null,null,null,72.88,K1R7 251155Z AUTO 15006KT 4SM BR OVC008 22/21 A2998 RMK AO2,null
M16,2011-04-25 11:55,-90.4105,32.3045,75.30,69.80,68.00,94.01,120.00,4.00,null,29.95,null,5.00,null,SCT,   ,   ,   ,9500.00,null,null,null,BR,null,null,null,null,null,null,69.80,KM16 251155Z AUTO 12004KT 5SM BR SCT095 21/20 A2995 RMK AO2,null
CRX,2011-04-25 11:55,-88.6035,34.9150,129.00,68.00,64.40,88.26,200.00,8.00,null,29.94,null,10.00,null,FEW,SCT,BKN,   ,5000.00,7000.00,9000.00,null,VCTS,null,null,null,null,null,null,68.00,KCRX 251155Z AUTO 20008KT 10SM VCTS FEW050 SCT070 BKN090 20/18 A2994 RMK AO2 LTG DSNT W-NE,null
GTR,2011-04-25 11:55,-88.5914,33.4503,80.00,66.20,64.40,93.92,150.00,8.00,null,29.99,null,5.00,null,OVC,   ,   ,   ,1300.00,null,null,null,BR,null,null,null,null,null,null,66.20,KGTR 251155Z 15008KT 5SM BR OVC013 19/18 A2999,null
DLP,2011-04-25 11:55,-89.5472,29.1214,0.00,77.00,73.40,88.67,140.00,7.00,null,29.94,null,6.00,null,CLR,   ,   ,   ,null,null,null,null,BR,null,null,null,null,null,null,78.57,KDLP 251155Z AUTO 14007KT 6SM BR CLR 25/23 A2994 RMK A01,null
MYT,2011-04-25 11:55,-89.6150,28.2206,0.00,77.00,73.40,88.67,170.00,12.00,null,29.93,null,1.75,null,BKN,BKN,   ,   ,2200.00,2800.00,null,null,HZ,null,null,null,null,null,null,78.57,KMYT 251155Z AUTO 17012KT 1 3/4SM HZ BKN022 BKN028 25/23 A2993 RMK A01,null
HSA,2011-04-25 11:55,-89.4546,30.3678,7.00,68.00,null,null,null,null,null,29.97,null,7.00,null,SCT,SCT,   ,   ,1700.00,2200.00,null,null,null,null,null,null,null,null,null,null,KHSA 251155Z 00000KT 7SM SCT017 SCT022 20/ A2997,null
PIB,2011-04-25 11:55,-89.3371,31.4671,91.00,71.60,64.40,78.04,150.00,5.00,null,30.00,null,7.00,null,BKN,OVC,   ,   ,1300.00,1900.00,null,null,null,null,null,null,null,null,null,71.60,KPIB 251155Z AUTO 15005KT 7SM BKN013 OVC019 22/18 A3000 RMK AO1 10220 20220 52007,null
UOX,2011-04-25 11:55,-89.5368,34.3843,137.80,64.40,57.20,77.45,10.00,6.00,null,29.95,null,10.00,14.00,FEW,BKN,OVC,   ,1200.00,1900.00,3000.00,null,null,null,null,null,null,null,null,64.40,KUOX 251155Z AUTO 01006G14KT 10SM FEW012 BKN019 OVC030 18/14 A2995 RMK AO2 LTG DSNT NE,null
CBM,2011-04-25 11:55,-88.4438,33.6438,67.00,66.74,66.74,100.00,160.00,7.00,null,29.98,1015.30,5.00,null,SCT,BKN,   ,   ,1400.00,2000.00,null,null,BR,null,null,null,null,null,null,66.74,KCBM 251155Z 16007KT 5SM BR SCT014 BKN020 19/19 A2998 RMK AO2A SLP153 T01930193 10213 20176 51007 $,null
HEZ,2011-04-25 11:55,-91.2973,31.6137,83.00,71.60,66.20,83.09,140.00,7.00,null,29.93,null,8.00,null,FEW,   ,   ,   ,3800.00,null,null,null,null,null,null,null,null,null,null,71.60,KHEZ 251155Z AUTO 14007KT 8SM FEW038 22/19 A2993 RMK AO1 10220 20220 54000,null
NMM,2011-04-25 11:56,-88.5556,32.5521,97.00,67.00,64.00,90.46,null,null,null,30.00,1016.70,4.00,null,SCT,   ,   ,   ,700.00,null,null,null,BR,null,null,null,null,null,null,66.92,KNMM 251156Z 00000KT 4SM BR SCT007 19/18 A3000 RMK AO2 SLP167 T01940178 10217 20189 53006,null
MEI,2011-04-25 11:58,-88.7511,32.3347,94.00,64.00,64.00,100.00,null,null,null,30.00,1015.50,6.00,null,CLR,   ,   ,   ,null,null,null,null,BR,null,null,null,null,null,null,64.04,KMEI 251158Z 00000KT 6SM BR CLR 18/18 A3000 RMK AO2 SLP155 T01780178 10211 20178 53004,null
HBG,2011-04-25 12:12,-89.2529,31.2649,46.00,71.60,68.00,88.43,130.00,4.00,null,30.00,null,6.00,null,OVC,   ,   ,   ,400.00,null,null,null,BR,null,null,null,null,null,null,72.62,KHBG 251212Z AUTO 13004KT 6SM BR OVC004 22/20 A3000 RMK AO2 CIG 003V007 TSNO,null
CKM,2011-04-25 12:15,-90.5123,34.2997,52.70,64.40,62.60,93.88,110.00,4.00,null,29.90,null,10.00,null,OVC,   ,   ,   ,1900.00,null,null,null,null,null,null,null,null,null,null,64.40,KCKM 251215Z AUTO 11004KT 10SM OVC019 18/17 A2990 RMK AO1,null
MYT,2011-04-25 12:15,-89.6150,28.2206,0.00,77.00,73.40,88.67,170.00,11.00,null,29.93,null,1.50,null,BKN,BKN,   ,   ,1800.00,2500.00,null,null,HZ,null,null,null,null,null,null,78.57,KMYT 251215Z AUTO 17011KT 1 1/2SM HZ BKN018 BKN025 25/23 A2993 RMK A01,null
M16,2011-04-25 12:15,-90.4105,32.3045,75.30,71.60,68.00,88.43,140.00,3.00,null,29.96,null,5.00,null,SCT,SCT,   ,   ,2600.00,9500.00,null,null,BR,null,null,null,null,null,null,72.62,KM16 251215Z AUTO 14003KT 5SM BR SCT026 SCT095 22/20 A2996 RMK AO2,null
PIB,2011-04-25 12:15,-89.3371,31.4671,91.00,71.60,64.40,78.04,150.00,7.00,null,30.00,null,8.00,null,BKN,OVC,   ,   ,1400.00,1900.00,null,null,null,null,null,null,null,null,null,71.60,KPIB 251215Z AUTO 15007KT 8SM BKN014 OVC019 22/18 A3000 RMK AO1,null
UTA,2011-04-25 12:15,-90.3467,34.6811,59.00,62.60,62.60,100.00,150.00,8.00,null,29.90,null,10.00,null,SCT,BKN,BKN,   ,500.00,4900.00,6000.00,null,null,null,null,null,null,null,null,62.60,KUTA 251215Z AUTO 15008KT 10SM SCT005 BKN049 BKN060 17/17 A2990 RMK AO2,null
HEZ,2011-04-25 12:15,-91.2973,31.6137,83.00,71.60,66.20,83.09,140.00,6.00,null,29.93,null,8.00,null,CLR,   ,   ,   ,null,null,null,null,null,null,null,null,null,null,null,71.60,KHEZ 251215Z AUTO 14006KT 8SM CLR 22/19 A2993 RMK AO1,null
UOX,2011-04-25 12:15,-89.5368,34.3843,137.80,64.40,59.00,82.62,30.00,4.00,null,29.94,null,10.00,null,OVC,   ,   ,   ,1600.00,null,null,null,null,null,null,null,null,null,null,64.40,KUOX 251215Z AUTO 03004KT 10SM OVC016 18/15 A2994 RMK AO2,null
1R7,2011-04-25 12:15,-90.4093,31.6058,149.00,71.60,69.80,94.06,170.00,7.00,null,29.99,null,5.00,null,OVC,   ,   ,   ,800.00,null,null,null,BR,null,null,null,null,null,null,72.88,K1R7 251215Z AUTO 17007KT 5SM BR OVC008 22/21 A2999 RMK AO2,null
JAN,2011-04-25 12:29,-90.0800,32.3200,101.00,71.60,68.00,88.43,160.00,6.00,null,29.96,null,10.00,null,SCT,BKN,   ,   ,2300.00,10000.00,null,null,null,null,null,null,null,null,null,72.62,KJAN 251229Z 16006KT 10SM SCT023 BKN100 22/20 A2996 RMK AO2,null
GTR,2011-04-25 12:30,-88.5914,33.4503,80.00,66.20,66.20,100.00,160.00,8.00,null,29.98,null,6.00,null,OVC,   ,   ,   ,900.00,null,null,null,BR,null,null,null,null,null,null,66.20,KGTR 251230Z AUTO 16008KT 6SM BR OVC009 19/19 A2998,null
UOX,2011-04-25 12:35,-89.5368,34.3843,137.80,64.40,59.00,82.62,330.00,3.00,0.01,29.96,null,4.00,null,FEW,OVC,   ,   ,100.00,1600.00,null,null,-RA,null,null,null,null,null,null,64.40,KUOX 251235Z AUTO 33003KT 4SM -RA FEW001 OVC016 18/15 A2996 RMK AO2 P0001,null
MIS,2011-04-25 12:35,-88.8420,29.2960,32.00,82.40,71.60,69.90,220.00,9.00,null,29.97,null,3.00,15.00,   ,   ,   ,   ,null,null,null,null,HZ,null,null,null,null,null,null,87.18,KMIS 251235Z AUTO 22009G15KT 3SM HZ 28/22 A2997 RMK A01,null
CBM,2011-04-25 12:35,-88.4438,33.6438,67.00,68.00,68.00,100.00,160.00,9.00,null,29.97,1014.90,5.00,null,BKN,OVC,   ,   ,1100.00,2000.00,null,null,BR,null,null,null,null,null,null,68.00,KCBM 251235Z 16009KT 5SM BR BKN011 OVC020 20/20 A2997 RMK A02A CIG 008V014 SLP149 $,null
CKM,2011-04-25 12:35,-90.5123,34.2997,52.70,64.40,62.60,93.88,110.00,5.00,null,29.89,null,10.00,null,OVC,   ,   ,   ,1700.00,null,null,null,null,null,null,null,null,null,null,64.40,KCKM 251235Z AUTO 11005KT 10SM OVC017 18/17 A2989 RMK AO1,null
PIB,2011-04-25 12:35,-89.3371,31.4671,91.00,71.60,64.40,78.04,140.00,7.00,null,30.00,null,7.00,null,OVC,   ,   ,   ,1000.00,null,null,null,null,null,null,null,null,null,null,71.60,KPIB 251235Z AUTO 14007KT 7SM OVC010 22/18 A3000 RMK AO1,null
DLP,2011-04-25 12:35,-89.5472,29.1214,0.00,77.00,73.40,88.67,150.00,7.00,null,29.95,null,6.00,null,CLR,   ,   ,   ,null,null,null,null,HZ,null,null,null,null,null,null,78.57,KDLP 251235Z AUTO 15007KT 6SM HZ CLR 25/23 A2995 RMK A01,null
MYT,2011-04-25 12:35,-89.6150,28.2206,0.00,77.00,73.40,88.67,170.00,11.00,null,29.93,null,1.75,16.00,SCT,BKN,   ,   ,1700.00,2600.00,null,null,HZ,null,null,null,null,null,null,78.57,KMYT 251235Z AUTO 17011G16KT 1 3/4SM HZ SCT017 BKN026 25/23 A2993 RMK A01,null
CRX,2011-04-25 12:35,-88.6035,34.9150,129.00,64.40,60.80,88.09,null,null,0.10,29.96,null,2.50,null,FEW,SCT,BKN,   ,300.00,1400.00,5000.00,null,RA,null,null,null,null,null,null,64.40,KCRX 251235Z AUTO 00000KT 2 1/2SM RA FEW003 SCT014 BKN050 18/16 A2996 RMK AO2 P0010,null
UTA,2011-04-25 12:35,-90.3467,34.6811,59.00,62.60,62.60,100.00,140.00,7.00,null,29.89,null,10.00,null,SCT,BKN,OVC,   ,3500.00,4200.00,5000.00,null,null,null,null,null,null,null,null,62.60,KUTA 251235Z AUTO 14007KT 10SM SCT035 BKN042 OVC050 17/17 A2989 RMK AO2 LTG DSNT E,null
HEZ,2011-04-25 12:35,-91.2973,31.6137,83.00,71.60,66.20,83.09,140.00,9.00,null,29.92,null,9.00,null,CLR,   ,   ,   ,null,null,null,null,null,null,null,null,null,null,null,71.60,KHEZ 251235Z AUTO 14009KT 9SM CLR 22/19 A2992 RMK AO1,null
M16,2011-04-25 12:35,-90.4105,32.3045,75.30,71.60,68.00,88.43,140.00,4.00,null,29.95,null,7.00,null,FEW,SCT,   ,   ,2600.00,9500.00,null,null,null,null,null,null,null,null,null,72.62,KM16 251235Z AUTO 14004KT 7SM FEW026 SCT095 22/20 A2995 RMK AO2,null
1R7,2011-04-25 12:35,-90.4093,31.6058,149.00,71.60,69.80,94.06,160.00,5.00,null,29.98,null,4.00,null,OVC,   ,   ,   ,800.00,null,null,null,BR,null,null,null,null,null,null,72.88,K1R7 251235Z AUTO 16005KT 4SM BR OVC008 22/21 A2998 RMK AO2,null
CBM,2011-04-25 12:40,-88.4438,33.6438,67.00,68.00,68.00,100.00,160.00,10.00,null,29.96,1014.70,10.00,null,BKN,OVC,   ,   ,1000.00,1400.00,null,null,null,null,null,null,null,null,null,68.00,KCBM 251240Z AUTO 16010KT 10SM BKN010 OVC014 20/20 A2996 RMK AO2 SLP147 $,null
BIX,2011-04-25 12:45,-88.9244,30.4104,10.00,77.00,71.60,83.44,150.00,8.00,null,29.99,1015.60,10.00,null,SCT,BKN,   ,   ,1400.00,2500.00,null,null,null,null,null,null,null,null,null,78.32,KBIX 251245Z AUTO 15008KT 10SM SCT014 BKN025 25/22 A2999 RMK AO2 CIG 019V028 BKN V SCT SLP156,null
OLV,2011-04-25 12:50,-89.7869,34.9787,122.50,60.80,60.80,100.00,170.00,5.00,null,29.91,null,10.00,null,SCT,OVC,   ,   ,300.00,9000.00,null,null,null,null,null,null,null,null,null,60.80,KOLV 251250Z 17005KT 10SM SCT003 OVC090 16/16 A2991,null
BIX,2011-04-25 12:50,-88.9244,30.4104,10.00,77.00,71.60,83.44,150.00,10.00,null,29.99,1015.70,10.00,null,BKN,BKN,   ,   ,1400.00,2600.00,null,null,null,null,null,null,null,null,null,78.32,KBIX 251250Z AUTO 15010KT 10SM BKN014 BKN026 25/22 A2999 RMK AO2 CIG 013V017 BKN014 V SCT SLP157,null
GWO,2011-04-25 12:53,-90.0847,33.4943,47.00,73.00,68.00,84.22,180.00,12.00,null,29.90,1012.20,7.00,null,FEW,   ,   ,   ,10000.00,null,null,null,null,null,null,null,null,null,null,73.04,KGWO 251253Z AUTO 18012KT 7SM FEW100 23/20 A2990 RMK AO2 SLP122 T02280200,null
HBG,2011-04-25 12:53,-89.2529,31.2649,46.00,72.00,69.00,90.66,140.00,7.00,null,29.99,1015.30,7.00,null,OVC,   ,   ,   ,400.00,null,null,null,null,null,null,null,null,null,null,73.12,KHBG 251253Z AUTO 14007KT 7SM OVC004 22/21 A2999 RMK AO2 SLP153 T02220206 TSNO,null
GLH,2011-04-25 12:53,-90.9856,33.4829,40.00,72.00,68.00,87.35,170.00,15.00,null,29.86,1011.50,9.00,19.00,CLR,   ,   ,   ,null,null,null,null,null,null,null,null,null,null,null,72.96,KGLH 251253Z 17015G19KT 9SM CLR 22/20 A2986 RMK AO2 SLP115 T02220200,null
GPT,2011-04-25 12:53,-89.0701,30.4073,9.00,77.00,70.00,78.96,140.00,11.00,null,29.98,1015.20,10.00,null,FEW,SCT,   ,   ,1600.00,2600.00,null,null,null,null,null,null,null,null,null,78.11,KGPT 251253Z 14011KT 10SM FEW016 SCT026 25/21 A2998 RMK AO2 SLP152 T02500211,null
HKS,2011-04-25 12:53,-90.2225,32.3348,104.00,72.00,68.00,87.35,150.00,8.00,null,29.96,1013.60,8.00,null,SCT,BKN,   ,   ,1000.00,10000.00,null,null,null,null,null,null,null,null,null,72.96,KHKS 251253Z 15008KT 8SM SCT010 BKN100 22/20 A2996 RMK AO2 SLP136 T02220200,null
PQL,2011-04-25 12:53,-88.5319,30.4636,5.00,74.00,70.00,87.45,150.00,8.00,null,30.00,1015.90,10.00,null,FEW,   ,   ,   ,2300.00,null,null,null,null,null,null,null,null,null,null,75.14,KPQL 251253Z 15008KT 10SM FEW023 23/21 A3000 RMK AO2 SLP159 T02330211,null
MCB,2011-04-25 12:53,-90.4700,31.1800,126.00,70.00,70.00,100.00,150.00,4.00,null,29.96,1014.10,4.00,null,OVC,   ,   ,   ,400.00,null,null,null,BR,null,null,null,null,null,null,69.98,KMCB 251253Z AUTO 15004KT 4SM BR OVC004 21/21 A2996 RMK AO2 CIG 004V008 SLP141 T02110211,null
TUP,2011-04-25 12:53,-88.7711,34.2608,110.00,69.00,65.00,86.66,200.00,8.00,null,29.93,1013.30,7.00,null,BKN,   ,   ,   ,11000.00,null,null,null,null,null,null,null,null,null,null,69.08,KTUP 251253Z 20008KT 7SM BKN110 21/18 A2993 RMK AO2 SLP133 T02060183,null
JAN,2011-04-25 12:54,-90.0800,32.3200,101.00,73.00,69.00,87.41,160.00,9.00,null,29.96,1014.10,10.00,15.00,SCT,BKN,   ,   ,2300.00,10000.00,null,null,null,null,null,null,null,null,null,74.15,KJAN 251254Z 16009G15KT 10SM SCT023 BKN100 23/21 A2996 RMK AO2 SLP141 T02280206,null
CBM,2011-04-25 12:55,-88.4438,33.6438,67.00,69.26,67.46,94.00,160.00,12.00,null,29.96,1014.40,10.00,null,BKN,   ,   ,   ,1000.00,null,null,null,null,null,null,null,null,null,null,69.26,KCBM 251255Z AUTO 16012KT 10SM BKN010 21/20 A2996 RMK AO2 SLP144 T02070197 $,null
GTR,2011-04-25 12:55,-88.5914,33.4503,80.00,68.00,66.20,93.97,150.00,10.00,null,29.97,null,8.00,null,BKN,   ,   ,   ,1300.00,null,null,null,null,null,null,null,null,null,null,68.00,KGTR 251255Z 15010KT 8SM BKN013 20/19 A2997,null
M16,2011-04-25 12:55,-90.4105,32.3045,75.30,71.60,68.00,88.43,150.00,6.00,null,29.94,null,6.00,null,FEW,   ,   ,   ,9500.00,null,null,null,BR,null,null,null,null,null,null,72.62,KM16 251255Z AUTO 15006KT 6SM BR FEW095 22/20 A2994 RMK AO2,null
MIS,2011-04-25 12:55,-88.8420,29.2960,32.00,82.40,73.40,74.28,220.00,8.00,null,29.98,null,3.00,null,   ,   ,   ,   ,null,null,null,null,HZ,null,null,null,null,null,null,88.26,KMIS 251255Z AUTO 22008KT 170V270 3SM HZ 28/23 A2998 RMK A01,null
DLP,2011-04-25 12:55,-89.5472,29.1214,0.00,78.80,73.40,83.55,150.00,8.00,null,29.95,null,7.00,null,CLR,   ,   ,   ,null,null,null,null,null,null,null,null,null,null,null,82.03,KDLP 251255Z AUTO 15008KT 7SM CLR 26/23 A2995 RMK A01,null
1R7,2011-04-25 12:55,-90.4093,31.6058,149.00,71.60,69.80,94.06,160.00,9.00,null,29.97,null,5.00,null,OVC,   ,   ,   ,800.00,null,null,null,BR,null,null,null,null,null,null,72.88,K1R7 251255Z AUTO 16009KT 5SM BR OVC008 22/21 A2997 RMK AO2,null
CKM,2011-04-25 12:55,-90.5123,34.2997,52.70,64.40,64.40,100.00,100.00,7.00,null,29.88,null,10.00,null,OVC,   ,   ,   ,1700.00,null,null,null,null,null,null,null,null,null,null,64.40,KCKM 251255Z AUTO 10007KT 10SM OVC017 18/18 A2988 RMK AO1,null
UTA,2011-04-25 12:55,-90.3467,34.6811,59.00,64.40,62.60,93.88,130.00,7.00,null,29.89,null,10.00,null,SCT,BKN,BKN,   ,2700.00,3600.00,5000.00,null,null,null,null,null,null,null,null,64.40,KUTA 251255Z AUTO 13007KT 10SM SCT027 BKN036 BKN050 18/17 A2989 RMK AO2 LTG DSNT NW,null
MYT,2011-04-25 12:55,-89.6150,28.2206,0.00,78.80,71.60,78.62,170.00,12.00,null,29.93,null,1.75,18.00,CLR,   ,   ,   ,null,null,null,null,HZ,null,null,null,null,null,null,81.70,KMYT 251255Z AUTO 17012G18KT 1 3/4SM HZ CLR 26/22 A2993 RMK A01,null
PIB,2011-04-25 12:55,-89.3371,31.4671,91.00,71.60,64.40,78.04,160.00,6.00,null,30.00,null,7.00,null,OVC,   ,   ,   ,800.00,null,null,null,null,null,null,null,null,null,null,71.60,KPIB 251255Z AUTO 16006KT 7SM OVC008 22/18 A3000 RMK AO1,null
HEZ,2011-04-25 12:55,-91.2973,31.6137,83.00,71.60,68.00,88.43,150.00,13.00,null,29.91,null,10.00,16.00,CLR,   ,   ,   ,null,null,null,null,null,null,null,null,null,null,null,72.62,KHEZ 251255Z AUTO 15013G16KT 10SM CLR 22/20 A2991 RMK AO1,null
CRX,2011-04-25 12:55,-88.6035,34.9150,129.00,64.40,62.60,93.88,180.00,8.00,0.12,29.95,null,3.00,null,FEW,SCT,BKN,   ,300.00,5000.00,6500.00,null,-RA,null,null,null,null,null,null,64.40,KCRX 251255Z AUTO 18008KT 3SM -RA FEW003 SCT050 BKN065 18/17 A2995 RMK AO2 P0012,null
HSA,2011-04-25 12:55,-89.4546,30.3678,7.00,75.20,75.20,100.00,170.00,7.00,null,29.98,null,7.00,null,SCT,BKN,   ,   ,1900.00,2600.00,null,null,null,null,null,null,null,null,null,77.12,KHSA 251255Z 17007KT 7SM SCT019 BKN026 24/24 A2998,null
BIX,2011-04-25 12:55,-88.9244,30.4104,10.00,77.54,72.50,84.49,150.00,9.00,null,29.99,1015.60,10.00,null,FEW,SCT,   ,   ,1300.00,2100.00,null,null,null,null,null,null,null,null,null,78.97,KBIX 251255Z 15009KT 10SM FEW013 SCT021 25/23 A2999 RMK AO2A SLP156 T02530225,null
NMM,2011-04-25 12:56,-88.5556,32.5521,97.00,70.00,66.00,87.26,150.00,3.00,null,29.99,1016.30,6.00,null,BKN,   ,   ,   ,25000.00,null,null,null,BR,null,null,null,null,null,null,69.98,KNMM 251256Z 15003KT 6SM BR BKN250 21/19 A2999 RMK AO2 SLP163 T02110189,null
CBM,2011-04-25 12:56,-88.4438,33.6438,67.00,69.80,68.00,94.01,160.00,12.00,null,29.95,1014.40,10.00,null,BKN,   ,   ,   ,1100.00,null,null,null,null,null,null,null,null,null,null,69.80,KCBM 251256Z AUTO 16012KT 10SM BKN011 21/20 A2995 RMK AO2 SLP144 $,null
CBM,2011-04-25 12:57,-88.4438,33.6438,67.00,69.80,68.00,94.01,160.00,14.00,null,29.95,1014.30,10.00,null,BKN,   ,   ,   ,1000.00,null,null,null,null,null,null,null,null,null,null,69.80,KCBM 251257Z AUTO 16014KT 10SM BKN010 21/20 A2995 RMK AO2 SLP143 $,null
MEI,2011-04-25 12:58,-88.7511,32.3347,94.00,71.00,68.00,90.06,170.00,9.00,null,29.99,1015.10,6.00,null,CLR,   ,   ,   ,null,null,null,null,BR,null,null,null,null,null,null,72.10,KMEI 251258Z 17009KT 6SM BR CLR 22/20 A2999 RMK AO2 SLP151 T02170200,null
CBM,2011-04-25 13:00,-88.4438,33.6438,67.00,69.80,68.00,94.01,170.00,12.00,null,29.95,1014.20,10.00,null,SCT,   ,   ,   ,1000.00,null,null,null,null,null,null,null,null,null,null,69.80,KCBM 251300Z AUTO 17012KT 10SM SCT010 21/20 A2995 RMK AO2 SLP142 $,null
NMM,2011-04-25 13:03,-88.5556,32.5521,97.00,69.80,66.20,88.34,150.00,3.00,null,29.99,null,7.00,null,FEW,BKN,   ,   ,600.00,25000.00,null,null,null,null,null,null,null,null,null,69.80,KNMM 251303Z 15003KT 7SM FEW006 BKN250 21/19 A2999 RMK AO2,null
DLP,2011-04-25 13:15,-89.5472,29.1214,0.00,78.80,73.40,83.55,140.00,8.00,null,29.95,null,7.00,null,CLR,   ,   ,   ,null,null,null,null,null,null,null,null,null,null,null,82.03,KDLP 251315Z AUTO 14008KT 7SM CLR 26/23 A2995 RMK A01,null
MYT,2011-04-25 13:15,-89.6150,28.2206,0.00,78.80,73.40,83.55,170.00,11.00,null,29.93,null,1.75,17.00,CLR,   ,   ,   ,null,null,null,null,HZ,null,null,null,null,null,null,82.03,KMYT 251315Z AUTO 17011G17KT 1 3/4SM HZ CLR 26/23 A2993 RMK A01,null
M16,2011-04-25 13:15,-90.4105,32.3045,75.30,73.40,68.00,83.21,160.00,6.00,null,29.93,null,7.00,null,FEW,   ,   ,   ,9500.00,null,null,null,null,null,null,null,null,null,null,73.40,KM16 251315Z AUTO 16006KT 7SM FEW095 23/20 A2993 RMK AO2,null
MIS,2011-04-25 13:15,-88.8420,29.2960,32.00,82.40,73.40,74.28,220.00,9.00,null,29.98,null,3.00,null,SCT,SCT,   ,   ,1600.00,2100.00,null,null,HZ,null,null,null,null,null,null,88.26,KMIS 251315Z AUTO 22009KT 3SM HZ SCT016 SCT021 28/23 A2998 RMK A01,null
UTA,2011-04-25 13:15,-90.3467,34.6811,59.00,64.40,62.60,93.88,140.00,8.00,null,29.90,null,10.00,null,SCT,BKN,BKN,   ,1900.00,2400.00,3200.00,null,-RA,null,null,null,null,null,null,64.40,KUTA 251315Z AUTO 14008KT 10SM -RA SCT019 BKN024 BKN032 18/17 A2990 RMK AO2 LTG DSNT NW,null
HEZ,2011-04-25 13:15,-91.2973,31.6137,83.00,73.40,68.00,83.21,170.00,8.00,null,29.91,null,10.00,null,SCT,   ,   ,   ,1100.00,null,null,null,null,null,null,null,null,null,null,73.40,KHEZ 251315Z AUTO 17008KT 10SM SCT011 23/20 A2991 RMK AO1,null
CKM,2011-04-25 13:15,-90.5123,34.2997,52.70,66.20,64.40,93.92,90.00,5.00,null,29.89,null,10.00,null,OVC,   ,   ,   ,1700.00,null,null,null,null,null,null,null,null,null,null,66.20,KCKM 251315Z AUTO 09005KT 10SM OVC017 19/18 A2989 RMK AO1,null
CRX,2011-04-25 13:15,-88.6035,34.9150,129.00,64.40,60.80,88.09,200.00,5.00,null,29.94,null,10.00,null,BKN,BKN,   ,   ,4600.00,6500.00,null,null,null,null,null,null,null,null,null,64.40,KCRX 251315Z AUTO 20005KT 10SM BKN046 BKN065 18/16 A2994 RMK AO2,null
MCB,2011-04-25 13:16,-90.4700,31.1800,126.00,71.60,69.80,94.06,160.00,7.00,null,29.95,null,7.00,null,BKN,OVC,   ,   ,600.00,1000.00,null,null,null,null,null,null,null,null,null,72.88,KMCB 251316Z AUTO 16007KT 7SM BKN006 OVC010 22/21 A2995 RMK AO2 CIG 004V009,null
CBM,2011-04-25 13:17,-88.4438,33.6438,67.00,69.80,68.00,94.01,170.00,12.00,null,29.95,1014.10,10.00,null,FEW,   ,   ,   ,900.00,null,null,null,null,null,null,null,null,null,null,69.80,KCBM 251317Z AUTO 17012KT 10SM FEW009 21/20 A2995 RMK AO2 SLP141 $,null
HBG,2011-04-25 13:21,-89.2529,31.2649,46.00,73.40,69.80,88.51,160.00,5.00,null,29.99,null,9.00,null,BKN,OVC,   ,   ,600.00,1100.00,null,null,null,null,null,null,null,null,null,74.60,KHBG 251321Z AUTO 16005KT 9SM BKN006 OVC011 23/21 A2999 RMK AO2 CIG 004V009 TSNO,null
MEI,2011-04-25 13:23,-88.7511,32.3347,94.00,71.60,66.20,83.09,180.00,10.00,null,29.99,null,10.00,null,BKN,   ,   ,   ,1500.00,null,null,null,null,null,null,null,null,null,null,71.60,KMEI 251323Z 18010KT 10SM R01/5500VP6000FT BKN015 22/19 A2999 RMK AO2,null
TUP,2011-04-25 13:30,-88.7711,34.2608,110.00,71.60,66.20,83.09,210.00,5.00,null,29.93,null,8.00,null,BKN,BKN,   ,   ,1000.00,10000.00,null,null,null,null,null,null,null,null,null,71.60,KTUP 251330Z 21005KT 8SM BKN010 BKN100 22/19 A2993 RMK AO2,null
HKS,2011-04-25 13:31,-90.2225,32.3348,104.00,73.40,68.00,83.21,160.00,9.00,null,29.94,null,10.00,18.00,BKN,BKN,   ,   ,1200.00,1900.00,null,null,null,null,null,null,null,null,null,73.40,KHKS 251331Z 16009G18KT 10SM BKN012 BKN019 23/20 A2994 RMK AO2,null
NMM,2011-04-25 13:32,-88.5556,32.5521,97.00,71.60,66.20,83.09,170.00,4.00,null,29.99,null,9.00,null,BKN,BKN,   ,   ,1000.00,25000.00,null,null,null,null,null,null,null,null,null,71.60,KNMM 251332Z 17004KT 9SM BKN010 BKN250 22/19 A2999 RMK AO2,null
GPT,2011-04-25 13:34,-89.0701,30.4073,9.00,78.80,69.80,73.95,160.00,14.00,null,29.98,null,10.00,null,BKN,   ,   ,   ,1600.00,null,null,null,null,null,null,null,null,null,null,81.39,KGPT 251334Z 16014KT 10SM BKN016 26/21 A2998 RMK AO2,null
M16,2011-04-25 13:35,-90.4105,32.3045,75.30,73.40,68.00,83.21,170.00,11.00,null,29.94,null,7.00,null,FEW,SCT,   ,   ,1200.00,9500.00,null,null,null,null,null,null,null,null,null,73.40,KM16 251335Z AUTO 17011KT 7SM FEW012 SCT095 23/20 A2994 RMK AO2,null
1R7,2011-04-25 13:35,-90.4093,31.6058,149.00,73.40,69.80,88.51,170.00,8.00,null,29.96,null,5.00,14.00,BKN,OVC,   ,   ,1000.00,1400.00,null,null,BR,null,null,null,null,null,null,74.60,K1R7 251335Z AUTO 17008G14KT 020V020 5SM BR BKN010 OVC014 23/21 A2996 RMK AO2,null
DLP,2011-04-25 13:35,-89.5472,29.1214,0.00,78.80,73.40,83.55,140.00,8.00,null,29.96,null,7.00,null,BKN,   ,   ,   ,2600.00,null,null,null,null,null,null,null,null,null,null,82.03,KDLP 251335Z AUTO 14008KT 7SM BKN026 26/23 A2996 RMK A01,null
CRX,2011-04-25 13:35,-88.6035,34.9150,129.00,64.40,60.80,88.09,190.00,7.00,null,29.94,null,10.00,null,BKN,BKN,OVC,   ,3800.00,4800.00,6000.00,null,null,null,null,null,null,null,null,64.40,KCRX 251335Z AUTO 19007KT 10SM BKN038 BKN048 OVC060 18/16 A2994 RMK AO2 LTG DSNT NE,null
CBM,2011-04-25 13:35,-88.4438,33.6438,67.00,71.60,66.20,83.09,190.00,12.00,null,29.95,1014.20,10.00,null,BKN,   ,   ,   ,1100.00,null,null,null,null,null,null,null,null,null,null,71.60,KCBM 251335Z AUTO 19012KT 10SM BKN011 22/19 A2995 RMK AO2 CIG 010V014 BKN V SCT SLP142 $,null
CKM,2011-04-25 13:35,-90.5123,34.2997,52.70,66.20,64.40,93.92,100.00,6.00,null,29.89,null,10.00,null,OVC,   ,   ,   ,1900.00,null,null,null,null,null,null,null,null,null,null,66.20,KCKM 251335Z AUTO 10006KT 10SM OVC019 19/18 A2989 RMK AO1,null
MIS,2011-04-25 13:35,-88.8420,29.2960,32.00,82.40,71.60,69.90,210.00,11.00,null,29.98,null,3.00,null,FEW,SCT,   ,   ,1600.00,2200.00,null,null,HZ,null,null,null,null,null,null,87.18,KMIS 251335Z AUTO 21011KT 3SM HZ FEW016 SCT022 28/22 A2998 RMK A01,null
UTA,2011-04-25 13:35,-90.3467,34.6811,59.00,64.40,62.60,93.88,140.00,6.00,0.01,29.89,null,10.00,null,BKN,   ,   ,   ,1800.00,null,null,null,-RA,null,null,null,null,null,null,64.40,KUTA 251335Z AUTO 14006KT 10SM -RA BKN018 18/17 A2989 RMK AO2 P0001 LTG DSNT N AND NW,null
HEZ,2011-04-25 13:35,-91.2973,31.6137,83.00,73.40,68.00,83.21,170.00,8.00,null,29.91,null,10.00,null,BKN,   ,   ,   ,1300.00,null,null,null,null,null,null,null,null,null,null,73.40,KHEZ 251335Z AUTO 17008KT 10SM BKN013 23/20 A2991 RMK AO1,null
MYT,2011-04-25 13:35,-89.6150,28.2206,0.00,78.80,71.60,78.62,170.00,12.00,null,29.94,null,1.75,null,CLR,   ,   ,   ,null,null,null,null,HZ,null,null,null,null,null,null,81.70,KMYT 251335Z AUTO 17012KT 1 3/4SM HZ CLR 26/22 A2994 RMK A01,null
PIB,2011-04-25 13:35,-89.3371,31.4671,91.00,71.60,66.20,83.09,160.00,8.00,null,29.99,null,8.00,null,SCT,OVC,   ,   ,800.00,1600.00,null,null,null,null,null,null,null,null,null,71.60,KPIB 251335Z AUTO 16008KT 8SM SCT008 OVC016 22/19 A2999 RMK AO1,null
HKS,2011-04-25 13:45,-90.2225,32.3348,104.00,73.40,68.00,83.21,170.00,10.00,null,29.95,null,10.00,null,BKN,BKN,   ,   ,1500.00,2000.00,null,null,null,null,null,null,null,null,null,73.40,KHKS 251345Z 17010KT 10SM BKN015 BKN020 23/20 A2995 RMK AO2,null
PQL,2011-04-25 13:46,-88.5319,30.4636,5.00,78.80,69.80,73.95,140.00,11.00,null,29.99,null,10.00,16.00,BKN,BKN,   ,   ,1700.00,2300.00,null,null,null,null,null,null,null,null,null,81.39,KPQL 251346Z 14011G16KT 10SM BKN017 BKN023 26/21 A2999 RMK AO2,null
JAN,2011-04-25 13:49,-90.0800,32.3200,101.00,73.40,68.00,83.21,170.00,8.00,null,29.95,null,10.00,17.00,BKN,BKN,BKN,   ,1500.00,2100.00,10000.00,null,null,null,null,null,null,null,null,73.40,KJAN 251349Z 17008G17KT 10SM BKN015 BKN021 BKN100 23/20 A2995 RMK AO2,null
OLV,2011-04-25 13:50,-89.7869,34.9787,122.50,62.60,62.60,100.00,160.00,6.00,null,29.89,null,8.00,null,BKN,OVC,   ,   ,400.00,4000.00,null,null,null,null,null,null,null,null,null,62.60,KOLV 251350Z 16006KT 8SM BKN004 OVC040 17/17 A2989,null
GTR,2011-04-25 13:50,-88.5914,33.4503,80.00,69.80,68.00,94.01,160.00,12.00,null,29.95,null,8.00,null,BKN,OVC,   ,   ,800.00,1700.00,null,null,null,null,null,null,null,null,null,69.80,KGTR 251350Z 16012KT 8SM BKN008 OVC017 21/20 A2995,null
HSA,2011-04-25 13:51,-89.4546,30.3678,7.00,75.20,75.20,100.00,160.00,8.00,null,29.97,null,7.00,null,SCT,BKN,   ,   ,1500.00,3000.00,null,null,null,null,null,null,null,null,null,77.12,KHSA 251351Z 16008KT 7SM SCT015 BKN030 24/24 A2997,null
MCB,2011-04-25 13:51,-90.4700,31.1800,126.00,73.40,69.80,88.51,160.00,8.00,null,29.94,null,10.00,null,BKN,BKN,   ,   ,1000.00,1800.00,null,null,null,null,null,null,null,null,null,74.60,KMCB 251351Z AUTO 16008KT 10SM BKN010 BKN018 23/21 A2994 RMK AO2,null
GWO,2011-04-25 13:53,-90.0847,33.4943,47.00,75.00,68.00,78.81,180.00,11.00,null,29.90,1012.20,7.00,null,FEW,   ,   ,   ,10000.00,null,null,null,null,null,null,null,null,null,null,75.02,KGWO 251353Z AUTO 18011KT 7SM FEW100 24/20 A2990 RMK AO2 SLP122 T02390200,null
MCB,2011-04-25 13:53,-90.4700,31.1800,126.00,74.00,70.00,87.45,170.00,14.00,null,29.94,1013.40,10.00,18.00,SCT,BKN,   ,   ,1000.00,1500.00,null,null,null,null,null,null,null,null,null,75.14,KMCB 251353Z AUTO 17014G18KT 10SM SCT010 BKN015 23/21 A2994 RMK AO2 SLP134 T02330211,null
HBG,2011-04-25 13:53,-89.2529,31.2649,46.00,75.00,69.00,81.79,160.00,7.00,null,29.97,1014.60,10.00,null,SCT,BKN,OVC,   ,900.00,1300.00,1800.00,null,null,null,null,null,null,null,null,76.07,KHBG 251353Z AUTO 16007KT 10SM SCT009 BKN013 OVC018 24/21 A2997 RMK AO2 SLP146 T02390206 TSNO,null
HKS,2011-04-25 13:53,-90.2225,32.3348,104.00,74.00,68.00,81.71,180.00,11.00,null,29.94,1013.20,10.00,17.00,BKN,BKN,   ,   ,1500.00,2200.00,null,null,null,null,null,null,null,null,null,73.94,KHKS 251353Z 18011G17KT 10SM BKN015 BKN022 23/20 A2994 RMK AO2 SLP132 T02330200,null
TUP,2011-04-25 13:53,-88.7711,34.2608,110.00,71.00,66.00,84.10,200.00,5.00,null,29.92,1012.80,8.00,null,OVC,   ,   ,   ,1000.00,null,null,null,null,null,null,null,null,null,null,71.06,KTUP 251353Z 20005KT 8SM OVC010 22/19 A2992 RMK AO2 SLP128 T02170189,null
PQL,2011-04-25 13:53,-88.5319,30.4636,5.00,78.00,69.00,73.88,150.00,10.00,null,29.99,1015.60,10.00,16.00,BKN,BKN,OVC,   ,1900.00,2300.00,2900.00,null,null,null,null,null,null,null,null,80.26,KPQL 251353Z 15010G16KT 10SM BKN019 BKN023 OVC029 26/21 A2999 RMK AO2 SLP156 T02560206,null
GLH,2011-04-25 13:53,-90.9856,33.4829,40.00,74.00,69.00,84.80,180.00,17.00,null,29.88,1012.10,9.00,null,SCT,   ,   ,   ,2000.00,null,null,null,null,null,null,null,null,null,null,75.02,KGLH 251353Z 18017KT 9SM SCT020 23/21 A2988 RMK AO2 SLP121 T02330206,null
GPT,2011-04-25 13:53,-89.0701,30.4073,9.00,79.00,69.00,71.72,150.00,13.00,null,29.98,1015.10,10.00,18.00,SCT,   ,   ,   ,1600.00,null,null,null,null,null,null,null,null,null,null,81.52,KGPT 251353Z 15013G18KT 10SM SCT016 26/21 A2998 RMK AO2 SLP151 T02610206,null
JAN,2011-04-25 13:54,-90.0800,32.3200,101.00,74.00,68.00,81.71,170.00,7.00,null,29.95,1013.70,10.00,null,BKN,BKN,BKN,   ,1500.00,2100.00,10000.00,null,null,null,null,null,null,null,null,73.94,KJAN 251354Z 17007KT 10SM BKN015 BKN021 BKN100 23/20 A2995 RMK AO2 SLP137 T02330200,null
CRX,2011-04-25 13:55,-88.6035,34.9150,129.00,66.20,62.60,88.18,170.00,5.00,null,29.92,null,10.00,null,FEW,BKN,OVC,   ,3200.00,3900.00,11000.00,null,null,null,null,null,null,null,null,66.20,KCRX 251355Z AUTO 17005KT 10SM FEW032 BKN039 OVC110 19/17 A2992 RMK AO2,null
CKM,2011-04-25 13:55,-90.5123,34.2997,52.70,68.00,66.20,93.97,120.00,4.00,null,29.90,null,10.00,null,OVC,   ,   ,   ,2200.00,null,null,null,null,null,null,null,null,null,null,68.00,KCKM 251355Z AUTO 12004KT 10SM OVC022 20/19 A2990 RMK AO1,null
BIX,2011-04-25 13:55,-88.9244,30.4104,10.00,79.70,71.00,74.94,160.00,11.00,null,29.98,1015.50,10.00,null,SCT,   ,   ,   ,1500.00,null,null,null,null,null,null,null,null,null,null,83.02,KBIX 251355Z 16011KT 10SM SCT015 26/22 A2998 RMK AO2A SLP155 T02650217,null
DLP,2011-04-25 13:55,-89.5472,29.1214,0.00,80.60,73.40,78.76,150.00,8.00,null,29.96,null,8.00,null,BKN,BKN,   ,   ,2500.00,2900.00,null,null,null,null,null,null,null,null,null,85.32,KDLP 251355Z AUTO 15008KT 8SM BKN025 BKN029 27/23 A2996 RMK A01,null
HEZ,2011-04-25 13:55,-91.2973,31.6137,83.00,73.40,68.00,83.21,160.00,11.00,null,29.91,null,10.00,14.00,BKN,BKN,   ,   ,1500.00,2100.00,null,null,null,null,null,null,null,null,null,73.40,KHEZ 251355Z AUTO 16011G14KT 10SM BKN015 BKN021 23/20 A2991 RMK AO1,null
CBM,2011-04-25 13:55,-88.4438,33.6438,67.00,71.24,66.56,85.17,190.00,10.00,null,29.94,1014.00,10.00,16.00,BKN,OVC,   ,   ,1100.00,1700.00,null,null,null,null,null,null,null,null,null,71.24,KCBM 251355Z AUTO 19010G16KT 10SM BKN011 OVC017 22/19 A2994 RMK AO2 CIG 010V014 BKN V OVC SLP140 T02180192 $,null
PIB,2011-04-25 13:55,-89.3371,31.4671,91.00,73.40,66.20,78.19,160.00,8.00,null,29.98,null,9.00,null,SCT,BKN,OVC,   ,800.00,1800.00,2400.00,null,null,null,null,null,null,null,null,73.40,KPIB 251355Z AUTO 16008KT 9SM SCT008 BKN018 OVC024 23/19 A2998 RMK AO1,null
1R7,2011-04-25 13:55,-90.4093,31.6058,149.00,73.40,69.80,88.51,140.00,9.00,null,29.96,null,5.00,null,OVC,   ,   ,   ,1200.00,null,null,null,BR,null,null,null,null,null,null,74.60,K1R7 251355Z AUTO 14009KT 5SM BR OVC012 23/21 A2996 RMK AO2,null
MYT,2011-04-25 13:55,-89.6150,28.2206,0.00,78.80,71.60,78.62,170.00,12.00,null,29.94,null,2.00,null,CLR,   ,   ,   ,null,null,null,null,HZ,null,null,null,null,null,null,81.70,KMYT 251355Z AUTO 17012KT 2SM HZ CLR 26/22 A2994 RMK A01,null
MIS,2011-04-25 13:55,-88.8420,29.2960,32.00,82.40,73.40,74.28,220.00,8.00,null,29.98,null,3.00,14.00,   ,   ,   ,   ,null,null,null,null,HZ,null,null,null,null,null,null,88.26,KMIS 251355Z AUTO 22008G14KT 3SM HZ 28/23 A2998 RMK A01,null
UTA,2011-04-25 13:55,-90.3467,34.6811,59.00,64.40,62.60,93.88,150.00,7.00,0.01,29.89,null,10.00,null,OVC,   ,   ,   ,1800.00,null,null,null,-RA,null,null,null,null,null,null,64.40,KUTA 251355Z AUTO 15007KT 10SM -RA OVC018 18/17 A2989 RMK AO2 P0001 LTG DSNT N,null
M16,2011-04-25 13:55,-90.4105,32.3045,75.30,73.40,68.00,83.21,160.00,10.00,null,29.92,null,7.00,15.00,BKN,BKN,   ,   ,1500.00,9500.00,null,null,null,null,null,null,null,null,null,73.40,KM16 251355Z AUTO 16010G15KT 7SM BKN015 BKN095 23/20 A2992 RMK AO2,null
NMM,2011-04-25 13:56,-88.5556,32.5521,97.00,73.00,66.00,78.65,0.00,4.00,null,29.98,1015.90,10.00,null,BKN,OVC,   ,   ,1200.00,1900.00,null,null,null,null,null,null,null,null,null,73.04,KNMM 251356Z VRB04KT 10SM BKN012 OVC019 23/19 A2998 RMK AO2 SLP159 T02280189,null
MEI,2011-04-25 13:58,-88.7511,32.3347,94.00,73.00,68.00,84.22,180.00,11.00,null,29.98,1014.80,10.00,17.00,BKN,   ,   ,   ,1800.00,null,null,null,null,null,null,null,null,null,null,73.04,KMEI 251358Z 18011G17KT 10SM R01/5000VP6000FT BKN018 23/20 A2998 RMK AO2 SLP148 T02280200,null
MCB,2011-04-25 14:00,-90.4700,31.1800,126.00,75.20,69.80,83.32,150.00,9.00,null,29.94,null,10.00,18.00,BKN,BKN,BKN,   ,1000.00,1500.00,2000.00,null,null,null,null,null,null,null,null,76.34,KMCB 251400Z AUTO 15009G18KT 10SM BKN010 BKN015 BKN020 24/21 A2994 RMK AO2 CIG 008V013,null
CBM,2011-04-25 14:12,-88.4438,33.6438,67.00,71.60,66.20,83.09,180.00,10.00,null,29.94,1014.00,10.00,null,OVC,   ,   ,   ,1000.00,null,null,null,null,null,null,null,null,null,null,71.60,KCBM 251412Z AUTO 18010KT 10SM OVC010 22/19 A2994 RMK AO2 CIG 009V013 SLP140 $,null
NMM,2011-04-25 14:14,-88.5556,32.5521,97.00,73.40,64.40,73.44,0.00,6.00,null,29.98,null,10.00,null,BKN,OVC,   ,   ,1600.00,25000.00,null,null,null,null,null,null,null,null,null,73.40,KNMM 251414Z VRB06KT 10SM BKN016 OVC250 23/18 A2998 RMK AO2,null
MIS,2011-04-25 14:15,-88.8420,29.2960,32.00,84.20,73.40,70.08,210.00,7.00,null,29.99,null,3.00,13.00,   ,   ,   ,   ,null,null,null,null,HZ,null,null,null,null,null,null,90.94,KMIS 251415Z AUTO 21007G13KT 150V240 3SM HZ 29/23 A2999 RMK A01,null
CRX,2011-04-25 14:15,-88.6035,34.9150,129.00,66.20,62.60,88.18,190.00,5.00,null,29.93,null,10.00,null,SCT,SCT,BKN,   ,3700.00,6500.00,11000.00,null,null,null,null,null,null,null,null,66.20,KCRX 251415Z AUTO 19005KT 10SM SCT037 SCT065 BKN110 19/17 A2993 RMK AO2,null
MYT,2011-04-25 14:15,-89.6150,28.2206,0.00,78.80,71.60,78.62,170.00,12.00,null,29.94,null,2.00,null,CLR,   ,   ,   ,null,null,null,null,HZ,null,null,null,null,null,null,81.70,KMYT 251415Z AUTO 17012KT 2SM HZ CLR 26/22 A2994 RMK A01,null
M16,2011-04-25 14:15,-90.4105,32.3045,75.30,75.20,68.00,78.34,160.00,7.00,null,29.93,null,7.00,14.00,BKN,   ,   ,   ,1700.00,null,null,null,null,null,null,null,null,null,null,75.20,KM16 251415Z AUTO 16007G14KT 7SM BKN017 24/20 A2993 RMK AO2,null
CKM,2011-04-25 14:15,-90.5123,34.2997,52.70,69.80,66.20,88.34,130.00,5.00,null,29.89,null,9.00,null,OVC,   ,   ,   ,2000.00,null,null,null,null,null,null,null,null,null,null,69.80,KCKM 251415Z AUTO 13005KT 9SM OVC020 21/19 A2989 RMK AO1,null
HEZ,2011-04-25 14:15,-91.2973,31.6137,83.00,75.20,66.20,73.61,160.00,10.00,null,29.91,null,10.00,18.00,SCT,BKN,BKN,   ,1700.00,2300.00,2800.00,null,null,null,null,null,null,null,null,75.20,KHEZ 251415Z AUTO 16010G18KT 10SM SCT017 BKN023 BKN028 24/19 A2991 RMK AO1,null
1R7,2011-04-25 14:15,-90.4093,31.6058,149.00,75.20,69.80,83.32,150.00,9.00,null,29.96,null,5.00,14.00,BKN,BKN,   ,   ,1200.00,2000.00,null,null,HZ,null,null,null,null,null,null,76.34,K1R7 251415Z AUTO 15009G14KT 5SM HZ BKN012 BKN020 24/21 A2996 RMK AO2,null
DLP,2011-04-25 14:15,-89.5472,29.1214,0.00,78.80,73.40,83.55,0.00,6.00,null,29.96,null,7.00,11.00,FEW,FEW,FEW,   ,2400.00,3100.00,4600.00,null,null,null,null,null,null,null,null,82.03,KDLP 251415Z AUTO VRB06G11KT 7SM FEW024 FEW031 FEW046 26/23 A2996 RMK A01,null
UTA,2011-04-25 14:15,-90.3467,34.6811,59.00,64.40,62.60,93.88,160.00,8.00,null,29.89,null,10.00,null,SCT,SCT,BKN,   ,400.00,1300.00,2100.00,null,-RA,null,null,null,null,null,null,64.40,KUTA 251415Z AUTO 16008KT 10SM -RA SCT004 SCT013 BKN021 18/17 A2989 RMK AO2 LTG DSNT N,null
BIX,2011-04-25 14:22,-88.9244,30.4104,10.00,78.80,71.60,78.62,170.00,9.00,null,29.99,1015.60,10.00,null,BKN,   ,   ,   ,1500.00,null,null,null,null,null,null,null,null,null,null,81.70,KBIX 251422Z 17009KT 10SM BKN015 26/22 A2999 RMK AO2A SLP156,null
HBG,2011-04-25 14:24,-89.2529,31.2649,46.00,75.20,68.00,78.34,170.00,8.00,null,29.97,null,10.00,16.00,BKN,   ,   ,   ,1500.00,null,null,null,null,null,null,null,null,null,null,75.20,KHBG 251424Z AUTO 17008G16KT 10SM BKN015 24/20 A2997 RMK AO2 TSNO,null
MCB,2011-04-25 14:28,-90.4700,31.1800,126.00,75.20,69.80,83.32,170.00,15.00,null,29.94,null,10.00,19.00,SCT,BKN,   ,   ,1400.00,2300.00,null,null,null,null,null,null,null,null,null,76.34,KMCB 251428Z AUTO 17015G19KT 10SM SCT014 BKN023 24/21 A2994 RMK AO2,null
GWO,2011-04-25 14:30,-90.0847,33.4943,47.00,75.20,68.00,78.34,200.00,11.00,null,29.91,null,8.00,null,BKN,   ,   ,   ,2400.00,null,null,null,null,null,null,null,null,null,null,75.20,KGWO 251430Z AUTO 20011KT 8SM BKN024 24/20 A2991 RMK AO2,null
PQL,2011-04-25 14:32,-88.5319,30.4636,5.00,78.80,68.00,69.52,150.00,10.00,null,29.99,null,10.00,null,SCT,   ,   ,   ,2400.00,null,null,null,null,null,null,null,null,null,null,81.10,KPQL 251432Z 15010KT 10SM SCT024 26/20 A2999 RMK AO2,null
BIX,2011-04-25 14:32,-88.9244,30.4104,10.00,80.60,71.60,74.11,150.00,12.00,null,29.98,1015.40,10.00,16.00,SCT,SCT,   ,   ,1500.00,2000.00,null,null,null,null,null,null,null,null,null,84.57,KBIX 251432Z 15012G16KT 10SM SCT015 SCT020 27/22 A2998 RMK AO2A SLP154,null
MIS,2011-04-25 14:35,-88.8420,29.2960,32.00,84.20,71.60,65.95,0.00,5.00,null,29.99,null,3.00,null,   ,   ,   ,   ,null,null,null,null,HZ,null,null,null,null,null,null,89.60,KMIS 251435Z AUTO VRB05KT 3SM HZ 29/22 A2999 RMK A01,null
CKM,2011-04-25 14:35,-90.5123,34.2997,52.70,71.60,68.00,88.43,160.00,7.00,null,29.88,null,8.00,null,OVC,   ,   ,   ,2000.00,null,null,null,null,null,null,null,null,null,null,72.62,KCKM 251435Z AUTO 16007KT 8SM OVC020 22/20 A2988 RMK AO1,null
1R7,2011-04-25 14:35,-90.4093,31.6058,149.00,75.20,68.00,78.34,160.00,12.00,null,29.96,null,6.00,20.00,BKN,BKN,   ,   ,1600.00,2400.00,null,null,HZ,null,null,null,null,null,null,75.20,K1R7 251435Z AUTO 16012G20KT 020V020 6SM HZ BKN016 BKN024 24/20 A2996 RMK AO2,null
CRX,2011-04-25 14:35,-88.6035,34.9150,129.00,68.00,62.60,82.86,190.00,7.00,null,29.93,null,10.00,null,SCT,BKN,   ,   ,3400.00,11000.00,null,null,null,null,null,null,null,null,null,68.00,KCRX 251435Z AUTO 19007KT 10SM SCT034 BKN110 20/17 A2993 RMK AO2 LTG DSNT W AND NW,null
PIB,2011-04-25 14:35,-89.3371,31.4671,91.00,77.00,66.20,69.33,150.00,11.00,null,29.98,null,10.00,null,SCT,BKN,OVC,   ,1400.00,1900.00,2500.00,null,null,null,null,null,null,null,null,77.00,KPIB 251435Z AUTO 15011KT 10SM SCT014 BKN019 OVC025 25/19 A2998 RMK AO1,null
HEZ,2011-04-25 14:35,-91.2973,31.6137,83.00,75.20,66.20,73.61,180.00,14.00,null,29.91,null,10.00,18.00,SCT,SCT,   ,   ,2100.00,2800.00,null,null,null,null,null,null,null,null,null,75.20,KHEZ 251435Z AUTO 18014G18KT 10SM SCT021 SCT028 24/19 A2991 RMK AO1,null
M16,2011-04-25 14:35,-90.4105,32.3045,75.30,75.20,68.00,78.34,190.00,11.00,null,29.93,null,9.00,18.00,FEW,SCT,BKN,   ,1700.00,2200.00,2900.00,null,null,null,null,null,null,null,null,75.20,KM16 251435Z AUTO 19011G18KT 9SM FEW017 SCT022 BKN029 24/20 A2993 RMK AO2,null
DLP,2011-04-25 14:35,-89.5472,29.1214,0.00,78.80,73.40,83.55,150.00,7.00,null,29.96,null,7.00,null,FEW,FEW,   ,   ,2100.00,2600.00,null,null,null,null,null,null,null,null,null,82.03,KDLP 251435Z AUTO 15007KT 7SM FEW021 FEW026 26/23 A2996 RMK A01,null
MYT,2011-04-25 14:35,-89.6150,28.2206,0.00,78.80,71.60,78.62,170.00,12.00,null,29.94,null,1.75,null,CLR,   ,   ,   ,null,null,null,null,HZ,null,null,null,null,null,null,81.70,KMYT 251435Z AUTO 17012KT 1 3/4SM HZ CLR 26/22 A2994 RMK A01,null
UTA,2011-04-25 14:35,-90.3467,34.6811,59.00,68.00,64.40,88.26,160.00,7.00,null,29.88,null,10.00,null,SCT,SCT,SCT,   ,2700.00,3600.00,4400.00,null,null,null,null,null,null,null,null,68.00,KUTA 251435Z AUTO 16007KT 10SM SCT027 SCT036 SCT044 20/18 A2988 RMK AO2 LTG DSNT N AND NE,null
CBM,2011-04-25 14:39,-88.4438,33.6438,67.00,71.60,66.20,83.09,190.00,7.00,null,29.95,1014.30,10.00,null,OVC,   ,   ,   ,1100.00,null,null,null,null,null,null,null,null,null,null,71.60,KCBM 251439Z AUTO 19007KT 10SM OVC011 22/19 A2995 RMK AO2 CIG 009V013 SLP143 $,null
BIX,2011-04-25 14:42,-88.9244,30.4104,10.00,80.60,71.60,74.11,150.00,12.00,null,29.98,1015.30,10.00,null,SCT,BKN,   ,   ,1500.00,2600.00,null,null,null,null,null,null,null,null,null,84.57,KBIX 251442Z 15012KT 10SM SCT015 BKN026 27/22 A2998 RMK AO2A SLP153,null
TUP,2011-04-25 14:45,-88.7711,34.2608,110.00,73.40,66.20,78.19,200.00,8.00,null,29.93,null,10.00,null,OVC,   ,   ,   ,1600.00,null,null,null,null,null,null,null,null,null,null,73.40,KTUP 251445Z 20008KT 10SM OVC016 23/19 A2993 RMK AO2,null
OLV,2011-04-25 14:50,-89.7869,34.9787,122.50,64.40,64.40,100.00,180.00,8.00,null,29.89,null,10.00,null,BKN,OVC,   ,   ,1700.00,4700.00,null,null,null,null,null,null,null,null,null,64.40,KOLV 251450Z 18008KT 10SM BKN017 OVC047 18/18 A2989,null
GTR,2011-04-25 14:50,-88.5914,33.4503,80.00,71.60,69.80,94.06,170.00,16.00,null,29.95,null,10.00,21.00,BKN,OVC,   ,   ,1000.00,1700.00,null,null,null,null,null,null,null,null,null,72.88,KGTR 251450Z 17016G21KT 10SM BKN010 OVC017 22/21 A2995,null
HSA,2011-04-25 14:50,-89.4546,30.3678,7.00,78.80,75.20,88.75,150.00,12.00,null,29.96,null,7.00,18.00,SCT,BKN,   ,   ,2000.00,3500.00,null,null,null,null,null,null,null,null,null,82.38,KHSA 251450Z 15012G18KT 7SM SCT020 BKN035 26/24 A2996,null
TUP,2011-04-25 14:53,-88.7711,34.2608,110.00,73.00,66.00,78.65,210.00,8.00,null,29.93,1013.20,10.00,null,BKN,BKN,OVC,   ,1600.00,2100.00,2600.00,null,null,null,null,null,null,null,null,73.04,KTUP 251453Z 21008KT 10SM BKN016 BKN021 OVC026 23/19 A2993 RMK AO2 SLP132 T02280189 55004,null
MCB,2011-04-25 14:53,-90.4700,31.1800,126.00,76.00,68.00,76.48,160.00,11.00,null,29.94,1013.40,10.00,19.00,FEW,SCT,SCT,   ,2100.00,2900.00,3600.00,null,null,null,null,null,null,null,null,75.92,KMCB 251453Z AUTO 16011G19KT 10SM FEW021 SCT029 SCT036 24/20 A2994 RMK AO2 SLP134 T02440200 56006,null
GPT,2011-04-25 14:53,-89.0701,30.4073,9.00,80.00,69.00,69.23,150.00,15.00,null,29.97,1014.80,10.00,19.00,BKN,BKN,   ,   ,2000.00,3300.00,null,null,null,null,null,null,null,null,null,82.95,KGPT 251453Z 15015G19KT 10SM BKN020 BKN033 27/21 A2997 RMK AO2 SLP148 T02670206 56004,null
GLH,2011-04-25 14:53,-90.9856,33.4829,40.00,76.00,69.00,79.37,180.00,17.00,null,29.87,1012.00,10.00,23.00,FEW,   ,   ,   ,2400.00,null,null,null,null,null,null,null,null,null,null,76.94,KGLH 251453Z 18017G23KT 10SM FEW024 24/21 A2987 RMK AO2 SLP120 T02440206 53001,null
PQL,2011-04-25 14:53,-88.5319,30.4636,5.00,80.00,68.00,66.70,140.00,15.00,null,29.99,1015.60,10.00,19.00,FEW,SCT,SCT,   ,2300.00,4200.00,5500.00,null,null,null,null,null,null,null,null,82.65,KPQL 251453Z 14015G19KT 10SM FEW023 SCT042 SCT055 27/20 A2999 RMK AO2 SLP156 T02670200 50001,null
HBG,2011-04-25 14:53,-89.2529,31.2649,46.00,78.00,68.00,71.19,160.00,10.00,null,29.97,1014.50,10.00,17.00,SCT,BKN,   ,   ,1900.00,2600.00,null,null,null,null,null,null,null,null,null,78.08,KHBG 251453Z AUTO 16010G17KT 10SM SCT019 BKN026 26/20 A2997 RMK AO2 SLP145 T02560200 58005 TSNO,null
GWO,2011-04-25 14:53,-90.0847,33.4943,47.00,77.00,68.00,73.78,190.00,11.00,null,29.91,1012.60,8.00,null,SCT,   ,   ,   ,2600.00,null,null,null,null,null,null,null,null,null,null,77.00,KGWO 251453Z AUTO 19011KT 8SM SCT026 25/20 A2991 RMK AO2 SLP126 T02500200 55002,null
HKS,2011-04-25 14:53,-90.2225,32.3348,104.00,76.00,67.00,73.68,190.00,11.00,null,29.95,1013.30,10.00,20.00,BKN,BKN,   ,   ,2100.00,2700.00,null,null,null,null,null,null,null,null,null,75.92,KHKS 251453Z 19011G20KT 10SM BKN021 BKN027 24/19 A2995 RMK AO2 SLP133 T02440194 55005,null
MEI,2011-04-25 14:54,-88.7511,32.3347,94.00,75.20,66.20,73.61,180.00,12.00,null,29.98,null,10.00,18.00,FEW,SCT,   ,   ,2000.00,3000.00,null,null,null,null,null,null,null,null,null,75.20,KMEI 251454Z 18012G18KT 10SM R01/4000VP6000FT FEW020 SCT030 24/19 A2998 RMK AO2,null
JAN,2011-04-25 14:54,-90.0800,32.3200,101.00,78.00,67.00,68.59,170.00,11.00,null,29.95,1013.60,10.00,18.00,SCT,BKN,   ,   ,2400.00,3000.00,null,null,null,null,null,null,null,null,null,78.08,KJAN 251454Z 17011G18KT 10SM SCT024 BKN030TCU 26/19 A2995 RMK AO2 SLP136 TCU ALQDS T02560194 56005,null
MIS,2011-04-25 14:55,-88.8420,29.2960,32.00,84.20,73.40,70.08,220.00,11.00,null,29.98,null,3.00,null,   ,   ,   ,   ,null,null,null,null,HZ,null,null,null,null,null,null,90.94,KMIS 251455Z AUTO 22011KT 3SM HZ 29/23 A2998 RMK A01,null
CBM,2011-04-25 14:55,-88.4438,33.6438,67.00,72.32,66.56,82.11,180.00,8.00,null,29.96,1014.50,10.00,null,OVC,   ,   ,   ,1200.00,null,null,null,null,null,null,null,null,null,null,72.32,KCBM 251455Z AUTO 18008KT 10SM OVC012 22/19 A2996 RMK AO2 CIG 011V015 SLP145 T02240192 55009 $,null
1R7,2011-04-25 14:55,-90.4093,31.6058,149.00,77.00,68.00,73.78,180.00,11.00,null,29.96,null,6.00,17.00,SCT,SCT,BKN,   ,1900.00,2300.00,3000.00,null,HZ,null,null,null,null,null,null,77.00,K1R7 251455Z AUTO 18011G17KT 6SM HZ SCT019 SCT023 BKN030 25/20 A2996 RMK AO2,null
PIB,2011-04-25 14:55,-89.3371,31.4671,91.00,75.20,66.20,73.61,180.00,11.00,null,29.98,null,10.00,null,SCT,BKN,OVC,   ,1600.00,2100.00,3200.00,null,null,null,null,null,null,null,null,75.20,KPIB 251455Z AUTO 18011KT 10SM SCT016 BKN021 OVC032 24/19 A2998 RMK AO1 57007,null
UTA,2011-04-25 14:55,-90.3467,34.6811,59.00,69.80,64.40,82.98,160.00,8.00,null,29.88,null,10.00,null,SCT,SCT,SCT,   ,2700.00,3600.00,4300.00,null,null,null,null,null,null,null,null,69.80,KUTA 251455Z AUTO 16008KT 10SM SCT027 SCT036 SCT043 21/18 A2988 RMK AO2 LTG DSNT NE,null
CRX,2011-04-25 14:55,-88.6035,34.9150,129.00,68.00,62.60,82.86,190.00,5.00,null,29.93,null,10.00,null,BKN,BKN,OVC,   ,2400.00,3100.00,11000.00,null,null,null,null,null,null,null,null,68.00,KCRX 251455Z AUTO 19005KT 10SM BKN024 BKN031 OVC110 20/17 A2993 RMK AO2,null
BIX,2011-04-25 14:55,-88.9244,30.4104,10.00,79.88,71.24,74.96,150.00,14.00,null,29.98,1015.30,10.00,null,SCT,   ,   ,   ,1700.00,null,null,null,null,null,null,null,null,null,null,83.35,KBIX 251455Z 15014KT 10SM SCT017 27/22 A2998 RMK AO2A SLP153 T02660218 58001,null
DLP,2011-04-25 14:55,-89.5472,29.1214,0.00,78.80,73.40,83.55,150.00,7.00,null,29.95,null,7.00,null,CLR,   ,   ,   ,null,null,null,null,null,null,null,null,null,null,null,82.03,KDLP 251455Z AUTO 15007KT 110V170 7SM CLR 26/23 A2995 RMK A01,null
M16,2011-04-25 14:55,-90.4105,32.3045,75.30,75.20,68.00,78.34,170.00,9.00,null,29.94,null,9.00,18.00,BKN,BKN,   ,   ,2400.00,3100.00,null,null,null,null,null,null,null,null,null,75.20,KM16 251455Z AUTO 17009G18KT 9SM BKN024 BKN031 24/20 A2994 RMK AO2,null
HEZ,2011-04-25 14:55,-91.2973,31.6137,83.00,75.20,66.20,73.61,160.00,13.00,null,29.91,null,10.00,21.00,FEW,   ,   ,   ,2100.00,null,null,null,null,null,null,null,null,null,null,75.20,KHEZ 251455Z AUTO 16013G21KT 10SM FEW021 24/19 A2991 RMK AO1 57007,null
MYT,2011-04-25 14:55,-89.6150,28.2206,0.00,78.80,71.60,78.62,160.00,13.00,null,29.94,null,1.75,null,CLR,   ,   ,   ,null,null,null,null,HZ,null,null,null,null,null,null,81.70,KMYT 251455Z AUTO 16013KT 1 3/4SM HZ CLR 26/22 A2994 RMK A01,null
CKM,2011-04-25 14:55,-90.5123,34.2997,52.70,75.20,69.80,83.32,170.00,12.00,null,29.88,null,7.00,17.00,OVC,   ,   ,   ,2200.00,null,null,null,null,null,null,null,null,null,null,76.34,KCKM 251455Z AUTO 17012G17KT 7SM OVC022 24/21 A2988 RMK AO1,null
NMM,2011-04-25 14:56,-88.5556,32.5521,97.00,76.00,65.00,68.78,200.00,7.00,null,29.98,1015.90,10.00,null,SCT,SCT,BKN,   ,1800.00,2500.00,3500.00,null,null,null,null,null,null,null,null,75.92,KNMM 251456Z 20007KT 10SM SCT018 SCT025 BKN035 24/18 A2998 RMK AO2 SLP159 T02440183 56008,null
MEI,2011-04-25 14:58,-88.7511,32.3347,94.00,76.00,67.00,73.68,190.00,14.00,null,29.98,1014.80,10.00,18.00,FEW,SCT,   ,   ,2000.00,3100.00,null,null,null,null,null,null,null,null,null,75.92,KMEI 251458Z 19014G18KT 10SM R01/4000VP6000FT FEW020 SCT031 24/19 A2998 RMK AO2 SLP148 T02440194 55002,null
HEZ,2011-04-25 15:15,-91.2973,31.6137,83.00,77.00,66.20,69.33,180.00,13.00,null,29.91,null,10.00,19.00,CLR,   ,   ,   ,null,null,null,null,null,null,null,null,null,null,null,77.00,KHEZ 251515Z AUTO 18013G19KT 10SM CLR 25/19 A2991 RMK AO1,null
CRX,2011-04-25 15:15,-88.6035,34.9150,129.00,71.60,62.60,73.27,170.00,7.00,null,29.93,null,10.00,null,BKN,BKN,   ,   ,2400.00,11000.00,null,null,null,null,null,null,null,null,null,71.60,KCRX 251515Z AUTO 17007KT 10SM BKN024 BKN110 22/17 A2993 RMK AO2 LTG DSNT NW,null
M16,2011-04-25 15:15,-90.4105,32.3045,75.30,77.00,66.20,69.33,170.00,10.00,null,29.93,null,9.00,20.00,FEW,SCT,SCT,   ,2400.00,3200.00,3900.00,null,null,null,null,null,null,null,null,77.00,KM16 251515Z AUTO 17010G20KT 9SM FEW024 SCT032 SCT039 25/19 A2993 RMK AO2,null
DLP,2011-04-25 15:15,-89.5472,29.1214,0.00,80.60,73.40,78.76,150.00,7.00,null,29.95,null,7.00,null,CLR,   ,   ,   ,null,null,null,null,null,null,null,null,null,null,null,85.32,KDLP 251515Z AUTO 15007KT 130V190 7SM CLR 27/23 A2995 RMK A01,null
1R7,2011-04-25 15:15,-90.4093,31.6058,149.00,77.00,66.20,69.33,170.00,11.00,null,29.96,null,7.00,null,BKN,BKN,   ,   ,2100.00,3200.00,null,null,null,null,null,null,null,null,null,77.00,K1R7 251515Z AUTO 17011KT 7SM BKN021 BKN032 25/19 A2996 RMK AO2,null
CKM,2011-04-25 15:15,-90.5123,34.2997,52.70,75.20,68.00,78.34,180.00,11.00,null,29.87,null,8.00,16.00,OVC,   ,   ,   ,2400.00,null,null,null,null,null,null,null,null,null,null,75.20,KCKM 251515Z AUTO 18011G16KT 8SM OVC024 24/20 A2987 RMK AO1,null
MIS,2011-04-25 15:15,-88.8420,29.2960,32.00,84.20,73.40,70.08,220.00,8.00,null,29.98,null,3.00,14.00,   ,   ,   ,   ,null,null,null,null,HZ,null,null,null,null,null,null,90.94,KMIS 251515Z AUTO 22008G14KT 3SM HZ 29/23 A2998 RMK A01,null
UTA,2011-04-25 15:15,-90.3467,34.6811,59.00,71.60,68.00,88.43,160.00,10.00,null,29.87,null,10.00,null,SCT,SCT,   ,   ,2500.00,3800.00,null,null,null,null,null,null,null,null,null,72.62,KUTA 251515Z AUTO 16010KT 10SM SCT025 SCT038 22/20 A2987 RMK AO2 LTG DSNT N AND NE,null
PIB,2011-04-25 15:15,-89.3371,31.4671,91.00,78.80,66.20,65.33,160.00,9.00,null,29.98,null,10.00,null,SCT,BKN,OVC,   ,1900.00,3800.00,4700.00,null,null,null,null,null,null,null,null,80.82,KPIB 251515Z AUTO 16009KT 10SM SCT019 BKN038 OVC047 26/19 A2998 RMK AO1,null
MYT,2011-04-25 15:15,-89.6150,28.2206,0.00,78.80,71.60,78.62,170.00,13.00,null,29.94,null,2.00,null,CLR,   ,   ,   ,null,null,null,null,HZ,null,null,null,null,null,null,81.70,KMYT 251515Z AUTO 17013KT 2SM HZ CLR 26/22 A2994 RMK A01,null
HKS,2011-04-25 15:21,-90.2225,32.3348,104.00,78.80,66.20,65.33,160.00,15.00,null,29.95,null,10.00,null,FEW,   ,   ,   ,2300.00,null,null,null,null,null,null,null,null,null,null,80.82,KHKS 251521Z 16015KT 10SM FEW023 26/19 A2995 RMK AO2,null
CBM,2011-04-25 15:21,-88.4438,33.6438,67.00,73.40,66.20,78.19,190.00,13.00,null,29.97,1014.80,10.00,21.00,BKN,OVC,   ,   ,1600.00,2200.00,null,null,null,null,null,null,null,null,null,73.40,KCBM 251521Z AUTO 19013G21KT 10SM BKN016 OVC022 23/19 A2997 RMK AO2 CIG 012V019 SLP148 $,null
PQL,2011-04-25 15:25,-88.5319,30.4636,5.00,78.80,68.00,69.52,140.00,12.00,null,29.99,null,10.00,21.00,BKN,BKN,OVC,   ,2300.00,3100.00,3800.00,null,null,null,null,null,null,null,null,81.10,KPQL 251525Z 14012G21KT 10SM BKN023 BKN031 OVC038 26/20 A2999 RMK AO2,null
HBG,2011-04-25 15:34,-89.2529,31.2649,46.00,78.80,66.20,65.33,170.00,6.00,null,29.98,null,10.00,null,BKN,BKN,   ,   ,2600.00,3400.00,null,null,null,null,null,null,null,null,null,80.82,KHBG 251534Z AUTO 17006KT 10SM BKN026 BKN034 26/19 A2998 RMK AO2 TSNO $,null
1R7,2011-04-25 15:35,-90.4093,31.6058,149.00,78.80,68.00,69.52,170.00,9.00,null,29.96,null,7.00,16.00,SCT,BKN,BKN,   ,2300.00,2800.00,4100.00,null,null,null,null,null,null,null,null,81.10,K1R7 251535Z AUTO 17009G16KT 7SM SCT023 BKN028 BKN041 26/20 A2996 RMK AO2,null
HEZ,2011-04-25 15:35,-91.2973,31.6137,83.00,78.80,66.20,65.33,160.00,16.00,null,29.91,null,10.00,19.00,FEW,SCT,SCT,   ,3000.00,3500.00,4300.00,null,null,null,null,null,null,null,null,80.82,KHEZ 251535Z AUTO 16016G19KT 140V200 10SM FEW030 SCT035 SCT043 26/19 A2991 RMK AO1,null
DLP,2011-04-25 15:35,-89.5472,29.1214,0.00,80.60,73.40,78.76,150.00,9.00,null,29.95,null,7.00,null,CLR,   ,   ,   ,null,null,null,null,null,null,null,null,null,null,null,85.32,KDLP 251535Z AUTO 15009KT 7SM CLR 27/23 A2995 RMK A01,null
MYT,2011-04-25 15:35,-89.6150,28.2206,0.00,78.80,71.60,78.62,170.00,12.00,null,29.94,null,2.00,null,FEW,   ,   ,   ,2700.00,null,null,null,HZ,null,null,null,null,null,null,81.70,KMYT 251535Z AUTO 17012KT 2SM HZ FEW027 26/22 A2994 RMK A01,null
MIS,2011-04-25 15:35,-88.8420,29.2960,32.00,82.40,73.40,74.28,220.00,9.00,null,29.98,null,2.50,null,   ,   ,   ,   ,null,null,null,null,HZ,null,null,null,null,null,null,88.26,KMIS 251535Z AUTO 22009KT 2 1/2SM HZ 28/23 A2998 RMK A01,null
CRX,2011-04-25 15:35,-88.6035,34.9150,129.00,73.40,64.40,73.44,150.00,7.00,null,29.93,null,10.00,null,SCT,   ,   ,   ,11000.00,null,null,null,null,null,null,null,null,null,null,73.40,KCRX 251535Z AUTO 15007KT 10SM SCT110 23/18 A2993 RMK AO2,null
CKM,2011-04-25 15:35,-90.5123,34.2997,52.70,75.20,68.00,78.34,180.00,12.00,null,29.86,null,8.00,18.00,BKN,OVC,   ,   ,2600.00,3100.00,null,null,null,null,null,null,null,null,null,75.20,KCKM 251535Z AUTO 18012G18KT 8SM BKN026 OVC031 24/20 A2986 RMK AO1,null
UTA,2011-04-25 15:35,-90.3467,34.6811,59.00,71.60,68.00,88.43,170.00,10.00,null,29.87,null,10.00,null,SCT,SCT,   ,   ,2800.00,3700.00,null,null,null,null,null,null,null,null,null,72.62,KUTA 251535Z AUTO 17010KT 10SM SCT028 SCT037 22/20 A2987 RMK AO2 LTG DSNT NE AND W,null
PIB,2011-04-25 15:35,-89.3371,31.4671,91.00,80.60,66.20,61.58,150.00,13.00,null,29.98,null,10.00,16.00,FEW,SCT,BKN,   ,2300.00,3200.00,4000.00,null,null,null,null,null,null,null,null,82.75,KPIB 251535Z AUTO 15013G16KT 10SM FEW023 SCT032 BKN040 27/19 A2998 RMK AO1,null
M16,2011-04-25 15:35,-90.4105,32.3045,75.30,78.80,66.20,65.33,160.00,12.00,null,29.93,null,8.00,16.00,FEW,FEW,   ,   ,3200.00,3900.00,null,null,null,null,null,null,null,null,null,80.82,KM16 251535Z AUTO 16012G16KT 8SM FEW032 FEW039 26/19 A2993 RMK AO2,null
TUP,2011-04-25 15:37,-88.7711,34.2608,110.00,75.20,66.20,73.61,200.00,10.00,null,29.93,null,10.00,null,FEW,SCT,SCT,   ,2000.00,2500.00,11000.00,null,null,null,null,null,null,null,null,75.20,KTUP 251537Z 20010KT 10SM FEW020 SCT025 SCT110 24/19 A2993 RMK AO2,null
CBM,2011-04-25 15:40,-88.4438,33.6438,67.00,75.20,66.20,73.61,230.00,12.00,null,29.97,1014.90,10.00,null,BKN,OVC,   ,   ,2000.00,2500.00,null,null,null,null,null,null,null,null,null,75.20,KCBM 251540Z AUTO 23012KT 10SM BKN020 OVC025 24/19 A2997 RMK AO2 CIG 015V023 OVC V BKN SLP149 $,null
CBM,2011-04-25 15:41,-88.4438,33.6438,67.00,75.20,66.20,73.61,220.00,11.00,null,29.97,1014.90,10.00,null,BKN,OVC,   ,   ,1900.00,2500.00,null,null,null,null,null,null,null,null,null,75.20,KCBM 251541Z AUTO 22011KT 10SM BKN019 OVC025 24/19 A2997 RMK AO2 CIG 015V024 SLP149 $,null
CBM,2011-04-25 15:44,-88.4438,33.6438,67.00,75.20,66.20,73.61,220.00,9.00,null,29.97,1014.90,10.00,null,BKN,BKN,   ,   ,2100.00,2700.00,null,null,null,null,null,null,null,null,null,75.20,KCBM 251544Z AUTO 22009KT 10SM BKN021 BKN027 24/19 A2997 RMK AO2 CIG 016V023 SLP149 $,null
GPT,2011-04-25 15:53,-89.0701,30.4073,9.00,82.00,70.00,66.93,140.00,17.00,null,29.98,1015.20,10.00,null,BKN,   ,   ,   ,2000.00,null,null,null,null,null,null,null,null,null,null,85.85,KGPT 251553Z 14017KT 10SM BKN020 28/21 A2998 RMK AO2 SLP152 T02780211,null
GWO,2011-04-25 15:53,-90.0847,33.4943,47.00,79.00,67.00,66.58,190.00,14.00,null,29.90,1012.20,8.00,22.00,CLR,   ,   ,   ,null,null,null,null,null,null,null,null,29.00,200.00,2011-04-25 15:28,81.14,KGWO 251553Z AUTO 19014G22KT 8SM CLR 26/19 A2990 RMK AO2 PK WND 20029/1528 SLP122 T02610194,null
GLH,2011-04-25 15:53,-90.9856,33.4829,40.00,77.00,68.00,73.78,190.00,17.00,null,29.87,1011.90,10.00,24.00,FEW,   ,   ,   ,3100.00,null,null,null,null,null,null,null,null,null,null,77.00,KGLH 251553Z 19017G24KT 10SM FEW031 25/20 A2987 RMK AO2 SLP119 T02500200,null
MCB,2011-04-25 15:53,-90.4700,31.1800,126.00,82.00,64.00,54.50,160.00,14.00,null,29.95,1013.60,10.00,26.00,CLR,   ,   ,   ,null,null,null,null,null,null,null,null,26.00,160.00,2011-04-25 15:45,83.52,KMCB 251553Z AUTO 16014G26KT 130V190 10SM CLR 28/18 A2995 RMK AO2 PK WND 16026/1545 SLP136 T02780178,null
TUP,2011-04-25 15:53,-88.7711,34.2608,110.00,76.00,67.00,73.68,190.00,10.00,null,29.93,1013.00,10.00,null,FEW,   ,   ,   ,2300.00,null,null,null,null,null,null,null,null,null,null,75.92,KTUP 251553Z 19010KT 10SM FEW023 24/19 A2993 RMK AO2 SLP130 T02440194,null
HKS,2011-04-25 15:53,-90.2225,32.3348,104.00,80.00,66.00,62.29,160.00,13.00,null,29.94,1012.80,10.00,19.00,FEW,   ,   ,   ,2800.00,null,null,null,null,null,null,null,null,null,null,82.14,KHKS 251553Z 16013G19KT 10SM FEW028 27/19 A2994 RMK AO2 SLP128 T02670189,null
PQL,2011-04-25 15:53,-88.5319,30.4636,5.00,77.00,68.00,73.78,170.00,7.00,null,29.99,1015.80,10.00,18.00,SCT,BKN,OVC,   ,2300.00,2800.00,4100.00,null,null,null,null,null,null,null,null,77.00,KPQL 251553Z 17007G18KT 10SM SCT023 BKN028 OVC041 25/20 A2999 RMK AO2 SLP158 T02500200,null
JAN,2011-04-25 15:54,-90.0800,32.3200,101.00,80.00,65.00,59.99,160.00,12.00,null,29.94,1013.40,10.00,23.00,BKN,   ,   ,   ,2800.00,null,null,null,null,null,null,null,null,null,null,81.88,KJAN 251554Z 16012G23KT 10SM BKN028 27/18 A2994 RMK AO2 SLP134 T02670183,null
MYT,2011-04-25 15:55,-89.6150,28.2206,0.00,78.80,73.40,83.55,170.00,12.00,null,29.94,null,2.00,null,FEW,FEW,   ,   ,2800.00,3800.00,null,null,HZ,null,null,null,null,null,null,82.03,KMYT 251555Z AUTO 17012KT 2SM HZ FEW028 FEW038 26/23 A2994 RMK A01,null
MIS,2011-04-25 15:55,-88.8420,29.2960,32.00,84.20,73.40,70.08,210.00,9.00,null,29.98,null,2.50,null,   ,   ,   ,   ,null,null,null,null,HZ,null,null,null,null,null,null,90.94,KMIS 251555Z AUTO 21009KT 2 1/2SM HZ 29/23 A2998 RMK A01,null
BIX,2011-04-25 15:55,-88.9244,30.4104,10.00,81.14,72.00,73.71,160.00,11.00,null,29.99,1015.80,10.00,18.00,FEW,SCT,BKN,   ,1500.00,2500.00,4000.00,null,null,null,null,null,null,null,null,85.54,KBIX 251555Z 16011G18KT 10SM FEW015 SCT025 BKN040 27/22 A2999 RMK AO2A FEW V SCT SLP158 T02730222,null
UTA,2011-04-25 15:55,-90.3467,34.6811,59.00,71.60,68.00,88.43,170.00,9.00,null,29.85,null,10.00,null,SCT,BKN,   ,   ,2600.00,3200.00,null,null,null,null,null,null,null,null,null,72.62,KUTA 251555Z AUTO 17009KT 10SM SCT026 BKN032 22/20 A2985 RMK AO2 LTG DSNT NE AND W,null
CRX,2011-04-25 15:55,-88.6035,34.9150,129.00,75.20,66.20,73.61,180.00,12.00,null,29.93,null,10.00,18.00,SCT,SCT,BKN,   ,1800.00,2400.00,11000.00,null,null,null,null,null,null,null,null,75.20,KCRX 251555Z AUTO 18012G18KT 10SM SCT018 SCT024 BKN110 24/19 A2993 RMK AO2 LTG DSNT NW,null
M16,2011-04-25 15:55,-90.4105,32.3045,75.30,80.60,66.20,61.58,160.00,12.00,null,29.93,null,10.00,19.00,CLR,   ,   ,   ,null,null,null,null,null,null,null,null,null,null,null,82.75,KM16 251555Z AUTO 16012G19KT 10SM CLR 27/19 A2993 RMK AO2,null
1R7,2011-04-25 15:55,-90.4093,31.6058,149.00,78.80,66.20,65.33,170.00,12.00,null,29.96,null,7.00,18.00,SCT,SCT,BKN,   ,2800.00,3400.00,4200.00,null,null,null,null,null,null,null,null,80.82,K1R7 251555Z AUTO 17012G18KT 7SM SCT028 SCT034 BKN042 26/19 A2996 RMK AO2,null
HEZ,2011-04-25 15:55,-91.2973,31.6137,83.00,80.60,66.20,61.58,160.00,12.00,null,29.92,null,10.00,23.00,FEW,SCT,SCT,   ,3400.00,4100.00,5000.00,null,null,null,null,null,null,null,null,82.75,KHEZ 251555Z AUTO 16012G23KT 10SM FEW034 SCT041 SCT050 27/19 A2992 RMK AO1,null
DLP,2011-04-25 15:55,-89.5472,29.1214,0.00,80.60,73.40,78.76,150.00,8.00,null,29.95,null,8.00,null,CLR,   ,   ,   ,null,null,null,null,null,null,null,null,null,null,null,85.32,KDLP 251555Z AUTO 15008KT 8SM CLR 27/23 A2995 RMK A01,null
CBM,2011-04-25 15:55,-88.4438,33.6438,67.00,76.28,65.84,70.13,210.00,10.00,null,29.97,1014.70,10.00,18.00,BKN,   ,   ,   ,2100.00,null,null,null,null,null,null,null,null,null,null,76.28,KCBM 251555Z AUTO 21010G18KT 10SM BKN021 25/19 A2997 RMK AO2 CIG 018V026 SLP147 T02460188 $,null
GTR,2011-04-25 15:55,-88.5914,33.4503,80.00,75.20,69.80,83.32,180.00,10.00,null,29.97,null,10.00,16.00,BKN,BKN,BKN,   ,1800.00,2300.00,2800.00,null,null,null,null,null,null,null,null,76.34,KGTR 251555Z 18010G16KT 10SM BKN018 BKN023 BKN028 24/21 A2997,null
PIB,2011-04-25 15:55,-89.3371,31.4671,91.00,80.60,66.20,61.58,170.00,9.00,null,29.99,null,10.00,null,FEW,SCT,BKN,   ,2500.00,3000.00,4800.00,null,null,null,null,null,null,null,null,82.75,KPIB 251555Z AUTO 17009KT 10SM FEW025 SCT030 BKN048 27/19 A2999 RMK AO1,null
CKM,2011-04-25 15:55,-90.5123,34.2997,52.70,77.00,68.00,73.78,170.00,17.00,null,29.86,null,8.00,21.00,BKN,OVC,   ,   ,2600.00,3300.00,null,null,null,null,null,null,null,null,null,77.00,KCKM 251555Z AUTO 17017G21KT 8SM BKN026 OVC033 25/20 A2986 RMK AO1,null
NMM,2011-04-25 15:56,-88.5556,32.5521,97.00,79.00,65.00,62.16,0.00,4.00,null,29.99,1016.30,10.00,null,SCT,SCT,BKN,   ,3000.00,3800.00,25000.00,null,null,null,null,null,null,null,null,80.82,KNMM 251556Z VRB04KT 10SM SCT030 SCT038 BKN250 26/18 A2999 RMK AO2 SLP163 T02610183,null
MEI,2011-04-25 15:58,-88.7511,32.3347,94.00,79.00,66.00,64.54,180.00,14.00,null,29.98,1014.90,10.00,null,SCT,   ,   ,   ,4300.00,null,null,null,null,null,null,null,null,null,null,80.99,KMEI 251558Z 18014KT 10SM R01/5500VP6000FT SCT043 26/19 A2998 RMK AO2 SLP149 T02610189,null
CBM,2011-04-25 15:59,-88.4438,33.6438,67.00,77.00,66.20,69.33,210.00,11.00,null,29.96,1014.70,10.00,null,SCT,SCT,   ,   ,2100.00,2600.00,null,null,null,null,null,null,null,null,null,77.00,KCBM 251559Z AUTO 21011KT 10SM SCT021 SCT026 25/19 A2996 RMK AO2 SLP147 $,null
CRX,2011-04-25 16:15,-88.6035,34.9150,129.00,75.20,64.40,69.14,170.00,12.00,null,29.92,null,10.00,null,FEW,BKN,   ,   ,2200.00,8000.00,null,null,null,null,null,null,null,null,null,75.20,KCRX 251615Z AUTO 17012KT 10SM FEW022 BKN080 24/18 A2992 RMK AO2 LTG DSNT N AND NW,null
MIS,2011-04-25 16:15,-88.8420,29.2960,32.00,86.00,73.40,66.15,210.00,11.00,null,29.98,null,2.50,null,   ,   ,   ,   ,null,null,null,null,HZ,null,null,null,null,null,null,93.45,KMIS 251615Z AUTO 21011KT 2 1/2SM HZ 30/23 A2998 RMK A01,null
1R7,2011-04-25 16:15,-90.4093,31.6058,149.00,80.60,66.20,61.58,160.00,12.00,null,29.96,null,7.00,20.00,FEW,   ,   ,   ,2800.00,null,null,null,null,null,null,null,null,null,null,82.75,K1R7 251615Z AUTO 16012G20KT 7SM FEW028 27/19 A2996 RMK AO2,null
HEZ,2011-04-25 16:15,-91.2973,31.6137,83.00,80.60,64.40,57.84,190.00,11.00,null,29.91,null,10.00,22.00,SCT,BKN,BKN,   ,3400.00,4300.00,4900.00,null,null,null,null,null,null,null,null,82.27,KHEZ 251615Z AUTO 19011G22KT 10SM SCT034 BKN043 BKN049 27/18 A2991 RMK AO1,null
PIB,2011-04-25 16:15,-89.3371,31.4671,91.00,78.80,64.40,61.36,160.00,8.00,null,29.98,null,10.00,15.00,SCT,BKN,   ,   ,3000.00,4200.00,null,null,null,null,null,null,null,null,null,80.56,KPIB 251615Z AUTO 16008G15KT 130V190 10SM SCT030 BKN042 26/18 A2998 RMK AO1,null
MYT,2011-04-25 16:15,-89.6150,28.2206,0.00,78.80,73.40,83.55,170.00,12.00,null,29.94,null,1.75,null,CLR,   ,   ,   ,null,null,null,null,HZ,null,null,null,null,null,null,82.03,KMYT 251615Z AUTO 17012KT 1 3/4SM HZ CLR 26/23 A2994 RMK A01,null
DLP,2011-04-25 16:15,-89.5472,29.1214,0.00,80.60,73.40,78.76,140.00,8.00,null,29.96,null,8.00,14.00,CLR,   ,   ,   ,null,null,null,null,null,null,null,null,null,null,null,85.32,KDLP 251615Z AUTO 14008G14KT 8SM CLR 27/23 A2996 RMK A01,null
CRX,2011-04-25 16:35,-88.6035,34.9150,129.00,75.20,64.40,69.14,170.00,11.00,null,29.91,null,10.00,20.00,FEW,BKN,   ,   ,2400.00,9000.00,null,null,null,null,null,null,null,null,null,75.20,KCRX 251635Z AUTO 17011G20KT 10SM FEW024 BKN090 24/18 A2991 RMK AO2 LTG DSNT N AND NW,null
MIS,2011-04-25 16:35,-88.8420,29.2960,32.00,84.20,73.40,70.08,210.00,8.00,null,29.98,null,3.00,null,   ,   ,   ,   ,null,null,null,null,HZ,null,null,null,null,null,null,90.94,KMIS 251635Z AUTO 21008KT 3SM HZ 29/23 A2998 RMK A01,null
M16,2011-04-25 16:35,-90.4105,32.3045,75.30,80.60,64.40,57.84,170.00,14.00,null,29.92,null,9.00,21.00,FEW,   ,   ,   ,3900.00,null,null,null,null,null,null,null,null,null,null,82.27,KM16 251635Z AUTO 17014G21KT 9SM FEW039 27/18 A2992 RMK AO2,null
PIB,2011-04-25 16:35,-89.3371,31.4671,91.00,80.60,66.20,61.58,170.00,10.00,null,29.98,null,10.00,19.00,SCT,BKN,OVC,   ,3000.00,3900.00,6000.00,null,null,null,null,null,null,null,null,82.75,KPIB 251635Z AUTO 17010G19KT 10SM SCT030 BKN039 OVC060 27/19 A2998 RMK AO1,null
HEZ,2011-04-25 16:35,-91.2973,31.6137,83.00,80.60,64.40,57.84,180.00,13.00,null,29.91,null,10.00,23.00,SCT,BKN,   ,   ,3800.00,4900.00,null,null,null,null,null,null,null,null,null,82.27,KHEZ 251635Z AUTO 18013G23KT 10SM SCT038 BKN049 27/18 A2991 RMK AO1,null
UOX,2011-04-25 16:35,-89.5368,34.3843,137.80,77.00,64.40,65.12,200.00,9.00,null,29.90,null,10.00,19.00,BKN,BKN,BKN,   ,3100.00,4400.00,9000.00,null,null,null,null,null,null,null,null,77.00,KUOX 251635Z AUTO 20009G19KT 10SM BKN031 BKN044 BKN090 25/18 A2990 RMK AO2 LTG DSNT W,null
CKM,2011-04-25 16:35,-90.5123,34.2997,52.70,77.00,68.00,73.78,170.00,17.00,null,29.85,null,8.00,22.00,BKN,   ,   ,   ,3100.00,null,null,null,null,null,null,null,null,null,null,77.00,KCKM 251635Z AUTO 17017G22KT 8SM BKN031 25/20 A2985 RMK AO1,null
MYT,2011-04-25 16:35,-89.6150,28.2206,0.00,78.80,73.40,83.55,160.00,14.00,null,29.93,null,1.75,null,CLR,   ,   ,   ,null,null,null,null,HZ,null,null,null,null,null,null,82.03,KMYT 251635Z AUTO 16014KT 1 3/4SM HZ CLR 26/23 A2993 RMK A01,null
DLP,2011-04-25 16:35,-89.5472,29.1214,0.00,80.60,73.40,78.76,140.00,9.00,null,29.96,null,8.00,14.00,FEW,   ,   ,   ,2400.00,null,null,null,null,null,null,null,null,null,null,85.32,KDLP 251635Z AUTO 14009G14KT 8SM FEW024 27/23 A2996 RMK A01,null
GTR,2011-04-25 16:35,-88.5914,33.4503,80.00,78.80,68.00,69.52,180.00,10.00,null,29.95,null,10.00,15.00,SCT,BKN,   ,   ,2600.00,3400.00,null,null,null,null,null,null,null,null,null,81.10,KGTR 251635Z 18010G15KT 10SM SCT026 BKN034 26/20 A2995,null
UTA,2011-04-25 16:35,-90.3467,34.6811,59.00,75.20,69.80,83.32,180.00,11.00,null,29.85,null,10.00,null,BKN,BKN,   ,   ,3000.00,3800.00,null,null,VCTS,null,null,null,null,null,null,76.34,KUTA 251635Z AUTO 18011KT 10SM VCTS BKN030 BKN038 24/21 A2985 RMK AO2 LTG DSNT W THRU NE,null
1R7,2011-04-25 16:35,-90.4093,31.6058,149.00,80.60,66.20,61.58,170.00,11.00,null,29.95,null,8.00,16.00,FEW,   ,   ,   ,3700.00,null,null,null,null,null,null,null,null,null,null,82.75,K1R7 251635Z AUTO 17011G16KT 8SM FEW037 27/19 A2995 RMK AO2,null
HSA,2011-04-25 16:50,-89.4546,30.3678,7.00,82.40,73.40,74.28,160.00,10.00,null,29.97,null,7.00,20.00,SCT,BKN,   ,   ,2500.00,3500.00,null,null,null,null,null,null,null,null,null,88.26,KHSA 251650Z 16010G20KT 7SM SCT025 BKN035 28/23 A2997,null
GTR,2011-04-25 16:50,-88.5914,33.4503,80.00,78.80,68.00,69.52,180.00,16.00,null,29.95,null,10.00,19.00,BKN,   ,   ,   ,3200.00,null,null,null,null,null,null,null,null,null,null,81.10,KGTR 251650Z 18016G19KT 10SM BKN032 26/20 A2995,null
OLV,2011-04-25 16:50,-89.7869,34.9787,122.50,91.40,71.60,52.48,180.00,12.00,null,29.85,null,7.00,null,SCT,BKN,OVC,   ,1700.00,2300.00,3000.00,null,null,null,null,null,null,null,null,98.64,KOLV 251650Z 18012KT 7SM SCT017 BKN023 OVC030 33/22 A2985,null
JAN,2011-04-25 16:52,-90.0800,32.3200,101.00,82.40,64.40,54.55,160.00,12.00,null,29.93,null,10.00,18.00,BKN,   ,   ,   ,4000.00,null,null,null,null,null,null,null,null,null,null,83.98,KJAN 251652Z 16012G18KT 10SM BKN040TCU 28/18 A2993 RMK AO2 TCU ALQDS,null
GWO,2011-04-25 16:53,-90.0847,33.4943,47.00,80.00,66.00,62.29,200.00,16.00,null,29.87,1011.40,8.00,23.00,CLR,   ,   ,   ,null,null,null,null,null,null,null,null,null,null,null,82.14,KGWO 251653Z AUTO 20016G23KT 8SM CLR 27/19 A2987 RMK AO2 SLP114 T02670189,null
TUP,2011-04-25 16:53,-88.7711,34.2608,110.00,80.00,66.00,62.29,190.00,13.00,null,29.90,1012.20,10.00,18.00,SCT,   ,   ,   ,3100.00,null,null,null,null,null,null,null,null,null,null,82.14,KTUP 251653Z 19013G18KT 10SM SCT031 27/19 A2990 RMK AO2 SLP122 T02670189,null
PQL,2011-04-25 16:53,-88.5319,30.4636,5.00,78.00,68.00,71.19,150.00,13.00,null,30.00,1015.80,10.00,null,SCT,BKN,BKN,   ,2300.00,2800.00,3600.00,null,null,null,null,null,null,null,null,78.08,KPQL 251653Z 15013KT 10SM SCT023 BKN028 BKN036 26/20 A3000 RMK AO2 SLP158 T02560200,null
GPT,2011-04-25 16:53,-89.0701,30.4073,9.00,83.00,71.00,67.44,150.00,14.00,null,29.98,1015.00,10.00,23.00,SCT,SCT,BKN,   ,1900.00,3100.00,4200.00,null,null,null,null,null,null,null,null,87.60,KGPT 251653Z 15014G23KT 10SM SCT019 SCT031 BKN042 28/22 A2998 RMK AO2 SLP150 T02830217,null
HBG,2011-04-25 16:53,-89.2529,31.2649,46.00,86.00,63.00,46.19,160.00,12.00,null,29.96,1014.20,10.00,21.00,FEW,SCT,   ,   ,3900.00,4600.00,null,null,null,null,null,null,null,null,null,86.87,KHBG 251653Z AUTO 16012G21KT 10SM FEW039 SCT046 30/17 A2996 RMK AO2 SLP142 T03000172 TSNO $,null
MCB,2011-04-25 16:53,-90.4700,31.1800,126.00,82.00,64.00,54.50,180.00,16.00,null,29.94,1013.30,10.00,22.00,FEW,SCT,   ,   ,4100.00,6000.00,null,null,null,null,null,null,27.00,170.00,2011-04-25 16:02,83.52,KMCB 251653Z AUTO 18016G22KT 10SM FEW041 SCT060 28/18 A2994 RMK AO2 PK WND 17027/1602 SLP133 T02780178,null
HKS,2011-04-25 16:53,-90.2225,32.3348,104.00,81.00,65.00,58.25,180.00,13.00,null,29.93,1012.50,10.00,20.00,FEW,   ,   ,   ,3900.00,null,null,null,null,null,null,null,null,null,null,82.76,KHKS 251653Z 18013G20KT 10SM FEW039 27/18 A2993 RMK AO2 SLP125 T02720183,null
GLH,2011-04-25 16:53,-90.9856,33.4829,40.00,77.00,67.00,71.08,190.00,19.00,null,29.84,1011.10,10.00,26.00,FEW,   ,   ,   ,10000.00,null,null,null,null,null,null,null,28.00,190.00,2011-04-25 16:42,77.00,KGLH 251653Z 19019G26KT 10SM FEW100 25/19 A2984 RMK AO2 PK WND 19028/1642 SLP111 T02500194,null
JAN,2011-04-25 16:54,-90.0800,32.3200,101.00,81.00,64.00,56.45,170.00,15.00,null,29.93,1012.90,10.00,23.00,BKN,   ,   ,   ,4000.00,null,null,null,null,null,null,null,null,null,null,82.52,KJAN 251654Z 17015G23KT 140V210 10SM BKN040TCU 27/18 A2993 RMK AO2 SLP129 TCU ALQDS T02720178,null
DLP,2011-04-25 16:55,-89.5472,29.1214,0.00,82.40,73.40,74.28,140.00,9.00,null,29.95,null,8.00,15.00,FEW,   ,   ,   ,2500.00,null,null,null,null,null,null,null,null,null,null,88.26,KDLP 251655Z AUTO 14009G15KT 8SM FEW025 28/23 A2995 RMK A01,null
MYT,2011-04-25 16:55,-89.6150,28.2206,0.00,78.80,71.60,78.62,160.00,14.00,null,29.92,null,2.00,20.00,CLR,   ,   ,   ,null,null,null,null,HZ,null,null,null,null,null,null,81.70,KMYT 251655Z AUTO 16014G20KT 2SM HZ CLR 26/22 A2992 RMK A01,null
MIS,2011-04-25 16:55,-88.8420,29.2960,32.00,84.20,73.40,70.08,220.00,9.00,null,29.97,null,3.00,14.00,   ,   ,   ,   ,null,null,null,null,HZ,null,null,null,null,null,null,90.94,KMIS 251655Z AUTO 22009G14KT 3SM HZ 29/23 A2997 RMK A01,null
CKM,2011-04-25 16:55,-90.5123,34.2997,52.70,78.80,68.00,69.52,180.00,14.00,null,29.84,null,10.00,25.00,FEW,SCT,   ,   ,3100.00,11000.00,null,null,null,null,null,null,null,null,null,81.10,KCKM 251655Z AUTO 18014G25KT 10SM FEW031 SCT110 26/20 A2984 RMK AO1,null
PIB,2011-04-25 16:55,-89.3371,31.4671,91.00,82.40,66.20,58.08,160.00,13.00,null,29.97,null,10.00,18.00,SCT,BKN,BKN,   ,3000.00,3800.00,5500.00,null,null,null,null,null,null,null,null,84.63,KPIB 251655Z AUTO 16013G18KT 10SM SCT030 BKN038 BKN055 28/19 A2997 RMK AO1,null
M16,2011-04-25 16:55,-90.4105,32.3045,75.30,82.40,66.20,58.08,160.00,13.00,null,29.91,null,10.00,20.00,FEW,   ,   ,   ,4200.00,null,null,null,null,null,null,null,null,null,null,84.63,KM16 251655Z AUTO 16013G20KT 010V020 10SM FEW042 28/19 A2991 RMK AO2,null
CBM,2011-04-25 16:55,-88.4438,33.6438,67.00,78.62,66.00,65.31,180.00,10.00,null,29.94,1013.80,10.00,15.00,BKN,   ,   ,   ,2800.00,null,null,null,null,null,null,null,null,null,null,80.60,KCBM 251655Z AUTO 18010G15KT 150V220 10SM BKN028 26/19 A2994 RMK AO2 BKN V SCT SLP138 T02590189 $,null
UTA,2011-04-25 16:55,-90.3467,34.6811,59.00,73.40,68.00,83.21,200.00,12.00,null,29.85,null,10.00,null,BKN,BKN,   ,   ,2600.00,3200.00,null,null,null,null,null,null,null,null,null,73.40,KUTA 251655Z AUTO 20012KT 10SM BKN026 BKN032 23/20 A2985 RMK AO2 LTG DSNT SW THRU N,null
CRX,2011-04-25 16:55,-88.6035,34.9150,129.00,77.00,64.40,65.12,170.00,16.00,null,29.90,null,10.00,20.00,FEW,SCT,   ,   ,3000.00,9000.00,null,null,null,null,null,null,null,null,null,77.00,KCRX 251655Z AUTO 17016G20KT 10SM FEW030 SCT090 25/18 A2990 RMK AO2,null
UOX,2011-04-25 16:55,-89.5368,34.3843,137.80,77.00,62.60,61.13,200.00,10.00,null,29.89,null,10.00,19.00,SCT,SCT,   ,   ,3100.00,8500.00,null,null,null,null,null,null,null,null,null,77.00,KUOX 251655Z AUTO 20010G19KT 10SM SCT031 SCT085 25/17 A2989 RMK AO2 LTG DSNT W AND NW,null
BIX,2011-04-25 16:55,-88.9244,30.4104,10.00,81.50,72.14,73.30,150.00,9.00,null,29.99,1015.50,10.00,null,SCT,SCT,BKN,   ,1600.00,3500.00,15000.00,null,null,null,null,null,null,null,null,86.17,KBIX 251655Z 15009KT 10SM SCT016 SCT035 BKN150 27/22 A2999 RMK AO2A SLP155 T02750223,null
HEZ,2011-04-25 16:55,-91.2973,31.6137,83.00,82.40,66.20,58.08,170.00,12.00,null,29.90,null,10.00,15.00,SCT,SCT,BKN,   ,4100.00,4600.00,5500.00,null,null,null,null,null,null,null,null,84.63,KHEZ 251655Z AUTO 17012G15KT 150V210 10SM SCT041 SCT046 BKN055 28/19 A2990 RMK AO1,null
1R7,2011-04-25 16:55,-90.4093,31.6058,149.00,80.60,64.40,57.84,170.00,17.00,null,29.95,null,8.00,21.00,FEW,SCT,   ,   ,3800.00,4600.00,null,null,null,null,null,null,null,null,null,82.27,K1R7 251655Z AUTO 17017G21KT 8SM FEW038 SCT046 27/18 A2995 RMK AO2,null
NMM,2011-04-25 16:56,-88.5556,32.5521,97.00,82.00,63.00,52.47,160.00,8.00,null,29.97,1015.50,10.00,15.00,FEW,SCT,   ,   ,3600.00,25000.00,null,null,null,null,null,null,null,null,null,83.19,KNMM 251656Z 16008G15KT 10SM FEW036 SCT250 28/17 A2997 RMK AO2 SLP155 T02780172,null
MEI,2011-04-25 16:58,-88.7511,32.3347,94.00,81.00,66.00,60.49,170.00,11.00,null,29.96,1014.10,10.00,21.00,FEW,BKN,   ,   ,3800.00,5000.00,null,null,null,null,null,null,null,null,null,83.08,KMEI 251658Z 17011G21KT 10SM R01/5500VP6000FT FEW038 BKN050 27/19 A2996 RMK AO2 SLP141 T02720189,null
CBM,2011-04-25 17:00,-88.4438,33.6438,67.00,78.80,64.40,61.36,180.00,13.00,null,29.94,1013.80,10.00,19.00,SCT,BKN,   ,   ,2800.00,3600.00,null,null,null,null,null,null,null,null,null,80.56,KCBM 251700Z AUTO 18013G19KT 10SM SCT028 BKN036 26/18 A2994 RMK AO2 CIG 030 RWY31C SLP138 $,null
CBM,2011-04-25 17:02,-88.4438,33.6438,67.00,80.60,66.20,61.58,180.00,13.00,null,29.94,1013.70,10.00,19.00,SCT,   ,   ,   ,2800.00,null,null,null,null,null,null,null,null,null,null,82.75,KCBM 251702Z AUTO 18013G19KT 10SM SCT028 27/19 A2994 RMK AO2 SLP137 $,null
PIB,2011-04-25 17:15,-89.3371,31.4671,91.00,82.40,64.40,54.55,170.00,13.00,null,29.96,null,10.00,20.00,FEW,SCT,BKN,   ,3100.00,3700.00,4600.00,null,null,null,null,null,null,null,null,83.98,KPIB 251715Z AUTO 17013G20KT 10SM FEW031 SCT037 BKN046 28/18 A2996 RMK AO1,null
MIS,2011-04-25 17:15,-88.8420,29.2960,32.00,84.20,73.40,70.08,220.00,10.00,null,29.97,null,3.00,null,   ,   ,   ,   ,null,null,null,null,HZ,null,null,null,null,null,null,90.94,KMIS 251715Z AUTO 22010KT 3SM HZ 29/23 A2997 RMK A01,null
CKM,2011-04-25 17:15,-90.5123,34.2997,52.70,78.80,66.20,65.33,200.00,21.00,null,29.83,null,9.00,24.00,BKN,BKN,   ,   ,3300.00,10000.00,null,null,null,null,null,null,null,null,null,80.82,KCKM 251715Z AUTO 20021G24KT 9SM BKN033 BKN100 26/19 A2983 RMK AO1,null
DLP,2011-04-25 17:15,-89.5472,29.1214,0.00,82.40,73.40,74.28,150.00,12.00,null,29.95,null,9.00,18.00,FEW,   ,   ,   ,1600.00,null,null,null,null,null,null,null,null,null,null,88.26,KDLP 251715Z AUTO 15012G18KT 9SM FEW016 28/23 A2995 RMK A01,null
1R7,2011-04-25 17:15,-90.4093,31.6058,149.00,82.40,64.40,54.55,190.00,12.00,null,29.94,null,7.00,19.00,FEW,FEW,   ,   ,3800.00,4400.00,null,null,null,null,null,null,null,null,null,83.98,K1R7 251715Z AUTO 19012G19KT 7SM FEW038 FEW044 28/18 A2994 RMK AO2,null
HEZ,2011-04-25 17:15,-91.2973,31.6137,83.00,80.60,66.20,61.58,170.00,14.00,null,29.89,null,10.00,19.00,FEW,BKN,BKN,   ,3700.00,4500.00,5500.00,null,null,null,null,null,null,null,null,82.75,KHEZ 251715Z AUTO 17014G19KT 10SM FEW037 BKN045 BKN055 27/19 A2989 RMK AO1,null
CRX,2011-04-25 17:15,-88.6035,34.9150,129.00,77.00,62.60,61.13,170.00,15.00,null,29.89,null,10.00,21.00,FEW,FEW,   ,   ,3100.00,9000.00,null,null,null,null,null,null,null,null,null,77.00,KCRX 251715Z AUTO 17015G21KT 10SM FEW031 FEW090 25/17 A2989 RMK AO2 LTG DSNT NW,null
M16,2011-04-25 17:15,-90.4105,32.3045,75.30,82.40,64.40,54.55,170.00,11.00,null,29.90,null,10.00,22.00,FEW,   ,   ,   ,4200.00,null,null,null,null,null,null,null,null,null,null,83.98,KM16 251715Z AUTO 17011G22KT 10SM FEW042 28/18 A2990 RMK AO2,null
MYT,2011-04-25 17:15,-89.6150,28.2206,0.00,78.80,73.40,83.55,160.00,13.00,null,29.92,null,2.00,19.00,CLR,   ,   ,   ,null,null,null,null,HZ,null,null,null,null,null,null,82.03,KMYT 251715Z AUTO 16013G19KT 2SM HZ CLR 26/23 A2992 RMK A01,null
UOX,2011-04-25 17:15,-89.5368,34.3843,137.80,77.00,64.40,65.12,190.00,8.00,null,29.88,null,10.00,14.00,FEW,   ,   ,   ,3400.00,null,null,null,null,null,null,null,null,null,null,77.00,KUOX 251715Z AUTO 19008G14KT 10SM FEW034 25/18 A2988 RMK AO2 LTG DSNT W,null
UTA,2011-04-25 17:15,-90.3467,34.6811,59.00,66.20,59.00,77.60,280.00,18.00,null,29.86,null,10.00,23.00,BKN,OVC,   ,   ,2900.00,3400.00,null,null,TS,null,null,null,null,null,null,66.20,KUTA 251715Z AUTO 28018G23KT 10SM TS BKN029 OVC034 19/15 A2986 RMK AO2 LTG DSNT ALQS,null
UOX,2011-04-25 17:35,-89.5368,34.3843,137.80,77.00,62.60,61.13,200.00,11.00,null,29.86,null,9.00,19.00,FEW,FEW,   ,   ,3600.00,9500.00,null,null,null,null,null,null,null,null,null,77.00,KUOX 251735Z AUTO 20011G19KT 9SM FEW036 FEW095 25/17 A2986 RMK AO2,null
DLP,2011-04-25 17:35,-89.5472,29.1214,0.00,82.40,73.40,74.28,140.00,11.00,null,29.94,null,8.00,17.00,CLR,   ,   ,   ,null,null,null,null,null,null,null,null,null,null,null,88.26,KDLP 251735Z AUTO 14011G17KT 8SM CLR 28/23 A2994 RMK A01,null
CRX,2011-04-25 17:35,-88.6035,34.9150,129.00,78.80,64.40,61.36,190.00,15.00,null,29.88,null,10.00,20.00,FEW,SCT,   ,   ,3100.00,10000.00,null,null,null,null,null,null,null,null,null,80.56,KCRX 251735Z AUTO 19015G20KT 10SM FEW031 SCT100 26/18 A2988 RMK AO2,null
MIS,2011-04-25 17:35,-88.8420,29.2960,32.00,84.20,73.40,70.08,210.00,10.00,null,29.96,null,3.00,15.00,   ,   ,   ,   ,null,null,null,null,HZ,null,null,null,null,null,null,90.94,KMIS 251735Z AUTO 21010G15KT 3SM HZ 29/23 A2996 RMK A01,null
HEZ,2011-04-25 17:35,-91.2973,31.6137,83.00,82.40,66.20,58.08,180.00,14.00,null,29.88,null,10.00,18.00,SCT,BKN,   ,   ,4300.00,4900.00,null,null,null,null,null,null,null,null,null,84.63,KHEZ 251735Z AUTO 18014G18KT 10SM SCT043 BKN049 28/19 A2988 RMK AO1,null
1R7,2011-04-25 17:35,-90.4093,31.6058,149.00,82.40,64.40,54.55,170.00,14.00,null,29.93,null,8.00,19.00,FEW,   ,   ,   ,4600.00,null,null,null,null,null,null,null,null,null,null,83.98,K1R7 251735Z AUTO 17014G19KT 8SM FEW046 28/18 A2993 RMK AO2,null
M16,2011-04-25 17:35,-90.4105,32.3045,75.30,80.60,64.40,57.84,150.00,11.00,null,29.89,null,10.00,17.00,SCT,   ,   ,   ,4500.00,null,null,null,null,null,null,null,null,null,null,82.27,KM16 251735Z AUTO 15011G17KT 10SM SCT045 27/18 A2989 RMK AO2,null
PIB,2011-04-25 17:35,-89.3371,31.4671,91.00,82.40,64.40,54.55,160.00,18.00,null,29.94,null,10.00,21.00,FEW,BKN,OVC,   ,3900.00,4800.00,6000.00,null,null,null,null,null,null,null,null,83.98,KPIB 251735Z AUTO 16018G21KT 10SM FEW039 BKN048 OVC060 28/18 A2994 RMK AO1,null
CKM,2011-04-25 17:35,-90.5123,34.2997,52.70,69.80,64.40,82.98,300.00,11.00,null,29.83,null,10.00,null,SCT,BKN,OVC,   ,3500.00,4200.00,9000.00,null,null,null,null,null,null,null,null,69.80,KCKM 251735Z AUTO 30011KT 10SM SCT035 BKN042 OVC090 21/18 A2983 RMK AO1,null
MYT,2011-04-25 17:35,-89.6150,28.2206,0.00,78.80,73.40,83.55,170.00,12.00,null,29.91,null,2.00,null,CLR,   ,   ,   ,null,null,null,null,HZ,null,null,null,null,null,null,82.03,KMYT 251735Z AUTO 17012KT 2SM HZ CLR 26/23 A2991 RMK A01,null
UTA,2011-04-25 17:35,-90.3467,34.6811,59.00,62.60,60.80,93.83,260.00,10.00,0.10,29.84,null,2.00,15.00,BKN,BKN,OVC,   ,800.00,1100.00,1800.00,null,+VCTSRA,null,null,null,null,null,null,62.60,KUTA 251735Z AUTO 26010G15KT 2SM +VCTSRA BKN008 BKN011 OVC018 17/16 A2984 RMK AO2 P0010 LTG DSNT ALQS,null
GTR,2011-04-25 17:50,-88.5914,33.4503,80.00,80.60,66.20,61.58,180.00,17.00,null,29.92,null,10.00,23.00,BKN,BKN,   ,   ,4400.00,5000.00,null,null,null,null,null,null,null,null,null,82.75,KGTR 251750Z 18017G23KT 10SM BKN044 BKN050 27/19 A2992,null
GPT,2011-04-25 17:53,-89.0701,30.4073,9.00,82.00,71.00,69.43,150.00,10.00,null,29.96,1014.30,10.00,22.00,SCT,SCT,BKN,   ,1900.00,3100.00,4200.00,null,null,null,null,null,null,null,null,86.39,KGPT 251753Z 15010G22KT 10SM SCT019 SCT031 BKN042 28/22 A2996 RMK AO2 SLP143 T02780217 10283 20256 58005,null
PQL,2011-04-25 17:53,-88.5319,30.4636,5.00,79.00,69.00,71.72,150.00,11.00,null,29.97,1015.00,10.00,null,BKN,BKN,BKN,   ,2400.00,3000.00,3600.00,null,null,null,null,null,null,null,null,81.52,KPQL 251753Z 15011KT 10SM BKN024 BKN030 BKN036 26/21 A2997 RMK AO2 SLP150 T02610206 10272 20200 58005,null
GLH,2011-04-25 17:53,-90.9856,33.4829,40.00,80.00,65.00,59.99,190.00,24.00,null,29.79,1009.10,10.00,34.00,CLR,   ,   ,   ,null,null,null,null,null,null,null,null,34.00,180.00,2011-04-25 17:51,81.88,KGLH 251753Z 19024G34KT 10SM CLR 27/18 A2979 RMK AO2 PK WND 18034/1751 SLP091 T02670183 10267 20211 58028,null
MCB,2011-04-25 17:53,-90.4700,31.1800,126.00,84.00,64.00,51.12,170.00,12.00,null,29.91,1012.10,10.00,23.00,SCT,SCT,   ,   ,4500.00,5500.00,null,null,null,null,null,null,null,null,null,85.40,KMCB 251753Z AUTO 17012G23KT 10SM SCT045 SCT055 29/18 A2991 RMK AO2 SLP121 T02890178 10289 20206 58012,null
HKS,2011-04-25 17:53,-90.2225,32.3348,104.00,83.00,64.00,52.93,170.00,17.00,null,29.89,1011.10,10.00,23.00,FEW,   ,   ,   ,4600.00,null,null,null,null,null,null,null,null,null,null,84.37,KHKS 251753Z 17017G23KT 10SM FEW046 28/18 A2989 RMK AO2 SLP111 T02830178 10289 20217 58020,null
HBG,2011-04-25 17:53,-89.2529,31.2649,46.00,85.00,63.00,47.82,170.00,13.00,null,29.93,1013.10,10.00,20.00,SCT,SCT,   ,   ,4700.00,6000.00,null,null,null,null,null,null,null,null,null,85.83,KHBG 251753Z AUTO 17013G20KT 10SM SCT047 SCT060 29/17 A2993 RMK AO2 SLP131 T02940172 10300 20217 TSNO,null
GWO,2011-04-25 17:53,-90.0847,33.4943,47.00,81.00,66.00,60.49,190.00,19.00,null,29.84,1010.30,8.00,26.00,FEW,   ,   ,   ,3900.00,null,null,null,null,null,null,null,26.00,190.00,2011-04-25 17:45,83.08,KGWO 251753Z AUTO 19019G26KT 8SM FEW039 27/19 A2984 RMK AO2 PK WND 19026/1745 SLP103 T02720189 10278 20211 58022,null
TUP,2011-04-25 17:53,-88.7711,34.2608,110.00,80.00,64.00,58.14,190.00,12.00,null,29.87,1010.90,10.00,21.00,SCT,   ,   ,   ,4200.00,null,null,null,null,null,null,null,null,null,null,81.68,KTUP 251753Z 19012G21KT 10SM SCT042 27/18 A2987 RMK AO2 SLP109 T02670178 10272 20200 58022,null
JAN,2011-04-25 17:54,-90.0800,32.3200,101.00,84.00,63.00,49.22,170.00,8.00,null,29.89,1011.60,10.00,21.00,BKN,   ,   ,   ,4400.00,null,null,null,null,null,null,null,null,null,null,84.99,KJAN 251754Z 17008G21KT 10SM BKN044TCU 29/17 A2989 RMK AO2 SLP116 TCU ALQDS T02890172 10289 20217 58018,null
PIB,2011-04-25 17:55,-89.3371,31.4671,91.00,82.40,64.40,54.55,170.00,13.00,null,29.94,null,10.00,19.00,SCT,BKN,OVC,   ,4100.00,4900.00,7500.00,null,null,null,null,null,null,null,null,83.98,KPIB 251755Z AUTO 17013G19KT 10SM SCT041 BKN049 OVC075 28/18 A2994 RMK AO1 10280 20220 57014,null
BIX,2011-04-25 17:55,-88.9244,30.4104,10.00,81.86,72.32,72.89,160.00,10.00,null,29.97,1014.90,10.00,null,SCT,SCT,BKN,   ,1400.00,2100.00,16000.00,null,null,null,null,null,null,null,null,86.80,KBIX 251755Z 16010KT 10SM SCT014 SCT021 BKN160 28/22 A2997 RMK AO2A SLP149 T02770224 10280 20242 58005,null
DLP,2011-04-25 17:55,-89.5472,29.1214,0.00,82.40,73.40,74.28,140.00,10.00,null,29.93,null,9.00,16.00,CLR,   ,   ,   ,null,null,null,null,null,null,null,null,null,null,null,88.26,KDLP 251755Z AUTO 14010G16KT 9SM CLR 28/23 A2993 RMK A01,null
CRX,2011-04-25 17:55,-88.6035,34.9150,129.00,78.80,64.40,61.36,180.00,11.00,null,29.86,null,10.00,20.00,FEW,   ,   ,   ,3700.00,null,null,null,null,null,null,null,null,null,null,80.56,KCRX 251755Z AUTO 18011G20KT 10SM FEW037 26/18 A2986 RMK AO2 LTG DSNT W AND NW,null
1R7,2011-04-25 17:55,-90.4093,31.6058,149.00,82.40,62.60,51.21,160.00,15.00,null,29.92,null,7.00,20.00,SCT,   ,   ,   ,4800.00,null,null,null,null,null,null,null,null,null,null,83.41,K1R7 251755Z AUTO 16015G20KT 7SM SCT048 28/17 A2992 RMK AO2,null
CBM,2011-04-25 17:55,-88.4438,33.6438,67.00,80.60,64.76,58.57,190.00,14.00,null,29.91,1012.80,10.00,null,SCT,   ,   ,   ,3500.00,null,null,null,null,null,null,null,null,null,null,82.36,KCBM 251755Z AUTO 19014KT 10SM SCT035 27/18 A2991 RMK AO2 SLP128 T02700182 10274 20193 58016 $,null
UTA,2011-04-25 17:55,-90.3467,34.6811,59.00,64.40,62.60,93.88,210.00,5.00,0.14,29.84,null,5.00,null,SCT,BKN,OVC,   ,800.00,1300.00,3100.00,null,-RA,null,null,null,null,null,null,64.40,KUTA 251755Z AUTO 21005KT 5SM -RA SCT008 BKN013 OVC031 18/17 A2984 RMK AO2 P0014 LTG DSNT NE AND NW,null
MYT,2011-04-25 17:55,-89.6150,28.2206,0.00,78.80,73.40,83.55,170.00,11.00,null,29.91,null,1.75,null,CLR,   ,   ,   ,null,null,null,null,HZ,null,null,null,null,null,null,82.03,KMYT 251755Z AUTO 17011KT 1 3/4SM HZ CLR 26/23 A2991 RMK A01,null
OLV,2011-04-25 17:55,-89.7869,34.9787,122.50,64.40,64.40,100.00,270.00,20.00,null,29.85,null,9.00,30.00,SCT,OVC,   ,   ,2700.00,3500.00,null,null,null,null,null,null,null,null,null,64.40,KOLV 251755Z 27020G30KT 9SM SCT027 OVC035 18/18 A2985,null
CKM,2011-04-25 17:55,-90.5123,34.2997,52.70,68.00,62.60,82.86,330.00,5.00,null,29.82,null,10.00,null,SCT,BKN,BKN,   ,4000.00,4800.00,6000.00,null,null,null,null,null,null,null,null,68.00,KCKM 251755Z AUTO 33005KT 10SM SCT040 BKN048 BKN060 20/17 A2982 RMK AO1,null
M16,2011-04-25 17:55,-90.4105,32.3045,75.30,82.40,64.40,54.55,170.00,13.00,null,29.88,null,10.00,20.00,SCT,   ,   ,   ,4500.00,null,null,null,null,null,null,null,null,null,null,83.98,KM16 251755Z AUTO 17013G20KT 10SM SCT045 28/18 A2988 RMK AO2,null
HEZ,2011-04-25 17:55,-91.2973,31.6137,83.00,82.40,64.40,54.55,180.00,15.00,null,29.87,null,10.00,21.00,FEW,SCT,   ,   ,4900.00,7000.00,null,null,null,null,null,null,null,null,null,83.98,KHEZ 251755Z AUTO 18015G21KT 10SM FEW049 SCT070 28/18 A2987 RMK AO1 10280 20220 57014,null
UOX,2011-04-25 17:55,-89.5368,34.3843,137.80,78.80,62.60,57.60,200.00,12.00,null,29.84,null,10.00,20.00,FEW,FEW,FEW,   ,3700.00,4500.00,9000.00,null,null,null,null,null,null,null,null,80.31,KUOX 251755Z AUTO 20012G20KT 020V020 10SM FEW037 FEW045 FEW090 26/17 A2984 RMK AO2 LTG DSNT N AND W,null
MIS,2011-04-25 17:55,-88.8420,29.2960,32.00,84.20,73.40,70.08,220.00,9.00,null,29.97,null,3.00,null,   ,   ,   ,   ,null,null,null,null,HZ,null,null,null,null,null,null,90.94,KMIS 251755Z AUTO 22009KT 3SM HZ 29/23 A2997 RMK A01,null
NMM,2011-04-25 17:56,-88.5556,32.5521,97.00,83.00,64.00,52.93,0.00,5.00,null,29.93,1014.30,10.00,14.00,FEW,   ,   ,   ,4700.00,null,null,null,null,null,null,null,null,null,null,84.37,KNMM 251756Z VRB05G14KT 10SM FEW047 28/18 A2993 RMK AO2 SLP143 T02830178 10283 20194 58016,null
MEI,2011-04-25 17:58,-88.7511,32.3347,94.00,83.00,66.00,56.72,180.00,10.00,null,29.93,1013.10,10.00,17.00,FEW,SCT,   ,   ,4100.00,6000.00,null,null,null,null,null,null,null,null,null,85.12,KMEI 251758Z 18010G17KT 10SM R01/4000VP6000FT FEW041 SCT060 28/19 A2993 RMK AO2 SLP131 T02830189 10283 20178 58017,null
MYT,2011-04-25 18:15,-89.6150,28.2206,0.00,78.80,71.60,78.62,170.00,10.00,null,29.91,null,2.00,null,CLR,   ,   ,   ,null,null,null,null,HZ,null,null,null,null,null,null,81.70,KMYT 251815Z AUTO 17010KT 2SM HZ CLR 26/22 A2991 RMK A01,null
PIB,2011-04-25 18:15,-89.3371,31.4671,91.00,84.20,64.40,51.47,180.00,13.00,null,29.93,null,10.00,19.00,FEW,FEW,SCT,   ,4300.00,5000.00,7500.00,null,null,null,null,null,null,null,null,85.71,KPIB 251815Z AUTO 18013G19KT 10SM FEW043 FEW050 SCT075 29/18 A2993 RMK AO1,null
UTA,2011-04-25 18:15,-90.3467,34.6811,59.00,64.40,62.60,93.88,null,null,null,29.80,null,10.00,null,SCT,SCT,BKN,   ,600.00,1200.00,3200.00,null,-DZ,null,null,null,null,null,null,64.40,KUTA 251815Z AUTO 00000KT 10SM -DZ SCT006 SCT012 BKN032 18/17 A2980 RMK AO2 LTG DSNT NE,null
CKM,2011-04-25 18:15,-90.5123,34.2997,52.70,69.80,64.40,82.98,360.00,8.00,null,29.79,null,10.00,null,FEW,BKN,BKN,   ,4000.00,4700.00,10000.00,null,null,null,null,null,null,null,null,69.80,KCKM 251815Z AUTO 36008KT 10SM FEW040 BKN047 BKN100 21/18 A2979 RMK AO1,null
HEZ,2011-04-25 18:15,-91.2973,31.6137,83.00,82.40,64.40,54.55,170.00,20.00,null,29.85,null,10.00,27.00,SCT,BKN,   ,   ,5000.00,6500.00,null,null,null,null,null,null,null,null,null,83.98,KHEZ 251815Z AUTO 17020G27KT 10SM SCT050 BKN065 28/18 A2985 RMK AO1,null
CRX,2011-04-25 18:15,-88.6035,34.9150,129.00,78.80,64.40,61.36,180.00,13.00,null,29.85,null,10.00,23.00,FEW,   ,   ,   ,3700.00,null,null,null,null,null,null,null,null,null,null,80.56,KCRX 251815Z AUTO 18013G23KT 10SM FEW037 26/18 A2985 RMK AO2,null
MIS,2011-04-25 18:15,-88.8420,29.2960,32.00,84.20,73.40,70.08,220.00,9.00,null,29.96,null,3.00,null,FEW,   ,   ,   ,2800.00,null,null,null,HZ,null,null,null,null,null,null,90.94,KMIS 251815Z AUTO 22009KT 3SM HZ FEW028 29/23 A2996 RMK A01,null
1R7,2011-04-25 18:15,-90.4093,31.6058,149.00,84.20,64.40,51.47,150.00,15.00,null,29.90,null,8.00,21.00,SCT,   ,   ,   ,4600.00,null,null,null,null,null,null,null,null,null,null,85.71,K1R7 251815Z AUTO 15015G21KT 010V020 8SM SCT046 29/18 A2990 RMK AO2,null
DLP,2011-04-25 18:15,-89.5472,29.1214,0.00,82.40,73.40,74.28,150.00,12.00,null,29.93,null,8.00,17.00,CLR,   ,   ,   ,null,null,null,null,null,null,null,null,null,null,null,88.26,KDLP 251815Z AUTO 15012G17KT 8SM CLR 28/23 A2993 RMK A01,null
GPT,2011-04-25 18:25,-89.0701,30.4073,9.00,75.20,71.60,88.59,150.00,10.00,0.12,29.96,null,1.50,22.00,SCT,SCT,BKN,   ,1900.00,3100.00,4200.00,null,RA,null,null,null,null,null,null,76.58,KGPT 251825Z 15010G22KT 1 1/2SM RA SCT019 SCT031 BKN042 24/22 A2996 RMK AO2 RAB11 P0012,null
PQL,2011-04-25 18:27,-88.5319,30.4636,5.00,80.60,69.80,69.71,170.00,9.00,null,29.96,null,10.00,17.00,SCT,SCT,BKN,   ,2200.00,3100.00,3800.00,null,null,null,null,null,null,null,null,83.90,KPQL 251827Z 17009G17KT 10SM SCT022 SCT031 BKN038 27/21 A2996 RMK AO2,null
GPT,2011-04-25 18:32,-89.0701,30.4073,9.00,75.20,71.60,88.59,120.00,15.00,0.27,29.94,null,8.00,20.00,BKN,   ,   ,   ,1700.00,null,null,null,-RA,null,null,null,null,null,null,76.58,KGPT 251832Z 12015G20KT 8SM -RA BKN017 24/22 A2994 RMK AO2 RAB11 VIS NW-NE 2 VCSH P0027,null
MIS,2011-04-25 18:35,-88.8420,29.2960,32.00,84.20,73.40,70.08,220.00,9.00,null,29.95,null,3.00,14.00,   ,   ,   ,   ,null,null,null,null,HZ,null,null,null,null,null,null,90.94,KMIS 251835Z AUTO 22009G14KT 3SM HZ 29/23 A2995 RMK A01,null
CKM,2011-04-25 18:35,-90.5123,34.2997,52.70,71.60,64.40,78.04,10.00,6.00,null,29.77,null,10.00,null,BKN,BKN,BKN,   ,4200.00,4900.00,9500.00,null,null,null,null,null,null,null,null,71.60,KCKM 251835Z AUTO 01006KT 10SM BKN042 BKN049 BKN095 22/18 A2977 RMK AO1,null
MYT,2011-04-25 18:35,-89.6150,28.2206,0.00,78.80,71.60,78.62,170.00,11.00,null,29.91,null,2.00,17.00,CLR,   ,   ,   ,null,null,null,null,HZ,null,null,null,null,null,null,81.70,KMYT 251835Z AUTO 17011G17KT 2SM HZ CLR 26/22 A2991 RMK A01,null
HEZ,2011-04-25 18:35,-91.2973,31.6137,83.00,82.40,64.40,54.55,180.00,15.00,null,29.83,null,10.00,19.00,BKN,BKN,   ,   ,5000.00,6500.00,null,null,null,null,null,null,null,null,null,83.98,KHEZ 251835Z AUTO 18015G19KT 10SM BKN050 BKN065 28/18 A2983 RMK AO1,null
PIB,2011-04-25 18:35,-89.3371,31.4671,91.00,82.40,64.40,54.55,170.00,13.00,null,29.92,null,10.00,20.00,FEW,SCT,BKN,   ,4300.00,6000.00,7000.00,null,null,null,null,null,null,null,null,83.98,KPIB 251835Z AUTO 17013G20KT 10SM FEW043 SCT060 BKN070 28/18 A2992 RMK AO1,null
UTA,2011-04-25 18:35,-90.3467,34.6811,59.00,68.00,64.40,88.26,120.00,8.00,null,29.77,null,10.00,null,SCT,   ,   ,   ,4500.00,null,null,null,null,null,null,null,null,null,null,68.00,KUTA 251835Z AUTO 12008KT 10SM SCT045 20/18 A2977 RMK AO2,null
UOX,2011-04-25 18:35,-89.5368,34.3843,137.80,80.60,62.60,54.30,170.00,9.00,null,29.82,null,10.00,18.00,   ,   ,   ,   ,null,null,null,null,null,null,null,null,null,null,null,81.84,KUOX 251835Z AUTO 17009G18KT 10SM 27/17 A2982 RMK AO2,null
1R7,2011-04-25 18:35,-90.4093,31.6058,149.00,84.20,62.60,48.32,150.00,13.00,null,29.89,null,8.00,20.00,FEW,   ,   ,   ,4800.00,null,null,null,null,null,null,null,null,null,null,85.03,K1R7 251835Z AUTO 15013G20KT 8SM FEW048 29/17 A2989 RMK AO2,null
M16,2011-04-25 18:35,-90.4105,32.3045,75.30,84.20,64.40,51.47,170.00,11.00,null,29.84,null,10.00,21.00,FEW,   ,   ,   ,5000.00,null,null,null,null,null,null,null,null,null,null,85.71,KM16 251835Z AUTO 17011G21KT 020V020 10SM FEW050 29/18 A2984 RMK AO2,null
OLV,2011-04-25 18:45,-89.7869,34.9787,122.50,62.60,62.60,100.00,160.00,5.00,null,29.80,null,8.00,null,SCT,BKN,OVC,   ,900.00,3200.00,8000.00,null,null,null,null,null,null,null,null,62.60,KOLV 251845Z 16005KT 8SM SCT009 BKN032 OVC080 17/17 A2980,null
GTR,2011-04-25 18:50,-88.5914,33.4503,80.00,80.60,64.40,57.84,180.00,21.00,null,29.88,null,10.00,27.00,SCT,BKN,   ,   ,4900.00,5500.00,null,null,null,null,null,null,null,null,null,82.27,KGTR 251850Z 18021G27KT 10SM SCT049 BKN055 27/18 A2988,null
MCB,2011-04-25 18:53,-90.4700,31.1800,126.00,86.00,61.00,43.07,180.00,16.00,null,29.87,1010.70,10.00,27.00,FEW,   ,   ,   ,5000.00,null,null,null,null,null,null,null,27.00,160.00,2011-04-25 18:46,86.11,KMCB 251853Z AUTO 18016G27KT 10SM FEW050 30/16 A2987 RMK AO2 PK WND 16027/1846 LTG DSNT SE SLP107 T03000161,null
GLH,2011-04-25 18:53,-90.9856,33.4829,40.00,82.00,63.00,52.47,170.00,23.00,null,29.73,1007.10,10.00,33.00,FEW,   ,   ,   ,4600.00,null,null,null,null,null,null,null,36.00,180.00,2011-04-25 18:28,83.19,KGLH 251853Z 17023G33KT 10SM FEW046 28/17 A2973 RMK AO2 PK WND 18036/1828 SLP071 T02780172,null
TUP,2011-04-25 18:53,-88.7711,34.2608,110.00,81.00,65.00,58.25,190.00,16.00,null,29.84,1010.00,10.00,22.00,BKN,BKN,   ,   ,3900.00,4800.00,null,null,null,null,null,null,null,null,null,82.76,KTUP 251853Z 19016G22KT 10SM BKN039 BKN048 27/18 A2984 RMK AO2 SLP100 T02720183,null
GWO,2011-04-25 18:53,-90.0847,33.4943,47.00,83.00,65.00,54.63,180.00,23.00,null,29.79,1008.40,10.00,27.00,SCT,   ,   ,   ,4500.00,null,null,null,null,null,null,null,27.00,190.00,2011-04-25 18:53,84.70,KGWO 251853Z AUTO 18023G27KT 10SM SCT045 28/18 A2979 RMK AO2 PK WND 19027/1853 SLP084 T02830183,null
HKS,2011-04-25 18:53,-90.2225,32.3348,104.00,84.00,62.00,47.68,170.00,18.00,null,29.83,1009.30,10.00,27.00,FEW,   ,   ,   ,5500.00,null,null,null,null,null,null,null,27.00,160.00,2011-04-25 18:50,84.68,KHKS 251853Z 17018G27KT 10SM FEW055 29/17 A2983 RMK AO2 PK WND 16027/1850 PRESFR SLP093 T02890167,null
HBG,2011-04-25 18:53,-89.2529,31.2649,46.00,85.00,64.00,49.66,180.00,17.00,null,29.90,1012.20,10.00,26.00,SCT,SCT,   ,   ,4800.00,6000.00,null,null,null,null,null,null,26.00,170.00,2011-04-25 18:50,86.27,KHBG 251853Z AUTO 18017G26KT 10SM SCT048 SCT060 29/18 A2990 RMK AO2 PK WND 17026/1850 SLP122 T02940178 TSNO,null
GPT,2011-04-25 18:53,-89.0701,30.4073,9.00,79.00,73.00,82.06,160.00,15.00,0.27,29.94,1013.70,10.00,20.00,FEW,BKN,   ,   ,800.00,1700.00,null,null,null,null,null,null,null,null,null,82.31,KGPT 251853Z 16015G20KT 10SM FEW008 BKN017 26/23 A2994 RMK AO2 RAB11E43 SLP137 VIS NW-NE 2 VCSH P0027 T02610228,null
PQL,2011-04-25 18:53,-88.5319,30.4636,5.00,80.00,70.00,71.39,150.00,12.00,null,29.96,1014.50,10.00,17.00,SCT,BKN,BKN,   ,2400.00,3300.00,5000.00,null,null,null,null,null,null,null,null,83.22,KPQL 251853Z 15012G17KT 10SM SCT024 BKN033 BKN050 27/21 A2996 RMK AO2 SLP145 T02670211,null
JAN,2011-04-25 18:54,-90.0800,32.3200,101.00,85.00,61.00,44.59,170.00,14.00,null,29.84,1010.00,10.00,23.00,BKN,   ,   ,   ,5000.00,null,null,null,null,null,null,null,null,null,null,85.13,KJAN 251854Z 17014G23KT 10SM BKN050TCU 29/16 A2984 RMK AO2 SLP100 TCU ALQDS T02940161,null
HSA,2011-04-25 18:55,-89.4546,30.3678,7.00,84.20,75.20,74.44,160.00,15.00,null,29.92,null,7.00,23.00,SCT,BKN,BKN,   ,2700.00,3500.00,6500.00,null,null,null,null,null,null,null,null,92.45,KHSA 251855Z 16015G23KT 7SM SCT027 BKN035 BKN065 29/24 A2992,null
CRX,2011-04-25 18:55,-88.6035,34.9150,129.00,80.60,64.40,57.84,150.00,17.00,null,29.83,null,10.00,24.00,FEW,   ,   ,   ,3700.00,null,null,null,null,null,null,null,null,null,null,82.27,KCRX 251855Z AUTO 15017G24KT 10SM FEW037 27/18 A2983 RMK AO2 LTG DSNT W-N,null
M16,2011-04-25 18:55,-90.4105,32.3045,75.30,84.20,62.60,48.32,180.00,14.00,null,29.82,null,10.00,23.00,FEW,   ,   ,   ,5000.00,null,null,null,null,null,null,null,null,null,null,85.03,KM16 251855Z AUTO 18014G23KT 10SM FEW050 29/17 A2982 RMK AO2,null
UOX,2011-04-25 18:55,-89.5368,34.3843,137.80,80.60,64.40,57.84,190.00,5.00,null,29.81,null,10.00,21.00,FEW,SCT,   ,   ,3900.00,4900.00,null,null,null,null,null,null,null,null,null,82.27,KUOX 251855Z AUTO 19005G21KT 10SM FEW039 SCT049 27/18 A2981 RMK AO2,null
MYT,2011-04-25 18:55,-89.6150,28.2206,0.00,78.80,71.60,78.62,180.00,11.00,null,29.90,null,2.00,null,CLR,   ,   ,   ,null,null,null,null,HZ,null,null,null,null,null,null,81.70,KMYT 251855Z AUTO 18011KT 2SM HZ CLR 26/22 A2990 RMK A01,null
BIX,2011-04-25 18:55,-88.9244,30.4104,10.00,83.66,73.22,70.88,150.00,10.00,null,29.95,1014.20,10.00,null,SCT,SCT,BKN,   ,1600.00,2600.00,15000.00,null,null,null,null,null,null,null,null,90.02,KBIX 251855Z 15010KT 10SM SCT016 SCT026 BKN150 29/23 A2995 RMK AO2A SLP142 T02870229,null
PIB,2011-04-25 18:55,-89.3371,31.4671,91.00,84.20,62.60,48.32,190.00,13.00,null,29.91,null,10.00,21.00,FEW,SCT,BKN,   ,4900.00,6000.00,7000.00,null,null,null,null,null,null,null,null,85.03,KPIB 251855Z AUTO 19013G21KT 10SM FEW049 SCT060 BKN070 29/17 A2991 RMK AO1,null
CKM,2011-04-25 18:55,-90.5123,34.2997,52.70,77.00,64.40,65.12,160.00,19.00,null,29.75,null,10.00,25.00,BKN,BKN,OVC,   ,4200.00,5000.00,9500.00,null,null,null,null,null,null,null,null,77.00,KCKM 251855Z AUTO 16019G25KT 10SM BKN042 BKN050 OVC095 25/18 A2975 RMK AO1,null
DLP,2011-04-25 18:55,-89.5472,29.1214,0.00,82.40,73.40,74.28,150.00,12.00,null,29.92,null,9.00,null,CLR,   ,   ,   ,null,null,null,null,null,null,null,null,null,null,null,88.26,KDLP 251855Z AUTO 15012KT 9SM CLR 28/23 A2992 RMK A01,null
CBM,2011-04-25 18:55,-88.4438,33.6438,67.00,82.76,63.86,52.91,180.00,15.00,null,29.87,1011.40,10.00,22.00,FEW,   ,   ,   ,19000.00,null,null,null,null,null,null,null,null,null,null,84.14,KCBM 251855Z AUTO 18015G22KT 10SM FEW190 28/18 A2987 RMK AO2 CLDS LWR RWY31C SLP114 T02820177 $,null
HEZ,2011-04-25 18:55,-91.2973,31.6137,83.00,84.20,62.60,48.32,170.00,15.00,null,29.81,null,10.00,26.00,FEW,   ,   ,   ,5500.00,null,null,null,null,null,null,null,null,null,null,85.03,KHEZ 251855Z AUTO 17015G26KT 10SM FEW055 29/17 A2981 RMK AO1,null
UTA,2011-04-25 18:55,-90.3467,34.6811,59.00,69.80,66.20,88.34,140.00,9.00,null,29.76,null,10.00,null,CLR,   ,   ,   ,null,null,null,null,null,null,null,null,null,null,null,69.80,KUTA 251855Z AUTO 14009KT 10SM CLR 21/19 A2976 RMK AO2,null
1R7,2011-04-25 18:55,-90.4093,31.6058,149.00,84.20,62.60,48.32,170.00,16.00,null,29.87,null,9.00,21.00,FEW,   ,   ,   ,4800.00,null,null,null,null,null,null,null,null,null,null,85.03,K1R7 251855Z AUTO 17016G21KT 9SM FEW048 29/17 A2987 RMK AO2,null
MIS,2011-04-25 18:55,-88.8420,29.2960,32.00,84.20,73.40,70.08,220.00,8.00,null,29.95,null,3.00,null,   ,   ,   ,   ,null,null,null,null,HZ,null,null,null,null,null,null,90.94,KMIS 251855Z AUTO 22008KT 3SM HZ 29/23 A2995 RMK A01,null
NMM,2011-04-25 18:56,-88.5556,32.5521,97.00,84.00,62.00,47.68,160.00,7.00,null,29.90,1013.00,10.00,15.00,FEW,BKN,   ,   ,4600.00,25000.00,null,null,null,null,null,null,null,null,null,84.68,KNMM 251856Z 16007G15KT 10SM FEW046 BKN250 29/17 A2990 RMK AO2 SLP130 T02890167,null
MEI,2011-04-25 18:58,-88.7511,32.3347,94.00,84.00,64.00,51.12,180.00,12.00,null,29.89,1011.80,10.00,25.00,CLR,   ,   ,   ,null,null,null,null,null,null,null,null,null,null,null,85.40,KMEI 251858Z 18012G25KT 10SM CLR 29/18 A2989 RMK AO2 SLP118 T02890178,null
PQL,2011-04-25 19:02,-88.5319,30.4636,5.00,78.80,69.80,73.95,140.00,13.00,null,29.95,null,10.00,null,SCT,BKN,BKN,   ,2300.00,2800.00,3300.00,null,null,null,null,null,null,null,null,81.39,KPQL 251902Z 14013KT 10SM SCT023 BKN028 BKN033 26/21 A2995 RMK AO2,null
GPT,2011-04-25 19:11,-89.0701,30.4073,9.00,80.60,71.60,74.11,150.00,12.00,null,29.93,null,10.00,21.00,FEW,SCT,   ,   ,1700.00,6500.00,null,null,null,null,null,null,null,null,null,84.57,KGPT 251911Z 15012G21KT 10SM FEW017 SCT065 27/22 A2993 RMK AO2,null
CKM,2011-04-25 19:15,-90.5123,34.2997,52.70,80.60,64.40,57.84,170.00,21.00,null,29.75,null,10.00,29.00,BKN,BKN,BKN,   ,4800.00,6000.00,10000.00,null,null,null,null,null,null,null,null,82.27,KCKM 251915Z AUTO 17021G29KT 10SM BKN048 BKN060 BKN100 27/18 A2975 RMK AO1,null
DLP,2011-04-25 19:15,-89.5472,29.1214,0.00,82.40,73.40,74.28,140.00,11.00,null,29.91,null,9.00,16.00,CLR,   ,   ,   ,null,null,null,null,null,null,null,null,null,null,null,88.26,KDLP 251915Z AUTO 14011G16KT 9SM CLR 28/23 A2991 RMK A01,null
MYT,2011-04-25 19:15,-89.6150,28.2206,0.00,78.80,71.60,78.62,170.00,11.00,null,29.90,null,2.00,null,CLR,   ,   ,   ,null,null,null,null,HZ,null,null,null,null,null,null,81.70,KMYT 251915Z AUTO 17011KT 2SM HZ CLR 26/22 A2990 RMK A01,null
UTA,2011-04-25 19:15,-90.3467,34.6811,59.00,73.40,66.20,78.19,140.00,11.00,null,29.75,null,10.00,null,CLR,   ,   ,   ,null,null,null,null,null,null,null,null,null,null,null,73.40,KUTA 251915Z AUTO 14011KT 10SM CLR 23/19 A2975 RMK AO2,null
MIS,2011-04-25 19:15,-88.8420,29.2960,32.00,82.40,73.40,74.28,220.00,10.00,null,29.94,null,3.00,null,   ,   ,   ,   ,null,null,null,null,HZ,null,null,null,null,null,null,88.26,KMIS 251915Z AUTO 22010KT 3SM HZ 28/23 A2994 RMK A01,null
PIB,2011-04-25 19:15,-89.3371,31.4671,91.00,86.00,62.60,45.61,180.00,10.00,null,29.90,null,10.00,20.00,BKN,   ,   ,   ,5000.00,null,null,null,null,null,null,null,null,null,null,86.72,KPIB 251915Z AUTO 18010G20KT 10SM BKN050 30/17 A2990 RMK AO1,null
CRX,2011-04-25 19:15,-88.6035,34.9150,129.00,78.80,64.40,61.36,160.00,18.00,null,29.82,null,10.00,22.00,SCT,SCT,   ,   ,3800.00,4500.00,null,null,null,null,null,null,null,null,null,80.56,KCRX 251915Z AUTO 16018G22KT 10SM SCT038 SCT045 26/18 A2982 RMK AO2 LTG DSNT NW,null
HEZ,2011-04-25 19:15,-91.2973,31.6137,83.00,84.20,62.60,48.32,170.00,14.00,null,29.79,null,10.00,23.00,SCT,   ,   ,   ,6500.00,null,null,null,null,null,null,null,null,null,null,85.03,KHEZ 251915Z AUTO 17014G23KT 10SM SCT065 29/17 A2979 RMK AO1,null
M16,2011-04-25 19:15,-90.4105,32.3045,75.30,84.20,62.60,48.32,180.00,12.00,null,29.80,null,10.00,23.00,CLR,   ,   ,   ,null,null,null,null,null,null,null,null,null,null,null,85.03,KM16 251915Z AUTO 18012G23KT 10SM CLR 29/17 A2980 RMK AO2,null
1R7,2011-04-25 19:15,-90.4093,31.6058,149.00,84.20,64.40,51.47,170.00,18.00,null,29.85,null,7.00,24.00,CLR,   ,   ,   ,null,null,null,null,null,null,null,null,null,null,null,85.71,K1R7 251915Z AUTO 17018G24KT 7SM CLR 29/18 A2985 RMK AO2,null
UOX,2011-04-25 19:15,-89.5368,34.3843,137.80,80.60,62.60,54.30,160.00,5.00,null,29.80,null,10.00,19.00,FEW,SCT,   ,   ,3900.00,4900.00,null,null,null,null,null,null,null,null,null,81.84,KUOX 251915Z AUTO 16005G19KT 10SM FEW039 SCT049 27/17 A2980 RMK AO2,null
UTA,2011-04-25 19:35,-90.3467,34.6811,59.00,77.00,68.00,73.78,150.00,13.00,null,29.74,null,10.00,null,CLR,   ,   ,   ,null,null,null,null,null,null,null,null,null,null,null,77.00,KUTA 251935Z AUTO 15013KT 10SM CLR 25/20 A2974 RMK AO2,null
M16,2011-04-25 19:35,-90.4105,32.3045,75.30,84.20,62.60,48.32,170.00,14.00,null,29.79,null,7.00,23.00,FEW,   ,   ,   ,5000.00,null,null,null,null,null,null,null,null,null,null,85.03,KM16 251935Z AUTO 17014G23KT 7SM FEW050 29/17 A2979 RMK AO2,null
1R7,2011-04-25 19:35,-90.4093,31.6058,149.00,84.20,62.60,48.32,170.00,14.00,null,29.83,null,7.00,22.00,CLR,   ,   ,   ,null,null,null,null,null,null,null,null,null,null,null,85.03,K1R7 251935Z AUTO 17014G22KT 7SM CLR 29/17 A2983 RMK AO2,null
PIB,2011-04-25 19:35,-89.3371,31.4671,91.00,86.00,62.60,45.61,160.00,15.00,null,29.89,null,10.00,24.00,BKN,   ,   ,   ,5000.00,null,null,null,null,null,null,null,null,null,null,86.72,KPIB 251935Z AUTO 16015G24KT 10SM BKN050 30/17 A2989 RMK AO1,null
UOX,2011-04-25 19:35,-89.5368,34.3843,137.80,80.60,62.60,54.30,190.00,10.00,null,29.80,null,10.00,19.00,FEW,FEW,   ,   ,3900.00,4900.00,null,null,null,null,null,null,null,null,null,81.84,KUOX 251935Z AUTO 19010G19KT 10SM FEW039 FEW049 27/17 A2980 RMK AO2,null
HEZ,2011-04-25 19:35,-91.2973,31.6137,83.00,84.20,62.60,48.32,180.00,17.00,null,29.78,null,10.00,23.00,BKN,   ,   ,   ,6500.00,null,null,null,null,null,null,null,null,null,null,85.03,KHEZ 251935Z AUTO 18017G23KT 10SM BKN065 29/17 A2978 RMK AO1,null
MYT,2011-04-25 19:35,-89.6150,28.2206,0.00,78.80,71.60,78.62,180.00,10.00,null,29.90,null,2.00,null,CLR,   ,   ,   ,null,null,null,null,HZ,null,null,null,null,null,null,81.70,KMYT 251935Z AUTO 18010KT 2SM HZ CLR 26/22 A2990 RMK A01,null
DLP,2011-04-25 19:35,-89.5472,29.1214,0.00,82.40,73.40,74.28,150.00,12.00,null,29.91,null,9.00,null,CLR,   ,   ,   ,null,null,null,null,null,null,null,null,null,null,null,88.26,KDLP 251935Z AUTO 15012KT 9SM CLR 28/23 A2991 RMK A01,null
CRX,2011-04-25 19:35,-88.6035,34.9150,129.00,78.80,64.40,61.36,160.00,14.00,null,29.81,null,10.00,21.00,BKN,BKN,   ,   ,3900.00,4800.00,null,null,null,null,null,null,null,null,null,80.56,KCRX 251935Z AUTO 16014G21KT 10SM BKN039 BKN048 26/18 A2981 RMK AO2,null
CKM,2011-04-25 19:35,-90.5123,34.2997,52.70,82.40,64.40,54.55,160.00,20.00,null,29.74,null,10.00,28.00,BKN,   ,   ,   ,5000.00,null,null,null,null,null,null,null,null,null,null,83.98,KCKM 251935Z AUTO 16020G28KT 10SM BKN050 28/18 A2974 RMK AO1,null
MIS,2011-04-25 19:35,-88.8420,29.2960,32.00,82.40,73.40,74.28,220.00,9.00,null,29.93,null,3.00,null,   ,   ,   ,   ,null,null,null,null,HZ,null,null,null,null,null,null,88.26,KMIS 251935Z AUTO 22009KT 3SM HZ 28/23 A2993 RMK A01,null
OLV,2011-04-25 19:45,-89.7869,34.9787,122.50,69.80,69.80,100.00,180.00,8.00,null,29.77,null,9.00,null,SCT,OVC,   ,   ,4000.00,15000.00,null,null,null,null,null,null,null,null,null,69.80,KOLV 251945Z 18008KT 9SM SCT040 OVC150 21/21 A2977,null
GTR,2011-04-25 19:50,-88.5914,33.4503,80.00,82.40,64.40,54.55,170.00,18.00,null,29.93,null,10.00,23.00,SCT,SCT,   ,   ,5000.00,6000.00,null,null,null,null,null,null,null,null,null,83.98,KGTR 251950Z 17018G23KT 10SM SCT050 SCT060 28/18 A2993,null
HKS,2011-04-25 19:53,-90.2225,32.3348,104.00,86.00,61.00,43.07,180.00,16.00,null,29.78,1007.60,10.00,26.00,FEW,   ,   ,   ,6000.00,null,null,null,null,null,null,null,29.00,160.00,2011-04-25 19:38,86.11,KHKS 251953Z 18016G26KT 10SM FEW060 30/16 A2978 RMK AO2 PK WND 16029/1938 SLP076 T03000161,null
HBG,2011-04-25 19:53,-89.2529,31.2649,46.00,87.00,65.00,47.83,160.00,15.00,null,29.86,1010.90,10.00,21.00,FEW,   ,   ,   ,4500.00,null,null,null,null,null,null,null,null,null,null,88.86,KHBG 251953Z AUTO 16015G21KT 10SM FEW045 31/18 A2986 RMK AO2 SLP109 T03060183 TSNO,null
HSA,2011-04-25 19:53,-89.4546,30.3678,7.00,80.60,73.40,78.76,150.00,15.00,null,29.89,null,7.00,22.00,SCT,BKN,   ,   ,2600.00,5000.00,null,null,null,null,null,null,null,null,null,85.32,KHSA 251953Z 15015G22KT 7SM SCT026 BKN050 27/23 A2989,null
TUP,2011-04-25 19:53,-88.7711,34.2608,110.00,81.00,64.00,56.45,190.00,11.00,null,29.80,1008.60,10.00,20.00,SCT,BKN,   ,   ,4300.00,5500.00,null,null,null,null,null,null,26.00,210.00,2011-04-25 19:26,82.52,KTUP 251953Z AUTO 19011G20KT 10SM SCT043 BKN055 27/18 A2980 RMK AO2 PK WND 21026/1926 SLP086 T02720178,null
GPT,2011-04-25 19:53,-89.0701,30.4073,9.00,81.00,72.00,74.15,160.00,11.00,null,29.91,1012.70,10.00,17.00,FEW,   ,   ,   ,1600.00,null,null,null,null,null,null,null,null,null,null,85.27,KGPT 251953Z 16011G17KT 10SM FEW016 27/22 A2991 RMK AO2 SLP127 T02720222,null
GWO,2011-04-25 19:53,-90.0847,33.4943,47.00,83.00,64.00,52.93,180.00,21.00,null,29.76,1007.60,10.00,27.00,BKN,   ,   ,   ,4900.00,null,null,null,null,null,null,null,29.00,180.00,2011-04-25 19:43,84.37,KGWO 251953Z AUTO 18021G27KT 10SM BKN049 28/18 A2976 RMK AO2 PK WND 18029/1943 SLP076 T02830178,null
MCB,2011-04-25 19:53,-90.4700,31.1800,126.00,87.00,59.00,38.78,170.00,18.00,null,29.82,1009.10,10.00,25.00,FEW,   ,   ,   ,5500.00,null,null,null,null,null,null,null,30.00,190.00,2011-04-25 19:31,87.08,KMCB 251953Z AUTO 17018G25KT 10SM FEW055 31/15 A2982 RMK AO2 PK WND 19030/1931 SLP091 T03060150,null
GLH,2011-04-25 19:53,-90.9856,33.4829,40.00,82.00,64.00,54.50,190.00,23.00,null,29.71,1006.50,10.00,33.00,CLR,   ,   ,   ,null,null,null,null,null,null,null,null,34.00,180.00,2011-04-25 19:28,83.52,KGLH 251953Z 19023G33KT 10SM CLR 28/18 A2971 RMK AO2 PK WND 18034/1928 SLP065 T02780178,null
PQL,2011-04-25 19:53,-88.5319,30.4636,5.00,80.00,70.00,71.39,160.00,12.00,null,29.93,1013.60,10.00,null,BKN,BKN,OVC,   ,2300.00,2700.00,3400.00,null,null,null,null,null,null,null,null,83.22,KPQL 251953Z AUTO 16012KT 10SM BKN023 BKN027 OVC034 27/21 A2993 RMK AO2 SLP136 T02670211,null
JAN,2011-04-25 19:54,-90.0800,32.3200,101.00,84.00,61.00,45.90,170.00,13.00,null,29.79,1008.20,10.00,23.00,BKN,   ,   ,   ,6000.00,null,null,null,null,null,null,null,26.00,150.00,2011-04-25 19:13,84.33,KJAN 251954Z 17013G23KT 10SM BKN060TCU 29/16 A2979 RMK AO2 PK WND 15026/1913 SLP082 TCU ALQDS T02890161,null
BIX,2011-04-25 19:55,-88.9244,30.4104,10.00,83.00,73.22,72.55,180.00,10.00,null,29.92,1013.30,10.00,16.00,FEW,SCT,BKN,   ,1400.00,2300.00,15000.00,null,null,null,null,null,null,null,null,88.96,KBIX 251955Z 18010G16KT 10SM FEW014 SCT023 BKN150 28/23 A2992 RMK AO2A FEW V SCT SLP133 T02830229,null
CKM,2011-04-25 19:55,-90.5123,34.2997,52.70,82.40,64.40,54.55,170.00,22.00,null,29.72,null,10.00,29.00,BKN,   ,   ,   ,5000.00,null,null,null,null,null,null,null,null,null,null,83.98,KCKM 251955Z AUTO 17022G29KT 10SM BKN050 28/18 A2972 RMK AO1,null
DLP,2011-04-25 19:55,-89.5472,29.1214,0.00,82.40,73.40,74.28,150.00,11.00,null,29.90,null,9.00,null,CLR,   ,   ,   ,null,null,null,null,null,null,null,null,null,null,null,88.26,KDLP 251955Z AUTO 15011KT 9SM CLR 28/23 A2990 RMK A01,null
1R7,2011-04-25 19:55,-90.4093,31.6058,149.00,84.20,62.60,48.32,170.00,17.00,null,29.81,null,7.00,23.00,FEW,   ,   ,   ,4600.00,null,null,null,null,null,null,null,null,null,null,85.03,K1R7 251955Z AUTO 17017G23KT 7SM FEW046 29/17 A2981 RMK AO2,null
CBM,2011-04-25 19:55,-88.4438,33.6438,67.00,82.22,63.00,52.17,190.00,14.00,null,29.82,1009.80,10.00,22.00,FEW,   ,   ,   ,18000.00,null,null,null,null,null,null,null,null,null,null,83.35,KCBM 251955Z AUTO 19014G22KT 10SM FEW180 28/17 A2982 RMK AO2 SLP098 T02790172 $,null
UOX,2011-04-25 19:55,-89.5368,34.3843,137.80,80.60,62.60,54.30,170.00,5.00,null,29.79,null,10.00,15.00,FEW,SCT,SCT,   ,4100.00,4800.00,8000.00,null,null,null,null,null,null,null,null,81.84,KUOX 251955Z AUTO 17005G15KT 010V020 10SM FEW041 SCT048 SCT080 27/17 A2979 RMK AO2,null
MYT,2011-04-25 19:55,-89.6150,28.2206,0.00,78.80,71.60,78.62,170.00,11.00,null,29.88,null,2.00,null,CLR,   ,   ,   ,null,null,null,null,HZ,null,null,null,null,null,null,81.70,KMYT 251955Z AUTO 17011KT 2SM HZ CLR 26/22 A2988 RMK A01,null
M16,2011-04-25 19:55,-90.4105,32.3045,75.30,84.20,60.80,45.34,170.00,17.00,null,29.77,null,9.00,29.00,CLR,   ,   ,   ,null,null,null,null,null,null,null,null,null,null,null,84.43,KM16 251955Z AUTO 17017G29KT 9SM CLR 29/16 A2977 RMK AO2,null
MIS,2011-04-25 19:55,-88.8420,29.2960,32.00,82.40,73.40,74.28,220.00,10.00,null,29.93,null,3.00,null,   ,   ,   ,   ,null,null,null,null,HZ,null,null,null,null,null,null,88.26,KMIS 251955Z AUTO 22010KT 3SM HZ 28/23 A2993 RMK A01,null
CRX,2011-04-25 19:55,-88.6035,34.9150,129.00,77.00,62.60,61.13,160.00,15.00,null,29.80,null,10.00,20.00,SCT,BKN,   ,   ,3900.00,4700.00,null,null,null,null,null,null,null,null,null,77.00,KCRX 251955Z AUTO 16015G20KT 10SM SCT039 BKN047 25/17 A2980 RMK AO2,null
HEZ,2011-04-25 19:55,-91.2973,31.6137,83.00,84.20,62.60,48.32,160.00,22.00,null,29.76,null,10.00,30.00,SCT,   ,   ,   ,6500.00,null,null,null,null,null,null,null,null,null,null,85.03,KHEZ 251955Z AUTO 16022G30KT 10SM SCT065 29/17 A2976 RMK AO1,null
PIB,2011-04-25 19:55,-89.3371,31.4671,91.00,84.20,64.40,51.47,140.00,17.00,null,29.86,null,10.00,23.00,FEW,FEW,   ,   ,4800.00,6000.00,null,null,null,null,null,null,null,null,null,85.71,KPIB 251955Z AUTO 14017G23KT 10SM FEW048 FEW060 29/18 A2986 RMK AO1,null
UTA,2011-04-25 19:55,-90.3467,34.6811,59.00,78.80,68.00,69.52,160.00,13.00,null,29.72,null,10.00,null,CLR,   ,   ,   ,null,null,null,null,null,null,null,null,null,null,null,81.10,KUTA 251955Z AUTO 16013KT 10SM CLR 26/20 A2972 RMK AO2,null
NMM,2011-04-25 19:56,-88.5556,32.5521,97.00,84.00,61.00,45.90,170.00,11.00,null,29.84,1011.10,10.00,21.00,FEW,BKN,   ,   ,4500.00,25000.00,null,null,null,null,null,null,null,null,null,84.33,KNMM 251956Z 17011G21KT 140V220 10SM FEW045 BKN250 29/16 A2984 RMK AO2 SLP111 T02890161,null
MEI,2011-04-25 19:58,-88.7511,32.3347,94.00,83.00,63.00,50.97,180.00,15.00,null,29.84,1010.10,10.00,20.00,CLR,   ,   ,   ,null,null,null,null,null,null,null,null,null,null,null,84.00,KMEI 251958Z 18015G20KT 10SM R01/2400V5500FT CLR 28/17 A2984 RMK AO2 SLP101 T02830172,null
CRX,2011-04-25 20:15,-88.6035,34.9150,129.00,77.00,64.40,65.12,170.00,13.00,null,29.79,null,10.00,17.00,SCT,   ,   ,   ,4100.00,null,null,null,null,null,null,null,null,null,null,77.00,KCRX 252015Z AUTO 17013G17KT 10SM SCT041 25/18 A2979 RMK AO2,null
MYT,2011-04-25 20:15,-89.6150,28.2206,0.00,78.80,73.40,83.55,170.00,11.00,null,29.88,null,1.75,null,CLR,   ,   ,   ,null,null,null,null,HZ,null,null,null,null,null,null,82.03,KMYT 252015Z AUTO 17011KT 1 3/4SM HZ CLR 26/23 A2988 RMK A01,null
M16,2011-04-25 20:15,-90.4105,32.3045,75.30,86.00,62.60,45.61,160.00,10.00,null,29.76,null,8.00,19.00,FEW,   ,   ,   ,6000.00,null,null,null,null,null,null,null,null,null,null,86.72,KM16 252015Z AUTO 16010G19KT 8SM FEW060 30/17 A2976 RMK AO2,null
UTA,2011-04-25 20:15,-90.3467,34.6811,59.00,78.80,64.40,61.36,170.00,14.00,null,29.71,null,10.00,21.00,CLR,   ,   ,   ,null,null,null,null,null,null,null,null,null,null,null,80.56,KUTA 252015Z AUTO 17014G21KT 10SM CLR 26/18 A2971 RMK AO2 LTG DSNT W,null
DLP,2011-04-25 20:15,-89.5472,29.1214,0.00,82.40,73.40,74.28,150.00,11.00,null,29.89,null,9.00,null,FEW,   ,   ,   ,2700.00,null,null,null,null,null,null,null,null,null,null,88.26,KDLP 252015Z AUTO 15011KT 9SM FEW027 28/23 A2989 RMK A01,null
HEZ,2011-04-25 20:15,-91.2973,31.6137,83.00,84.20,62.60,48.32,170.00,11.00,null,29.75,null,10.00,24.00,SCT,   ,   ,   ,6500.00,null,null,null,null,null,null,null,null,null,null,85.03,KHEZ 252015Z AUTO 17011G24KT 10SM SCT065 29/17 A2975 RMK AO1,null
CKM,2011-04-25 20:15,-90.5123,34.2997,52.70,82.40,64.40,54.55,180.00,16.00,null,29.71,null,10.00,27.00,BKN,BKN,   ,   ,5000.00,10000.00,null,null,null,null,null,null,null,null,null,83.98,KCKM 252015Z AUTO 18016G27KT 10SM BKN050 BKN100 28/18 A2971 RMK AO1,null
1R7,2011-04-25 20:15,-90.4093,31.6058,149.00,84.20,60.80,45.34,160.00,14.00,null,29.81,null,8.00,22.00,CLR,   ,   ,   ,null,null,null,null,null,null,null,null,null,null,null,84.43,K1R7 252015Z AUTO 16014G22KT 8SM CLR 29/16 A2981 RMK AO2,null
MIS,2011-04-25 20:15,-88.8420,29.2960,32.00,84.20,73.40,70.08,220.00,10.00,null,29.91,null,3.00,null,   ,   ,   ,   ,null,null,null,null,HZ,null,null,null,null,null,null,90.94,KMIS 252015Z AUTO 22010KT 3SM HZ 29/23 A2991 RMK A01,null
PIB,2011-04-25 20:15,-89.3371,31.4671,91.00,84.20,62.60,48.32,180.00,17.00,null,29.84,null,10.00,24.00,CLR,   ,   ,   ,null,null,null,null,null,null,null,null,null,null,null,85.03,KPIB 252015Z AUTO 18017G24KT 10SM CLR 29/17 A2984 RMK AO1,null
CRX,2011-04-25 20:35,-88.6035,34.9150,129.00,78.80,64.40,61.36,160.00,12.00,null,29.77,null,10.00,18.00,FEW,   ,   ,   ,3900.00,null,null,null,null,null,null,null,null,null,null,80.56,KCRX 252035Z AUTO 16012G18KT 10SM FEW039 26/18 A2977 RMK AO2,null
M16,2011-04-25 20:35,-90.4105,32.3045,75.30,84.20,62.60,48.32,190.00,13.00,null,29.74,null,10.00,24.00,FEW,   ,   ,   ,6000.00,null,null,null,null,null,null,null,null,null,null,85.03,KM16 252035Z AUTO 19013G24KT 10SM FEW060 29/17 A2974 RMK AO2,null
MYT,2011-04-25 20:35,-89.6150,28.2206,0.00,78.80,71.60,78.62,170.00,10.00,null,29.87,null,2.00,null,CLR,   ,   ,   ,null,null,null,null,HZ,null,null,null,null,null,null,81.70,KMYT 252035Z AUTO 17010KT 2SM HZ CLR 26/22 A2987 RMK A01,null
HEZ,2011-04-25 20:35,-91.2973,31.6137,83.00,84.20,60.80,45.34,170.00,19.00,null,29.74,null,10.00,26.00,SCT,   ,   ,   ,6500.00,null,null,null,null,null,null,null,null,null,null,84.43,KHEZ 252035Z AUTO 17019G26KT 10SM SCT065 29/16 A2974 RMK AO1,null
DLP,2011-04-25 20:35,-89.5472,29.1214,0.00,82.40,73.40,74.28,140.00,10.00,null,29.87,null,8.00,16.00,CLR,   ,   ,   ,null,null,null,null,null,null,null,null,null,null,null,88.26,KDLP 252035Z AUTO 14010G16KT 8SM CLR 28/23 A2987 RMK A01,null
PIB,2011-04-25 20:35,-89.3371,31.4671,91.00,84.20,62.60,48.32,170.00,19.00,null,29.83,null,10.00,29.00,SCT,   ,   ,   ,5000.00,null,null,null,null,null,null,null,null,null,null,85.03,KPIB 252035Z AUTO 17019G29KT 10SM SCT050 29/17 A2983 RMK AO1,null
MIS,2011-04-25 20:35,-88.8420,29.2960,32.00,87.80,71.60,58.78,230.00,13.00,null,29.90,null,4.00,null,   ,   ,   ,   ,null,null,null,null,HZ,null,null,null,null,null,null,94.18,KMIS 252035Z AUTO 23013KT 4SM HZ 31/22 A2990 RMK A01,null
UTA,2011-04-25 20:35,-90.3467,34.6811,59.00,80.60,62.60,54.30,180.00,16.00,null,29.69,null,10.00,24.00,SCT,   ,   ,   ,5000.00,null,null,null,null,null,null,null,null,null,null,81.84,KUTA 252035Z AUTO 18016G24KT 10SM SCT050 27/17 A2969 RMK AO2,null
CKM,2011-04-25 20:35,-90.5123,34.2997,52.70,82.40,64.40,54.55,170.00,22.00,null,29.68,null,9.00,30.00,SCT,SCT,BKN,   ,5000.00,6000.00,10000.00,null,null,null,null,null,null,null,null,83.98,KCKM 252035Z AUTO 17022G30KT 9SM SCT050 SCT060 BKN100 28/18 A2968 RMK AO1,null
UOX,2011-04-25 20:35,-89.5368,34.3843,137.80,80.60,62.60,54.30,180.00,8.00,null,29.75,null,10.00,24.00,CLR,   ,   ,   ,null,null,null,null,null,null,null,null,null,null,null,81.84,KUOX 252035Z AUTO 18008G24KT 10SM CLR 27/17 A2975 RMK AO2,null
1R7,2011-04-25 20:35,-90.4093,31.6058,149.00,84.20,62.60,48.32,150.00,14.00,null,29.79,null,8.00,25.00,CLR,   ,   ,   ,null,null,null,null,null,null,null,null,null,null,null,85.03,K1R7 252035Z AUTO 15014G25KT 8SM CLR 29/17 A2979 RMK AO2,null
GTR,2011-04-25 20:45,-88.5914,33.4503,80.00,82.40,64.40,54.55,180.00,13.00,null,29.80,null,10.00,23.00,SCT,   ,   ,   ,5000.00,null,null,null,null,null,null,null,null,null,null,83.98,KGTR 252045Z 18013G23KT 10SM SCT050 28/18 A2980,null
GWO,2011-04-25 20:53,-90.0847,33.4943,47.00,84.00,62.00,47.68,180.00,22.00,null,29.72,1006.20,10.00,29.00,CLR,   ,   ,   ,null,null,null,null,null,null,null,null,30.00,180.00,2011-04-25 20:10,84.68,KGWO 252053Z AUTO 18022G29KT 10SM CLR 29/17 A2972 RMK AO2 PK WND 18030/2010 SLP062 T02890167 56041,null
HKS,2011-04-25 20:53,-90.2225,32.3348,104.00,85.00,63.00,47.82,160.00,15.00,null,29.75,1006.40,10.00,29.00,FEW,   ,   ,   ,5500.00,null,null,null,null,null,null,null,29.00,160.00,2011-04-25 20:46,85.83,KHKS 252053Z 16015G29KT 10SM FEW055 29/17 A2975 RMK AO2 PK WND 16029/2046 SLP064 T02940172 56047,null
TUP,2011-04-25 20:53,-88.7711,34.2608,110.00,82.00,62.00,50.84,210.00,17.00,null,29.77,1007.60,10.00,26.00,FEW,   ,   ,   ,5000.00,null,null,null,null,null,null,null,26.00,220.00,2011-04-25 20:47,82.94,KTUP 252053Z AUTO 21017G26KT 10SM FEW050 28/17 A2977 RMK AO2 PK WND 22026/2047 SLP076 T02780167 57034,null
HBG,2011-04-25 20:53,-89.2529,31.2649,46.00,85.00,64.00,49.66,170.00,18.00,null,29.82,1009.60,10.00,24.00,CLR,   ,   ,   ,null,null,null,null,null,null,null,null,27.00,160.00,2011-04-25 20:34,86.27,KHBG 252053Z AUTO 17018G24KT 10SM CLR 29/18 A2982 RMK AO2 PK WND 16027/2034 SLP096 T02940178 58035 TSNO,null
PQL,2011-04-25 20:53,-88.5319,30.4636,5.00,79.00,70.00,73.97,150.00,11.00,null,29.88,1011.90,10.00,20.00,SCT,BKN,BKN,   ,1900.00,2500.00,3300.00,null,null,null,null,null,null,null,null,81.69,KPQL 252053Z AUTO 15011G20KT 10SM SCT019 BKN025 BKN033 26/21 A2988 RMK AO2 SLP119 T02610211 58031,null
MCB,2011-04-25 20:53,-90.4700,31.1800,126.00,85.00,60.00,43.18,170.00,18.00,null,29.78,1007.80,10.00,30.00,BKN,   ,   ,   ,6000.00,null,null,null,null,null,null,null,30.00,160.00,2011-04-25 20:50,84.84,KMCB 252053Z AUTO 17018G30KT 10SM BKN060 29/16 A2978 RMK AO2 PK WND 16030/2050 SLP078 T02940156 56042,null
GLH,2011-04-25 20:53,-90.9856,33.4829,40.00,81.00,62.00,52.66,180.00,24.00,null,29.67,1005.30,10.00,31.00,FEW,   ,   ,   ,6000.00,null,null,null,null,null,null,null,36.00,180.00,2011-04-25 20:41,82.02,KGLH 252053Z AUTO 18024G31KT 10SM FEW060 27/17 A2967 RMK AO2 PK WND 18036/2041 SLP053 T02720167 56038,null
GPT,2011-04-25 20:53,-89.0701,30.4073,9.00,81.00,72.00,74.15,160.00,12.00,null,29.86,1011.10,10.00,19.00,BKN,BKN,   ,   ,1900.00,2700.00,null,null,null,null,null,null,null,null,null,85.27,KGPT 252053Z 16012G19KT 10SM BKN019 BKN027 27/22 A2986 RMK AO2 SLP111 60027 T02720222 58032,null
JAN,2011-04-25 20:54,-90.0800,32.3200,101.00,85.00,64.00,49.66,160.00,16.00,null,29.75,1006.90,10.00,25.00,SCT,BKN,   ,   ,6000.00,7500.00,null,null,null,null,null,null,null,null,null,86.27,KJAN 252054Z 16016G25KT 10SM SCT060 BKN075 29/18 A2975 RMK AO2 SLP069 T02940178 56046,null
M16,2011-04-25 20:55,-90.4105,32.3045,75.30,84.20,62.60,48.32,170.00,11.00,null,29.73,null,10.00,22.00,CLR,   ,   ,   ,null,null,null,null,null,null,null,null,null,null,null,85.03,KM16 252055Z AUTO 17011G22KT 10SM CLR 29/17 A2973 RMK AO2,null
UOX,2011-04-25 20:55,-89.5368,34.3843,137.80,80.60,62.60,54.30,190.00,7.00,null,29.73,null,10.00,15.00,SCT,   ,   ,   ,4300.00,null,null,null,null,null,null,null,null,null,null,81.84,KUOX 252055Z AUTO 19007G15KT 020V020 10SM SCT043 27/17 A2973 RMK AO2,null
CKM,2011-04-25 20:55,-90.5123,34.2997,52.70,82.40,64.40,54.55,170.00,20.00,null,29.67,null,10.00,31.00,CLR,   ,   ,   ,null,null,null,null,null,null,null,null,null,null,null,83.98,KCKM 252055Z AUTO 17020G31KT 10SM CLR 28/18 A2967 RMK AO1,null
CBM,2011-04-25 20:55,-88.4438,33.6438,67.00,83.30,64.22,52.65,160.00,14.00,null,29.79,1008.80,10.00,20.00,FEW,   ,   ,   ,5000.00,null,null,null,null,null,null,null,null,null,null,84.78,KCBM 252055Z AUTO 16014G20KT 10SM FEW050 29/18 A2979 RMK AO2 SLP088 T02850179 56039 $,null
BIX,2011-04-25 20:55,-88.9244,30.4104,10.00,82.22,73.00,73.81,170.00,15.00,null,29.87,1011.60,10.00,18.00,SCT,SCT,   ,   ,1500.00,2200.00,null,null,null,null,null,null,null,null,null,87.75,KBIX 252055Z 17015G18KT 10SM SCT015 SCT022 28/23 A2987 RMK AO2A SLP116 T02790228 58032,null
UTA,2011-04-25 20:55,-90.3467,34.6811,59.00,80.60,64.40,57.84,170.00,17.00,null,29.67,null,10.00,25.00,SCT,   ,   ,   ,5000.00,null,null,null,null,null,null,null,null,null,null,82.27,KUTA 252055Z AUTO 17017G25KT 10SM SCT050 27/18 A2967 RMK AO2,null
CRX,2011-04-25 20:55,-88.6035,34.9150,129.00,80.60,64.40,57.84,170.00,15.00,null,29.76,null,10.00,21.00,SCT,   ,   ,   ,3900.00,null,null,null,null,null,null,null,null,null,null,82.27,KCRX 252055Z AUTO 17015G21KT 10SM SCT039 27/18 A2976 RMK AO2,null
DLP,2011-04-25 20:55,-89.5472,29.1214,0.00,82.40,73.40,74.28,140.00,10.00,null,29.86,null,9.00,18.00,SCT,SCT,SCT,   ,1700.00,2200.00,2700.00,null,null,null,null,null,null,null,null,88.26,KDLP 252055Z AUTO 14010G18KT 9SM SCT017 SCT022 SCT027 28/23 A2986 RMK A01,null
MYT,2011-04-25 20:55,-89.6150,28.2206,0.00,78.80,71.60,78.62,170.00,10.00,null,29.86,null,2.00,null,CLR,   ,   ,   ,null,null,null,null,HZ,null,null,null,null,null,null,81.70,KMYT 252055Z AUTO 17010KT 2SM HZ CLR 26/22 A2986 RMK A01,null
HEZ,2011-04-25 20:55,-91.2973,31.6137,83.00,84.20,62.60,48.32,160.00,16.00,null,29.73,null,10.00,24.00,BKN,   ,   ,   ,6500.00,null,null,null,null,null,null,null,null,null,null,85.03,KHEZ 252055Z AUTO 16016G24KT 10SM BKN065 29/17 A2973 RMK AO1 57047,null
1R7,2011-04-25 20:55,-90.4093,31.6058,149.00,84.20,60.80,45.34,150.00,19.00,null,29.78,null,8.00,25.00,FEW,   ,   ,   ,5500.00,null,null,null,null,null,null,null,null,null,null,84.43,K1R7 252055Z AUTO 15019G25KT 8SM FEW055 29/16 A2978 RMK AO2,null
OLV,2011-04-25 20:55,-89.7869,34.9787,122.50,78.80,68.00,69.52,180.00,13.00,null,29.70,null,8.00,null,SCT,BKN,BKN,   ,5000.00,7000.00,9500.00,null,null,null,null,null,null,null,null,81.10,KOLV 252055Z 18013KT 8SM SCT050 BKN070 BKN095 26/20 A2970,null
HSA,2011-04-25 20:55,-89.4546,30.3678,7.00,82.40,73.40,74.28,170.00,16.00,null,29.85,null,7.00,25.00,SCT,BKN,   ,   ,2500.00,3300.00,null,null,null,null,null,null,null,null,null,88.26,KHSA 252055Z 17016G25KT 7SM SCT025 BKN033 28/23 A2985,null
MIS,2011-04-25 20:55,-88.8420,29.2960,32.00,87.80,71.60,58.78,230.00,15.00,null,29.89,null,4.00,null,   ,   ,   ,   ,null,null,null,null,HZ,null,null,null,null,null,null,94.18,KMIS 252055Z AUTO 23015KT 4SM HZ 31/22 A2989 RMK A01,null
PIB,2011-04-25 20:55,-89.3371,31.4671,91.00,84.20,62.60,48.32,170.00,19.00,null,29.83,null,10.00,25.00,SCT,BKN,   ,   ,5000.00,6000.00,null,null,null,null,null,null,null,null,null,85.03,KPIB 252055Z AUTO 17019G25KT 10SM SCT050 BKN060 29/17 A2983 RMK AO1 57037,null
NMM,2011-04-25 20:56,-88.5556,32.5521,97.00,85.00,61.00,44.59,0.00,6.00,null,29.81,1009.90,10.00,16.00,SCT,BKN,   ,   ,6000.00,25000.00,null,null,null,null,null,null,null,null,null,85.13,KNMM 252056Z VRB06G16KT 10SM SCT060 BKN250 29/16 A2981 RMK AO2 SLP099 T02940161 57043,null
MEI,2011-04-25 20:58,-88.7511,32.3347,94.00,85.00,63.00,47.82,170.00,13.00,null,29.79,1008.50,10.00,22.00,FEW,   ,   ,   ,6000.00,null,null,null,null,null,null,null,null,null,null,85.83,KMEI 252058Z 17013G22KT 10SM FEW060 29/17 A2979 RMK AO2 SLP085 T02940172 58045,null
HEZ,2011-04-25 21:15,-91.2973,31.6137,83.00,84.20,60.80,45.34,170.00,16.00,null,29.71,null,10.00,28.00,SCT,   ,   ,   ,6500.00,null,null,null,null,null,null,null,null,null,null,84.43,KHEZ 252115Z AUTO 17016G28KT 10SM SCT065 29/16 A2971 RMK AO1,null
PIB,2011-04-25 21:15,-89.3371,31.4671,91.00,82.40,62.60,51.21,180.00,15.00,null,29.82,null,10.00,25.00,FEW,FEW,   ,   ,4500.00,6000.00,null,null,null,null,null,null,null,null,null,83.41,KPIB 252115Z AUTO 18015G25KT 10SM FEW045 FEW060 28/17 A2982 RMK AO1,null
M16,2011-04-25 21:15,-90.4105,32.3045,75.30,84.20,62.60,48.32,160.00,15.00,null,29.72,null,9.00,23.00,FEW,FEW,   ,   ,6000.00,7000.00,null,null,null,null,null,null,null,null,null,85.03,KM16 252115Z AUTO 16015G23KT 9SM FEW060 FEW070 29/17 A2972 RMK AO2,null
CRX,2011-04-25 21:15,-88.6035,34.9150,129.00,78.80,62.60,57.60,170.00,19.00,null,29.75,null,10.00,23.00,FEW,   ,   ,   ,4200.00,null,null,null,null,null,null,null,null,null,null,80.31,KCRX 252115Z AUTO 17019G23KT 10SM FEW042 26/17 A2975 RMK AO2,null
MYT,2011-04-25 21:15,-89.6150,28.2206,0.00,78.80,71.60,78.62,170.00,11.00,null,29.85,null,2.00,null,CLR,   ,   ,   ,null,null,null,null,HZ,null,null,null,null,null,null,81.70,KMYT 252115Z AUTO 17011KT 2SM HZ CLR 26/22 A2985 RMK A01,null
UTA,2011-04-25 21:15,-90.3467,34.6811,59.00,80.60,64.40,57.84,170.00,16.00,null,29.67,null,10.00,22.00,CLR,   ,   ,   ,null,null,null,null,null,null,null,null,null,null,null,82.27,KUTA 252115Z AUTO 17016G22KT 10SM CLR 27/18 A2967 RMK AO2,null
1R7,2011-04-25 21:15,-90.4093,31.6058,149.00,86.00,60.80,42.80,170.00,13.00,null,29.78,null,8.00,21.00,FEW,   ,   ,   ,5500.00,null,null,null,null,null,null,null,null,null,null,86.05,K1R7 252115Z AUTO 17013G21KT 8SM FEW055 30/16 A2978 RMK AO2,null
MIS,2011-04-25 21:15,-88.8420,29.2960,32.00,87.80,71.60,58.78,230.00,14.00,null,29.88,null,4.00,null,   ,   ,   ,   ,null,null,null,null,HZ,null,null,null,null,null,null,94.18,KMIS 252115Z AUTO 23014KT 4SM HZ 31/22 A2988 RMK A01,null
CKM,2011-04-25 21:15,-90.5123,34.2997,52.70,82.40,62.60,51.21,170.00,21.00,null,29.68,null,10.00,29.00,SCT,   ,   ,   ,6000.00,null,null,null,null,null,null,null,null,null,null,83.41,KCKM 252115Z AUTO 17021G29KT 10SM SCT060 28/17 A2968 RMK AO1,null
UOX,2011-04-25 21:15,-89.5368,34.3843,137.80,80.60,59.00,47.79,190.00,10.00,null,29.72,null,10.00,19.00,SCT,SCT,   ,   ,4700.00,5000.00,null,null,null,null,null,null,null,null,null,81.11,KUOX 252115Z AUTO 19010G19KT 020V020 10SM SCT047 SCT050 27/15 A2972 RMK AO2,null
DLP,2011-04-25 21:15,-89.5472,29.1214,0.00,82.40,73.40,74.28,150.00,11.00,null,29.85,null,9.00,17.00,SCT,BKN,BKN,   ,1700.00,2100.00,2800.00,null,null,null,null,null,null,null,null,88.26,KDLP 252115Z AUTO 15011G17KT 9SM SCT017 BKN021 BKN028 28/23 A2985 RMK A01,null
BIX,2011-04-25 21:18,-88.9244,30.4104,10.00,82.40,73.40,74.28,170.00,14.00,null,29.86,1011.40,10.00,21.00,BKN,   ,   ,   ,1500.00,null,null,null,null,null,null,null,null,null,null,88.26,KBIX 252118Z 17014G21KT 10SM BKN015 28/23 A2986 RMK AO2A CIG 013V019 SLP114,null
GPT,2011-04-25 21:32,-89.0701,30.4073,9.00,80.60,69.80,69.71,170.00,14.00,null,29.85,null,10.00,21.00,FEW,SCT,   ,   ,1800.00,2700.00,null,null,null,null,null,null,null,null,null,83.90,KGPT 252132Z 17014G21KT 10SM FEW018 SCT027 27/21 A2985 RMK AO2,null
CRX,2011-04-25 21:35,-88.6035,34.9150,129.00,80.60,62.60,54.30,160.00,17.00,null,29.73,null,10.00,21.00,FEW,   ,   ,   ,4400.00,null,null,null,null,null,null,null,null,null,null,81.84,KCRX 252135Z AUTO 16017G21KT 10SM FEW044 27/17 A2973 RMK AO2,null
CKM,2011-04-25 21:35,-90.5123,34.2997,52.70,82.40,62.60,51.21,170.00,20.00,null,29.66,null,10.00,27.00,SCT,   ,   ,   ,6000.00,null,null,null,null,null,null,null,null,null,null,83.41,KCKM 252135Z AUTO 17020G27KT 10SM SCT060 28/17 A2966 RMK AO1,null
MIS,2011-04-25 21:35,-88.8420,29.2960,32.00,87.80,71.60,58.78,230.00,16.00,null,29.86,null,3.00,null,   ,   ,   ,   ,null,null,null,null,HZ,null,null,null,null,null,null,94.18,KMIS 252135Z AUTO 23016KT 3SM HZ 31/22 A2986 RMK A01,null
DLP,2011-04-25 21:35,-89.5472,29.1214,0.00,82.40,73.40,74.28,160.00,15.00,null,29.84,null,9.00,null,BKN,BKN,BKN,   ,1600.00,2000.00,3400.00,null,null,null,null,null,null,null,null,88.26,KDLP 252135Z AUTO 16015KT 9SM BKN016 BKN020 BKN034 28/23 A2984 RMK A01,null
HEZ,2011-04-25 21:35,-91.2973,31.6137,83.00,84.20,60.80,45.34,180.00,16.00,null,29.71,null,10.00,26.00,FEW,   ,   ,   ,6500.00,null,null,null,null,null,null,null,null,null,null,84.43,KHEZ 252135Z AUTO 18016G26KT 10SM FEW065 29/16 A2971 RMK AO1,null
M16,2011-04-25 21:35,-90.4105,32.3045,75.30,84.20,62.60,48.32,160.00,10.00,null,29.72,null,10.00,22.00,FEW,   ,   ,   ,6000.00,null,null,null,null,null,null,null,null,null,null,85.03,KM16 252135Z AUTO 16010G22KT 020V020 10SM FEW060 29/17 A2972 RMK AO2,null
UOX,2011-04-25 21:35,-89.5368,34.3843,137.80,80.60,59.00,47.79,170.00,6.00,null,29.72,null,10.00,25.00,CLR,   ,   ,   ,null,null,null,null,null,null,null,null,null,null,null,81.11,KUOX 252135Z AUTO 17006G25KT 10SM CLR 27/15 A2972 RMK AO2,null
MYT,2011-04-25 21:35,-89.6150,28.2206,0.00,78.80,71.60,78.62,170.00,11.00,null,29.84,null,2.00,null,CLR,   ,   ,   ,null,null,null,null,HZ,null,null,null,null,null,null,81.70,KMYT 252135Z AUTO 17011KT 2SM HZ CLR 26/22 A2984 RMK A01,null
UTA,2011-04-25 21:35,-90.3467,34.6811,59.00,78.80,64.40,61.36,170.00,16.00,null,29.66,null,10.00,24.00,CLR,   ,   ,   ,null,null,null,null,null,null,null,null,null,null,null,80.56,KUTA 252135Z AUTO 17016G24KT 10SM CLR 26/18 A2966 RMK AO2,null
PIB,2011-04-25 21:35,-89.3371,31.4671,91.00,84.20,62.60,48.32,160.00,12.00,null,29.81,null,10.00,24.00,FEW,FEW,   ,   ,4500.00,8500.00,null,null,null,null,null,null,null,null,null,85.03,KPIB 252135Z AUTO 16012G24KT 10SM FEW045 FEW085 29/17 A2981 RMK AO1,null
GTR,2011-04-25 21:45,-88.5914,33.4503,80.00,82.40,64.40,54.55,170.00,17.00,null,29.77,null,10.00,24.00,SCT,   ,   ,   ,5000.00,null,null,null,null,null,null,null,null,null,null,83.98,KGTR 252145Z 17017G24KT 10SM SCT050 28/18 A2977,null
HKS,2011-04-25 21:53,-90.2225,32.3348,104.00,83.00,64.00,52.93,150.00,21.00,null,29.72,1005.60,10.00,27.00,CLR,   ,   ,   ,null,null,null,null,null,null,null,null,29.00,170.00,2011-04-25 21:28,84.37,KHKS 252153Z 15021G27KT 10SM CLR 28/18 A2972 RMK AO2 PK WND 17029/2128 SLP056 T02830178,null
HBG,2011-04-25 21:53,-89.2529,31.2649,46.00,85.00,63.00,47.82,190.00,16.00,null,29.80,1008.90,10.00,26.00,SCT,   ,   ,   ,4600.00,null,null,null,null,null,null,null,30.00,150.00,2011-04-25 21:22,85.83,KHBG 252153Z AUTO 19016G26KT 10SM SCT046 29/17 A2980 RMK AO2 PK WND 15030/2122 SLP089 T02940172 TSNO,null
MCB,2011-04-25 21:53,-90.4700,31.1800,126.00,85.00,63.00,47.82,160.00,20.00,null,29.76,1007.20,10.00,29.00,SCT,   ,   ,   ,5000.00,null,null,null,null,null,null,null,30.00,160.00,2011-04-25 21:30,85.83,KMCB 252153Z AUTO 16020G29KT 10SM SCT050 29/17 A2976 RMK AO2 PK WND 16030/2130 SLP072 T02940172,null
TUP,2011-04-25 21:53,-88.7711,34.2608,110.00,82.00,62.00,50.84,200.00,11.00,null,29.73,1006.30,10.00,23.00,FEW,   ,   ,   ,5000.00,null,null,null,null,null,null,null,27.00,200.00,2011-04-25 21:30,82.94,KTUP 252153Z AUTO 20011G23KT 10SM FEW050 28/17 A2973 RMK AO2 PK WND 20027/2130 SLP063 T02780167,null
GLH,2011-04-25 21:53,-90.9856,33.4829,40.00,80.00,62.00,54.23,180.00,19.00,null,29.65,1004.40,10.00,29.00,FEW,   ,   ,   ,6500.00,null,null,null,null,null,null,null,31.00,180.00,2011-04-25 21:26,81.27,KGLH 252153Z AUTO 18019G29KT 10SM FEW065 27/17 A2965 RMK AO2 PK WND 18031/2126 SLP044 T02670167,null
GWO,2011-04-25 21:53,-90.0847,33.4943,47.00,83.00,62.00,49.37,180.00,18.00,null,29.68,1004.90,10.00,28.00,CLR,   ,   ,   ,null,null,null,null,null,null,null,null,28.00,200.00,2011-04-25 21:50,83.72,KGWO 252153Z AUTO 18018G28KT 10SM CLR 28/17 A2968 RMK AO2 PK WND 20028/2150 SLP049 T02830167,null
PQL,2011-04-25 21:53,-88.5319,30.4636,5.00,79.00,70.00,73.97,160.00,12.00,null,29.86,1011.30,10.00,18.00,BKN,OVC,   ,   ,2100.00,2700.00,null,null,null,null,null,null,null,null,null,81.69,KPQL 252153Z AUTO 16012G18KT 10SM BKN021 OVC027 26/21 A2986 RMK AO2 SLP113 T02610211,null
GPT,2011-04-25 21:53,-89.0701,30.4073,9.00,80.00,71.00,74.07,170.00,12.00,null,29.84,1010.40,10.00,21.00,SCT,SCT,   ,   ,2000.00,2600.00,null,null,null,null,null,null,null,null,null,83.56,KGPT 252153Z 17012G21KT 10SM SCT020 SCT026 27/22 A2984 RMK AO2 SLP104 T02670217,null
JAN,2011-04-25 21:54,-90.0800,32.3200,101.00,83.00,63.00,50.97,160.00,16.00,null,29.73,1006.30,10.00,26.00,FEW,   ,   ,   ,7000.00,null,null,null,null,null,null,null,29.00,150.00,2011-04-25 21:16,84.00,KJAN 252154Z 16016G26KT 10SM FEW070 28/17 A2973 RMK AO2 PK WND 15029/2116 SLP063 T02830172,null
UOX,2011-04-25 21:55,-89.5368,34.3843,137.80,80.60,59.00,47.79,180.00,9.00,null,29.71,null,10.00,22.00,CLR,   ,   ,   ,null,null,null,null,null,null,null,null,null,null,null,81.11,KUOX 252155Z AUTO 18009G22KT 10SM CLR 27/15 A2971 RMK AO2,null
UTA,2011-04-25 21:55,-90.3467,34.6811,59.00,80.60,64.40,57.84,170.00,14.00,null,29.64,null,10.00,21.00,CLR,   ,   ,   ,null,null,null,null,null,null,null,null,null,null,null,82.27,KUTA 252155Z AUTO 17014G21KT 10SM CLR 27/18 A2964 RMK AO2,null
MIS,2011-04-25 21:55,-88.8420,29.2960,32.00,86.00,71.60,62.25,230.00,16.00,null,29.86,null,3.00,22.00,   ,   ,   ,   ,null,null,null,null,HZ,null,null,null,null,null,null,91.92,KMIS 252155Z AUTO 23016G22KT 3SM HZ 30/22 A2986 RMK A01,null
HEZ,2011-04-25 21:55,-91.2973,31.6137,83.00,84.20,60.80,45.34,190.00,13.00,null,29.72,null,10.00,24.00,CLR,   ,   ,   ,null,null,null,null,null,null,null,null,null,null,null,84.43,KHEZ 252155Z AUTO 19013G24KT 10SM CLR 29/16 A2972 RMK AO1,null
M16,2011-04-25 21:55,-90.4105,32.3045,75.30,84.20,64.40,51.47,150.00,11.00,null,29.72,null,10.00,21.00,FEW,SCT,   ,   ,6000.00,6500.00,null,null,null,null,null,null,null,null,null,85.71,KM16 252155Z AUTO 15011G21KT 10SM FEW060 SCT065 29/18 A2972 RMK AO2,null
CKM,2011-04-25 21:55,-90.5123,34.2997,52.70,82.40,62.60,51.21,160.00,14.00,null,29.64,null,10.00,27.00,SCT,BKN,   ,   ,6000.00,7000.00,null,null,null,null,null,null,null,null,null,83.41,KCKM 252155Z AUTO 16014G27KT 10SM SCT060 BKN070 28/17 A2964 RMK AO1,null
DLP,2011-04-25 21:55,-89.5472,29.1214,0.00,80.60,73.40,78.76,170.00,13.00,null,29.83,null,9.00,18.00,BKN,   ,   ,   ,1700.00,null,null,null,null,null,null,null,null,null,null,85.32,KDLP 252155Z AUTO 17013G18KT 9SM BKN017 27/23 A2983 RMK A01,null
BIX,2011-04-25 21:55,-88.9244,30.4104,10.00,81.14,73.40,77.39,170.00,14.00,null,29.85,1011.00,10.00,null,FEW,BKN,   ,   ,1300.00,2000.00,null,null,null,null,null,null,null,null,null,86.24,KBIX 252155Z 17014KT 10SM FEW013 BKN020 27/23 A2985 RMK AO2A CIG 018V022 BKN V SCT SLP110 T02730230,null
1R7,2011-04-25 21:55,-90.4093,31.6058,149.00,84.20,60.80,45.34,180.00,15.00,null,29.76,null,7.00,23.00,CLR,   ,   ,   ,null,null,null,null,null,null,null,null,null,null,null,84.43,K1R7 252155Z AUTO 18015G23KT 7SM CLR 29/16 A2976 RMK AO2,null
CRX,2011-04-25 21:55,-88.6035,34.9150,129.00,80.60,62.60,54.30,160.00,19.00,null,29.72,null,10.00,27.00,CLR,   ,   ,   ,null,null,null,null,null,null,null,null,null,null,null,81.84,KCRX 252155Z AUTO 16019G27KT 10SM CLR 27/17 A2972 RMK AO2,null
CBM,2011-04-25 21:55,-88.4438,33.6438,67.00,83.30,65.66,55.36,160.00,13.00,null,29.76,1007.80,10.00,null,FEW,   ,   ,   ,4800.00,null,null,null,null,null,null,null,null,null,null,85.34,KCBM 252155Z AUTO 16013KT 10SM FEW048 29/19 A2976 RMK AO2 SLP078 T02850187 $,null
MYT,2011-04-25 21:55,-89.6150,28.2206,0.00,78.80,71.60,78.62,170.00,11.00,null,29.83,null,2.00,null,CLR,   ,   ,   ,null,null,null,null,HZ,null,null,null,null,null,null,81.70,KMYT 252155Z AUTO 17011KT 2SM HZ CLR 26/22 A2983 RMK A01,null
OLV,2011-04-25 21:55,-89.7869,34.9787,122.50,78.80,68.00,69.52,180.00,13.00,null,29.66,null,8.00,19.00,SCT,BKN,OVC,   ,4600.00,5500.00,25000.00,null,null,null,null,null,null,null,null,81.10,KOLV 252155Z 18013G19KT 8SM SCT046 BKN055 OVC250 26/20 A2966,null
PIB,2011-04-25 21:55,-89.3371,31.4671,91.00,84.20,62.60,48.32,160.00,19.00,null,29.81,null,10.00,26.00,FEW,   ,   ,   ,4500.00,null,null,null,null,null,null,null,null,null,null,85.03,KPIB 252155Z AUTO 16019G26KT 10SM FEW045 29/17 A2981 RMK AO1,null
HSA,2011-04-25 21:55,-89.4546,30.3678,7.00,80.60,75.20,83.66,170.00,15.00,null,29.82,null,7.00,25.00,SCT,BKN,   ,   ,2500.00,4600.00,null,null,null,null,null,null,null,null,null,86.17,KHSA 252155Z 17015G25KT 7SM SCT025 BKN046 27/24 A2982,null
NMM,2011-04-25 21:56,-88.5556,32.5521,97.00,84.00,61.00,45.90,150.00,8.00,null,29.78,1009.20,10.00,17.00,FEW,SCT,BKN,   ,5500.00,6500.00,25000.00,null,null,null,null,null,null,null,null,84.33,KNMM 252156Z 15008G17KT 110V190 10SM FEW055 SCT065 BKN250 29/16 A2978 RMK AO2 SLP092 T02890161,null
MEI,2011-04-25 21:58,-88.7511,32.3347,94.00,83.00,64.00,52.93,180.00,17.00,null,29.78,1008.10,10.00,25.00,CLR,   ,   ,   ,null,null,null,null,null,null,null,null,null,null,null,84.37,KMEI 252158Z 18017G25KT 10SM CLR 28/18 A2978 RMK AO2 SLP081 T02830178,null
M16,2011-04-25 22:15,-90.4105,32.3045,75.30,82.40,66.20,58.08,170.00,10.00,null,29.73,null,10.00,18.00,FEW,FEW,   ,   ,4900.00,6000.00,null,null,null,null,null,null,null,null,null,84.63,KM16 252215Z AUTO 17010G18KT 10SM FEW049 FEW060 28/19 A2973 RMK AO2,null
CKM,2011-04-25 22:15,-90.5123,34.2997,52.70,82.40,62.60,51.21,170.00,18.00,null,29.65,null,10.00,21.00,SCT,BKN,   ,   ,6000.00,7000.00,null,null,null,null,null,null,null,null,null,83.41,KCKM 252215Z AUTO 17018G21KT 10SM SCT060 BKN070 28/17 A2965 RMK AO1,null
MIS,2011-04-25 22:15,-88.8420,29.2960,32.00,87.80,71.60,58.78,230.00,17.00,null,29.85,null,3.00,22.00,   ,   ,   ,   ,null,null,null,null,HZ,null,null,null,null,null,null,94.18,KMIS 252215Z AUTO 23017G22KT 3SM HZ 31/22 A2985 RMK A01,null
CRX,2011-04-25 22:15,-88.6035,34.9150,129.00,80.60,62.60,54.30,170.00,20.00,null,29.71,null,10.00,27.00,FEW,   ,   ,   ,4500.00,null,null,null,null,null,null,null,null,null,null,81.84,KCRX 252215Z AUTO 17020G27KT 10SM FEW045 27/17 A2971 RMK AO2,null
UOX,2011-04-25 22:15,-89.5368,34.3843,137.80,80.60,59.00,47.79,180.00,5.00,null,29.70,null,10.00,17.00,CLR,   ,   ,   ,null,null,null,null,null,null,null,null,null,null,null,81.11,KUOX 252215Z AUTO 18005G17KT 10SM CLR 27/15 A2970 RMK AO2,null
HEZ,2011-04-25 22:15,-91.2973,31.6137,83.00,84.20,62.60,48.32,170.00,13.00,null,29.72,null,10.00,19.00,FEW,   ,   ,   ,6500.00,null,null,null,null,null,null,null,null,null,null,85.03,KHEZ 252215Z AUTO 17013G19KT 10SM FEW065 29/17 A2972 RMK AO1,null
DLP,2011-04-25 22:15,-89.5472,29.1214,0.00,80.60,73.40,78.76,160.00,16.00,null,29.82,null,7.00,null,BKN,   ,   ,   ,1700.00,null,null,null,null,null,null,null,null,null,null,85.32,KDLP 252215Z AUTO 16016KT 7SM BKN017 27/23 A2982 RMK A01,null
PIB,2011-04-25 22:15,-89.3371,31.4671,91.00,84.20,62.60,48.32,180.00,19.00,null,29.80,null,10.00,25.00,SCT,   ,   ,   ,4800.00,null,null,null,null,null,null,null,null,null,null,85.03,KPIB 252215Z AUTO 18019G25KT 10SM SCT048 29/17 A2980 RMK AO1,null
1R7,2011-04-25 22:15,-90.4093,31.6058,149.00,84.20,62.60,48.32,160.00,14.00,null,29.76,null,7.00,22.00,CLR,   ,   ,   ,null,null,null,null,null,null,null,null,null,null,null,85.03,K1R7 252215Z AUTO 16014G22KT 7SM CLR 29/17 A2976 RMK AO2,null
MYT,2011-04-25 22:15,-89.6150,28.2206,0.00,78.80,71.60,78.62,160.00,12.00,null,29.82,null,2.00,null,CLR,   ,   ,   ,null,null,null,null,HZ,null,null,null,null,null,null,81.70,KMYT 252215Z AUTO 16012KT 2SM HZ CLR 26/22 A2982 RMK A01,null
UTA,2011-04-25 22:15,-90.3467,34.6811,59.00,78.80,64.40,61.36,170.00,14.00,null,29.64,null,10.00,21.00,CLR,   ,   ,   ,null,null,null,null,null,null,null,null,null,null,null,80.56,KUTA 252215Z AUTO 17014G21KT 10SM CLR 26/18 A2964 RMK AO2 LTG DSNT N,null
MYT,2011-04-25 22:35,-89.6150,28.2206,0.00,78.80,71.60,78.62,170.00,13.00,null,29.81,null,2.00,null,CLR,   ,   ,   ,null,null,null,null,HZ,null,null,null,null,null,null,81.70,KMYT 252235Z AUTO 17013KT 2SM HZ CLR 26/22 A2981 RMK A01,null
HEZ,2011-04-25 22:35,-91.2973,31.6137,83.00,82.40,62.60,51.21,190.00,11.00,null,29.73,null,10.00,15.00,FEW,SCT,   ,   ,5500.00,6500.00,null,null,null,null,null,null,null,null,null,83.41,KHEZ 252235Z AUTO 19011G15KT 10SM FEW055 SCT065 28/17 A2973 RMK AO1,null
CKM,2011-04-25 22:35,-90.5123,34.2997,52.70,82.40,62.60,51.21,160.00,19.00,null,29.65,null,10.00,24.00,SCT,BKN,   ,   ,7000.00,8000.00,null,null,null,null,null,null,null,null,null,83.41,KCKM 252235Z AUTO 16019G24KT 10SM SCT070 BKN080 28/17 A2965 RMK AO1,null
PIB,2011-04-25 22:35,-89.3371,31.4671,91.00,82.40,62.60,51.21,170.00,19.00,null,29.79,null,10.00,26.00,FEW,   ,   ,   ,4400.00,null,null,null,null,null,null,null,null,null,null,83.41,KPIB 252235Z AUTO 17019G26KT 10SM FEW044 28/17 A2979 RMK AO1,null
CRX,2011-04-25 22:35,-88.6035,34.9150,129.00,80.60,60.80,50.95,170.00,15.00,null,29.71,null,10.00,27.00,FEW,   ,   ,   ,4700.00,null,null,null,null,null,null,null,null,null,null,81.46,KCRX 252235Z AUTO 17015G27KT 10SM FEW047 27/16 A2971 RMK AO2,null
UTA,2011-04-25 22:35,-90.3467,34.6811,59.00,78.80,64.40,61.36,170.00,12.00,null,29.65,null,10.00,null,CLR,   ,   ,   ,null,null,null,null,null,null,null,null,null,null,null,80.56,KUTA 252235Z AUTO 17012KT 10SM CLR 26/18 A2965 RMK AO2,null
M16,2011-04-25 22:35,-90.4105,32.3045,75.30,82.40,60.80,48.05,190.00,12.00,null,29.74,null,10.00,21.00,CLR,   ,   ,   ,null,null,null,null,null,null,null,null,null,null,null,82.90,KM16 252235Z AUTO 19012G21KT 10SM CLR 28/16 A2974 RMK AO2,null
1R7,2011-04-25 22:35,-90.4093,31.6058,149.00,82.40,62.60,51.21,160.00,13.00,null,29.77,null,8.00,20.00,CLR,   ,   ,   ,null,null,null,null,null,null,null,null,null,null,null,83.41,K1R7 252235Z AUTO 16013G20KT 8SM CLR 28/17 A2977 RMK AO2,null
DLP,2011-04-25 22:35,-89.5472,29.1214,0.00,80.60,71.60,74.11,160.00,21.00,null,29.81,null,8.00,null,SCT,   ,   ,   ,1700.00,null,null,null,null,null,null,null,null,null,null,84.57,KDLP 252235Z AUTO 16021KT 8SM SCT017 27/22 A2981 RMK A01,null
MIS,2011-04-25 22:35,-88.8420,29.2960,32.00,86.00,71.60,62.25,220.00,16.00,null,29.85,null,3.00,23.00,   ,   ,   ,   ,null,null,null,null,HZ,null,null,null,null,null,null,91.92,KMIS 252235Z AUTO 22016G23KT 3SM HZ 30/22 A2985 RMK A01,null
UOX,2011-04-25 22:35,-89.5368,34.3843,137.80,80.60,59.00,47.79,190.00,5.00,null,29.69,null,10.00,null,CLR,   ,   ,   ,null,null,null,null,null,null,null,null,null,null,null,81.11,KUOX 252235Z AUTO 19005KT 10SM CLR 27/15 A2969 RMK AO2,null
PQL,2011-04-25 22:45,-88.5319,30.4636,5.00,78.80,69.80,73.95,160.00,10.00,null,29.84,null,10.00,20.00,FEW,SCT,   ,   ,1800.00,3400.00,null,null,null,null,null,null,null,null,null,81.39,KPQL 252245Z AUTO 16010G20KT 10SM FEW018 SCT034 26/21 A2984 RMK AO2,null
GTR,2011-04-25 22:45,-88.5914,33.4503,80.00,82.40,64.40,54.55,170.00,14.00,null,29.75,null,10.00,22.00,SCT,   ,   ,   ,8000.00,null,null,null,null,null,null,null,null,null,null,83.98,KGTR 252245Z 17014G22KT 10SM SCT080 28/18 A2975,null
OLV,2011-04-25 22:45,-89.7869,34.9787,122.50,77.00,64.40,65.12,180.00,14.00,null,29.67,null,8.00,18.00,FEW,SCT,OVC,   ,4900.00,6500.00,25000.00,null,null,null,null,null,null,null,null,77.00,KOLV 252245Z 18014G18KT 8SM FEW049 SCT065 OVC250 25/18 A2967,null
GWO,2011-04-25 22:53,-90.0847,33.4943,47.00,81.00,63.00,54.35,170.00,12.00,null,29.69,1005.00,10.00,null,FEW,   ,   ,   ,6000.00,null,null,null,null,null,null,null,null,null,null,82.24,KGWO 252253Z AUTO 17012KT 10SM FEW060 27/17 A2969 RMK AO2 SLP050 T02720172,null
TUP,2011-04-25 22:53,-88.7711,34.2608,110.00,80.00,62.00,54.23,200.00,13.00,null,29.70,1005.40,10.00,20.00,FEW,   ,   ,   ,6000.00,null,null,null,null,null,null,null,28.00,200.00,2011-04-25 22:06,81.27,KTUP 252253Z 20013G20KT 10SM FEW060 27/17 A2970 RMK AO2 PK WND 20028/2206 SLP054 T02670167,null
MCB,2011-04-25 22:53,-90.4700,31.1800,126.00,81.00,63.00,54.35,180.00,13.00,null,29.78,1008.00,10.00,22.00,BKN,   ,   ,   ,7000.00,null,null,null,null,null,null,null,28.00,160.00,2011-04-25 21:56,82.24,KMCB 252253Z AUTO 18013G22KT 10SM BKN070 27/17 A2978 RMK AO2 PK WND 16028/2156 SLP080 T02720172,null
HKS,2011-04-25 22:53,-90.2225,32.3348,104.00,82.00,66.00,58.40,170.00,12.00,null,29.75,1006.40,10.00,20.00,CLR,   ,   ,   ,null,null,null,null,null,null,null,null,null,null,null,84.19,KHKS 252253Z 17012G20KT 10SM CLR 28/19 A2975 RMK AO2 SLP064 T02780189,null
PQL,2011-04-25 22:53,-88.5319,30.4636,5.00,78.00,69.00,73.88,170.00,10.00,null,29.84,1010.60,10.00,19.00,FEW,SCT,SCT,   ,1800.00,2400.00,3200.00,null,null,null,null,null,null,null,null,80.26,KPQL 252253Z AUTO 17010G19KT 10SM FEW018 SCT024 SCT032 26/21 A2984 RMK AO2 SLP106 T02560206,null
GLH,2011-04-25 22:53,-90.9856,33.4829,40.00,80.00,61.00,52.19,180.00,23.00,null,29.63,1003.70,10.00,31.00,CLR,   ,   ,   ,null,null,null,null,null,null,null,null,33.00,180.00,2011-04-25 22:20,81.07,KGLH 252253Z AUTO 18023G31KT 10SM CLR 27/16 A2963 RMK AO2 PK WND 18033/2220 SLP037 T02670161,null
HBG,2011-04-25 22:53,-89.2529,31.2649,46.00,82.00,64.00,54.50,170.00,14.00,null,29.80,1008.90,10.00,21.00,CLR,   ,   ,   ,null,null,null,null,null,null,null,null,null,null,null,83.52,KHBG 252253Z AUTO 17014G21KT 10SM CLR 28/18 A2980 RMK AO2 SLP089 T02780178 TSNO,null
JAN,2011-04-25 22:54,-90.0800,32.3200,101.00,81.00,66.00,60.49,170.00,9.00,null,29.75,1007.00,10.00,16.00,FEW,   ,   ,   ,4100.00,null,null,null,null,null,null,null,28.00,160.00,2011-04-25 22:08,83.08,KJAN 252254Z 17009G16KT 10SM FEW041 27/19 A2975 RMK AO2 PK WND 16028/2208 SLP070 T02720189,null
HSA,2011-04-25 22:55,-89.4546,30.3678,7.00,78.80,75.20,88.75,170.00,10.00,null,29.81,null,7.00,16.00,SCT,BKN,   ,   ,2400.00,3000.00,null,null,null,null,null,null,null,null,null,82.38,KHSA 252255Z 17010G16KT 7SM SCT024 BKN030 26/24 A2981,null
DLP,2011-04-25 22:55,-89.5472,29.1214,0.00,78.80,71.60,78.62,160.00,20.00,null,29.80,null,8.00,null,FEW,   ,   ,   ,1600.00,null,null,null,null,null,null,null,null,null,null,81.70,KDLP 252255Z AUTO 16020KT 8SM FEW016 26/22 A2980 RMK A01,null
1R7,2011-04-25 22:55,-90.4093,31.6058,149.00,80.60,62.60,54.30,160.00,14.00,null,29.79,null,7.00,18.00,CLR,   ,   ,   ,null,null,null,null,null,null,null,null,null,null,null,81.84,K1R7 252255Z AUTO 16014G18KT 7SM CLR 27/17 A2979 RMK AO2,null
HEZ,2011-04-25 22:55,-91.2973,31.6137,83.00,82.40,62.60,51.21,180.00,17.00,null,29.72,null,10.00,22.00,FEW,   ,   ,   ,6000.00,null,null,null,null,null,null,null,null,null,null,83.41,KHEZ 252255Z AUTO 18017G22KT 10SM FEW060 28/17 A2972 RMK AO1,null
CKM,2011-04-25 22:55,-90.5123,34.2997,52.70,80.60,62.60,54.30,170.00,17.00,null,29.65,null,10.00,24.00,FEW,   ,   ,   ,7000.00,null,null,null,null,null,null,null,null,null,null,81.84,KCKM 252255Z AUTO 17017G24KT 10SM FEW070 27/17 A2965 RMK AO1,null
MIS,2011-04-25 22:55,-88.8420,29.2960,32.00,86.00,69.80,58.55,220.00,16.00,null,29.84,null,3.00,null,   ,   ,   ,   ,null,null,null,null,HZ,null,null,null,null,null,null,90.58,KMIS 252255Z AUTO 22016KT 3SM HZ 30/21 A2984 RMK A01,null
MYT,2011-04-25 22:55,-89.6150,28.2206,0.00,78.80,71.60,78.62,170.00,13.00,null,29.81,null,2.00,18.00,CLR,   ,   ,   ,null,null,null,null,HZ,null,null,null,null,null,null,81.70,KMYT 252255Z AUTO 17013G18KT 2SM HZ CLR 26/22 A2981 RMK A01,null
CBM,2011-04-25 22:55,-88.4438,33.6438,67.00,81.68,65.12,57.26,160.00,13.00,null,29.74,1007.20,10.00,18.00,CLR,   ,   ,   ,null,null,null,null,null,null,null,null,null,null,null,83.52,KCBM 252255Z AUTO 16013G18KT 10SM CLR 28/18 A2974 RMK AO2 SLP072 T02760184 $,null
PIB,2011-04-25 22:55,-89.3371,31.4671,91.00,80.60,62.60,54.30,190.00,13.00,null,29.81,null,10.00,26.00,FEW,   ,   ,   ,4400.00,null,null,null,null,null,null,null,null,null,null,81.84,KPIB 252255Z AUTO 19013G26KT 10SM FEW044 27/17 A2981 RMK AO1,null
UTA,2011-04-25 22:55,-90.3467,34.6811,59.00,77.00,64.40,65.12,170.00,12.00,null,29.64,null,10.00,null,CLR,   ,   ,   ,null,null,null,null,null,null,null,null,null,null,null,77.00,KUTA 252255Z AUTO 17012KT 10SM CLR 25/18 A2964 RMK AO2,null
M16,2011-04-25 22:55,-90.4105,32.3045,75.30,82.40,60.80,48.05,170.00,8.00,null,29.72,null,10.00,null,CLR,   ,   ,   ,null,null,null,null,null,null,null,null,null,null,null,82.90,KM16 252255Z AUTO 17008KT 10SM CLR 28/16 A2972 RMK AO2,null
CRX,2011-04-25 22:55,-88.6035,34.9150,129.00,78.80,60.80,54.05,170.00,14.00,null,29.70,null,10.00,29.00,CLR,   ,   ,   ,null,null,null,null,null,null,null,null,null,null,null,78.80,KCRX 252255Z AUTO 17014G29KT 10SM CLR 26/16 A2970 RMK AO2,null
BIX,2011-04-25 22:55,-88.9244,30.4104,10.00,79.70,73.22,80.63,180.00,14.00,null,29.83,1010.20,10.00,18.00,BKN,   ,   ,   ,1800.00,null,null,null,null,null,null,null,null,null,null,83.67,KBIX 252255Z 18014G18KT 10SM BKN018 26/23 A2983 RMK AO2A CIG 013V022 SLP102 T02650229,null
UOX,2011-04-25 22:55,-89.5368,34.3843,137.80,78.80,59.00,50.69,200.00,4.00,null,29.70,null,10.00,null,CLR,   ,   ,   ,null,null,null,null,null,null,null,null,null,null,null,78.80,KUOX 252255Z AUTO 20004KT 10SM CLR 26/15 A2970 RMK AO2,null
NMM,2011-04-25 22:56,-88.5556,32.5521,97.00,82.00,62.00,50.84,170.00,9.00,null,29.77,1008.70,10.00,17.00,FEW,SCT,   ,   ,6000.00,25000.00,null,null,null,null,null,null,null,null,null,82.94,KNMM 252256Z 17009G17KT 10SM FEW060 SCT250 28/17 A2977 RMK AO2 SLP087 T02780167,null
MEI,2011-04-25 22:58,-88.7511,32.3347,94.00,82.00,64.00,54.50,180.00,17.00,null,29.77,1007.80,10.00,22.00,FEW,   ,   ,   ,4900.00,null,null,null,null,null,null,null,27.00,160.00,2011-04-25 22:08,83.52,KMEI 252258Z 18017G22KT 10SM FEW049 28/18 A2977 RMK AO2 PK WND 16027/2208 SLP078 T02780178,null
GPT,2011-04-25 23:01,-89.0701,30.4073,9.00,78.80,69.80,73.95,160.00,13.00,null,29.81,null,10.00,17.00,SCT,BKN,   ,   ,2000.00,2800.00,null,null,null,null,null,null,null,null,null,81.39,KGPT 252301Z 16013G17KT 10SM SCT020 BKN028 26/21 A2981 RMK AO2,null
UOX,2011-04-25 23:15,-89.5368,34.3843,137.80,78.80,60.80,54.05,170.00,4.00,null,29.69,null,10.00,14.00,CLR,   ,   ,   ,null,null,null,null,null,null,null,null,null,null,null,78.80,KUOX 252315Z AUTO 17004G14KT 10SM CLR 26/16 A2969 RMK AO2,null
UTA,2011-04-25 23:15,-90.3467,34.6811,59.00,77.00,62.60,61.13,170.00,13.00,null,29.63,null,10.00,16.00,CLR,   ,   ,   ,null,null,null,null,null,null,null,null,null,null,null,77.00,KUTA 252315Z AUTO 17013G16KT 10SM CLR 25/17 A2963 RMK AO2,null
DLP,2011-04-25 23:15,-89.5472,29.1214,0.00,78.80,71.60,78.62,160.00,16.00,null,29.79,null,null,28.00,FEW,   ,   ,   ,1700.00,null,null,null,null,null,null,null,null,null,null,81.70,KDLP 252315Z AUTO 16016G28KT FEW017 26/22 A2979 RMK A01,null
MYT,2011-04-25 23:15,-89.6150,28.2206,0.00,78.80,73.40,83.55,160.00,13.00,null,29.80,null,1.75,19.00,CLR,   ,   ,   ,null,null,null,null,HZ,null,null,null,null,null,null,82.03,KMYT 252315Z AUTO 16013G19KT 1 3/4SM HZ CLR 26/23 A2980 RMK A01,null
HEZ,2011-04-25 23:15,-91.2973,31.6137,83.00,82.40,64.40,54.55,170.00,17.00,null,29.71,null,10.00,26.00,CLR,   ,   ,   ,null,null,null,null,null,null,null,null,null,null,null,83.98,KHEZ 252315Z AUTO 17017G26KT 10SM CLR 28/18 A2971 RMK AO1,null
CRX,2011-04-25 23:15,-88.6035,34.9150,129.00,77.00,62.60,61.13,170.00,15.00,null,29.68,null,10.00,23.00,FEW,   ,   ,   ,5000.00,null,null,null,null,null,null,null,null,null,null,77.00,KCRX 252315Z AUTO 17015G23KT 10SM FEW050 25/17 A2968 RMK AO2,null
PIB,2011-04-25 23:15,-89.3371,31.4671,91.00,80.60,62.60,54.30,180.00,14.00,null,29.81,null,10.00,20.00,SCT,   ,   ,   ,4200.00,null,null,null,null,null,null,null,null,null,null,81.84,KPIB 252315Z AUTO 18014G20KT 10SM SCT042 27/17 A2981 RMK AO1,null
MIS,2011-04-25 23:15,-88.8420,29.2960,32.00,86.00,71.60,62.25,220.00,16.00,null,29.83,null,3.00,22.00,   ,   ,   ,   ,null,null,null,null,HZ,null,null,null,null,null,null,91.92,KMIS 252315Z AUTO 22016G22KT 3SM HZ 30/22 A2983 RMK A01,null
1R7,2011-04-25 23:15,-90.4093,31.6058,149.00,80.60,64.40,57.84,150.00,12.00,null,29.78,null,8.00,17.00,FEW,   ,   ,   ,8000.00,null,null,null,null,null,null,null,null,null,null,82.27,K1R7 252315Z AUTO 15012G17KT 8SM FEW080 27/18 A2978 RMK AO2,null
M16,2011-04-25 23:15,-90.4105,32.3045,75.30,80.60,60.80,50.95,160.00,11.00,null,29.71,null,10.00,20.00,CLR,   ,   ,   ,null,null,null,null,null,null,null,null,null,null,null,81.46,KM16 252315Z AUTO 16011G20KT 10SM CLR 27/16 A2971 RMK AO2,null
PQL,2011-04-25 23:30,-88.5319,30.4636,5.00,78.80,69.80,73.95,160.00,9.00,null,29.84,null,10.00,15.00,BKN,BKN,BKN,   ,1700.00,2600.00,3600.00,null,null,null,null,null,null,null,null,81.39,KPQL 252330Z AUTO 16009G15KT 10SM BKN017 BKN026 BKN036 26/21 A2984 RMK AO2,null
UTA,2011-04-25 23:35,-90.3467,34.6811,59.00,77.00,62.60,61.13,170.00,12.00,null,29.62,null,10.00,null,CLR,   ,   ,   ,null,null,null,null,null,null,null,null,null,null,null,77.00,KUTA 252335Z AUTO 17012KT 10SM CLR 25/17 A2962 RMK AO2,null
PIB,2011-04-25 23:35,-89.3371,31.4671,91.00,80.60,62.60,54.30,170.00,14.00,null,29.82,null,10.00,24.00,SCT,SCT,SCT,   ,4400.00,4900.00,8000.00,null,null,null,null,null,null,null,null,81.84,KPIB 252335Z AUTO 17014G24KT 10SM SCT044 SCT049 SCT080 27/17 A2982 RMK AO1,null
1R7,2011-04-25 23:35,-90.4093,31.6058,149.00,80.60,64.40,57.84,160.00,12.00,null,29.76,null,7.00,19.00,FEW,   ,   ,   ,8000.00,null,null,null,null,null,null,null,null,null,null,82.27,K1R7 252335Z AUTO 16012G19KT 7SM FEW080 27/18 A2976 RMK AO2,null
CKM,2011-04-25 23:35,-90.5123,34.2997,52.70,80.60,62.60,54.30,160.00,13.00,null,29.61,null,10.00,21.00,CLR,   ,   ,   ,null,null,null,null,null,null,null,null,null,null,null,81.84,KCKM 252335Z AUTO 16013G21KT 10SM CLR 27/17 A2961 RMK AO1,null
HEZ,2011-04-25 23:35,-91.2973,31.6137,83.00,80.60,62.60,54.30,180.00,11.00,null,29.70,null,10.00,21.00,CLR,   ,   ,   ,null,null,null,null,null,null,null,null,null,null,null,81.84,KHEZ 252335Z AUTO 18011G21KT 10SM CLR 27/17 A2970 RMK AO1,null
CRX,2011-04-25 23:35,-88.6035,34.9150,129.00,77.00,62.60,61.13,170.00,12.00,null,29.70,null,10.00,16.00,FEW,   ,   ,   ,5000.00,null,null,null,null,null,null,null,null,null,null,77.00,KCRX 252335Z AUTO 17012G16KT 10SM FEW050 25/17 A2970 RMK AO2,null
MYT,2011-04-25 23:35,-89.6150,28.2206,0.00,78.80,73.40,83.55,160.00,15.00,null,29.79,null,1.50,null,CLR,   ,   ,   ,null,null,null,null,HZ,null,null,null,null,null,null,82.03,KMYT 252335Z AUTO 16015KT 1 1/2SM HZ CLR 26/23 A2979 RMK A01,null
M16,2011-04-25 23:35,-90.4105,32.3045,75.30,80.60,62.60,54.30,170.00,11.00,null,29.70,null,10.00,19.00,CLR,   ,   ,   ,null,null,null,null,null,null,null,null,null,null,null,81.84,KM16 252335Z AUTO 17011G19KT 10SM CLR 27/17 A2970 RMK AO2,null
UOX,2011-04-25 23:35,-89.5368,34.3843,137.80,77.00,60.80,57.36,180.00,3.00,null,29.68,null,10.00,null,CLR,   ,   ,   ,null,null,null,null,null,null,null,null,null,null,null,77.00,KUOX 252335Z AUTO 18003KT 10SM CLR 25/16 A2968 RMK AO2,null
MIS,2011-04-25 23:35,-88.8420,29.2960,32.00,86.00,71.60,62.25,220.00,16.00,null,29.82,null,3.00,null,   ,   ,   ,   ,null,null,null,null,HZ,null,null,null,null,null,null,91.92,KMIS 252335Z AUTO 22016KT 3SM HZ 30/22 A2982 RMK A01,null
DLP,2011-04-25 23:35,-89.5472,29.1214,0.00,78.80,71.60,78.62,160.00,19.00,null,29.79,null,8.00,25.00,CLR,   ,   ,   ,null,null,null,null,null,null,null,null,null,null,null,81.70,KDLP 252335Z AUTO 16019G25KT 8SM CLR 26/22 A2979 RMK A01,null
GPT,2011-04-25 23:39,-89.0701,30.4073,9.00,78.80,69.80,73.95,170.00,9.00,null,29.82,null,10.00,18.00,SCT,BKN,BKN,   ,2000.00,3100.00,4000.00,null,null,null,null,null,null,null,null,81.39,KGPT 252339Z 17009G18KT 10SM SCT020 BKN031 BKN040 26/21 A2982 RMK AO2,null
GTR,2011-04-25 23:50,-88.5914,33.4503,80.00,78.80,64.40,61.36,170.00,12.00,null,29.74,null,10.00,null,SCT,   ,   ,   ,8000.00,null,null,null,null,null,null,null,null,null,null,80.56,KGTR 252350Z 17012KT 10SM SCT080 26/18 A2974,null
OLV,2011-04-25 23:50,-89.7869,34.9787,122.50,75.20,64.40,69.14,160.00,9.00,null,29.63,null,9.00,null,BKN,OVC,   ,   ,6500.00,25000.00,null,null,null,null,null,null,null,null,null,75.20,KOLV 252350Z 16009KT 9SM BKN065 OVC250 24/18 A2963,null
MCB,2011-04-25 23:53,-90.4700,31.1800,126.00,79.00,65.00,62.16,160.00,16.00,null,29.76,1007.10,10.00,24.00,CLR,   ,   ,   ,null,null,null,null,null,null,null,null,null,null,null,80.82,KMCB 252353Z AUTO 16016G24KT 10SM CLR 26/18 A2976 RMK AO2 SLP071 T02610183 10311 20261 58008,null
GLH,2011-04-25 23:53,-90.9856,33.4829,40.00,81.00,60.00,49.09,170.00,19.00,null,29.57,1001.80,10.00,31.00,CLR,   ,   ,   ,null,null,null,null,null,null,null,null,31.00,180.00,2011-04-25 23:49,81.59,KGLH 252353Z AUTO 17019G31KT 10SM CLR 27/16 A2957 RMK AO2 PK WND 18031/2349 PRESFR SLP018 T02720156 10283 20261 58035,null
TUP,2011-04-25 23:53,-88.7711,34.2608,110.00,79.00,63.00,57.99,200.00,12.00,null,29.70,1005.40,10.00,20.00,CLR,   ,   ,   ,null,null,null,null,null,null,null,null,29.00,200.00,2011-04-25 23:12,80.52,KTUP 252353Z 20012G20KT 10SM CLR 26/17 A2970 RMK AO2 PK WND 20029/2312 SLP054 T02610172 10283 20261 56022,null
GPT,2011-04-25 23:53,-89.0701,30.4073,9.00,79.00,70.00,73.97,170.00,9.00,null,29.82,1009.90,10.00,15.00,SCT,SCT,BKN,   ,2000.00,2900.00,4000.00,null,null,null,null,null,null,null,null,81.69,KGPT 252353Z 17009G15KT 10SM SCT020 SCT029 BKN040 26/21 A2982 RMK AO2 SLP099 60027 T02610211 10283 20239 55012,null
PQL,2011-04-25 23:53,-88.5319,30.4636,5.00,77.00,69.00,76.57,170.00,5.00,null,29.84,1010.60,10.00,null,BKN,   ,   ,   ,1900.00,null,null,null,null,null,null,null,null,null,null,77.00,KPQL 252353Z AUTO 17005KT 10SM BKN019 25/21 A2984 RMK AO2 SLP106 T02500206 10278 20250 56013,null
HKS,2011-04-25 23:53,-90.2225,32.3348,104.00,81.00,61.00,50.68,170.00,19.00,null,29.69,1004.70,10.00,24.00,CLR,   ,   ,   ,null,null,null,null,null,null,null,null,null,null,null,81.78,KHKS 252353Z 17019G24KT 10SM CLR 27/16 A2969 RMK AO2 PRESFR SLP047 T02720161 10306 20267 58018,null
HBG,2011-04-25 23:53,-89.2529,31.2649,46.00,80.00,64.00,58.14,180.00,12.00,null,29.81,1009.20,10.00,null,CLR,   ,   ,   ,null,null,null,null,null,null,null,null,null,null,null,81.68,KHBG 252353Z AUTO 18012KT 10SM CLR 27/18 A2981 RMK AO2 SLP092 T02670178 10306 20267 55004 TSNO,null
GWO,2011-04-25 23:53,-90.0847,33.4943,47.00,80.00,62.00,54.23,170.00,21.00,null,29.64,1003.60,5.00,27.00,CLR,   ,   ,   ,null,null,null,null,HZ,null,null,null,27.00,170.00,2011-04-25 23:47,81.27,KGWO 252353Z AUTO 17021G27KT 5SM HZ CLR 27/17 A2964 RMK AO2 PK WND 17027/2347 SLP036 T02670167 10294 20267 58026,null
JAN,2011-04-25 23:54,-90.0800,32.3200,101.00,80.00,65.00,59.99,160.00,13.00,null,29.70,1005.40,10.00,18.00,FEW,   ,   ,   ,4100.00,null,null,null,null,null,null,null,26.00,150.00,2011-04-25 23:11,81.88,KJAN 252354Z 16013G18KT 10SM FEW041 27/18 A2970 RMK AO2 PK WND 15026/2311 SLP054 T02670183 10300 20267 58016,null
M16,2011-04-25 23:55,-90.4105,32.3045,75.30,80.60,62.60,54.30,160.00,13.00,null,29.68,null,10.00,20.00,CLR,   ,   ,   ,null,null,null,null,null,null,null,null,null,null,null,81.84,KM16 252355Z AUTO 16013G20KT 10SM CLR 27/17 A2968 RMK AO2,null
BIX,2011-04-25 23:55,-88.9244,30.4104,10.00,78.26,72.86,83.52,170.00,14.00,null,29.83,1010.30,10.00,null,BKN,   ,   ,   ,2000.00,null,null,null,null,null,null,null,null,null,null,80.90,KBIX 252355Z 17014KT 10SM BKN020 26/23 A2983 RMK AO2A SLP103 T02570227 10291 20256 55013,null
1R7,2011-04-25 23:55,-90.4093,31.6058,149.00,78.80,64.40,61.36,150.00,13.00,null,29.75,null,5.00,17.00,CLR,   ,   ,   ,null,null,null,null,HZ,null,null,null,null,null,null,80.56,K1R7 252355Z AUTO 15013G17KT 020V020 5SM HZ CLR 26/18 A2975 RMK AO2,null
HSA,2011-04-25 23:55,-89.4546,30.3678,7.00,77.00,75.20,94.19,160.00,10.00,null,29.81,null,7.00,15.00,SCT,BKN,   ,   ,2200.00,3200.00,null,null,null,null,null,null,null,null,null,78.83,KHSA 252355Z 16010G15KT 7SM SCT022 BKN032 25/24 A2981,null
PIB,2011-04-25 23:55,-89.3371,31.4671,91.00,78.80,62.60,57.60,170.00,14.00,null,29.82,null,10.00,20.00,FEW,SCT,SCT,   ,4000.00,4600.00,6000.00,null,null,null,null,null,null,null,null,80.31,KPIB 252355Z AUTO 17014G20KT 10SM FEW040 SCT046 SCT060 26/17 A2982 RMK AO1 10300 20260 403000210 57003,null
HEZ,2011-04-25 23:55,-91.2973,31.6137,83.00,78.80,62.60,57.60,180.00,13.00,null,29.69,null,10.00,24.00,CLR,   ,   ,   ,null,null,null,null,null,null,null,null,null,null,null,80.31,KHEZ 252355Z AUTO 18013G24KT 10SM CLR 26/17 A2969 RMK AO1 10300 20260 403000220 57014,null
CKM,2011-04-25 23:55,-90.5123,34.2997,52.70,78.80,62.60,57.60,160.00,12.00,null,29.59,null,10.00,null,CLR,   ,   ,   ,null,null,null,null,null,null,null,null,null,null,null,80.31,KCKM 252355Z AUTO 16012KT 10SM CLR 26/17 A2959 RMK AO1,null
MIS,2011-04-25 23:55,-88.8420,29.2960,32.00,86.00,71.60,62.25,220.00,13.00,null,29.83,null,3.00,19.00,   ,   ,   ,   ,null,null,null,null,HZ,null,null,null,null,null,null,91.92,KMIS 252355Z AUTO 22013G19KT 3SM HZ 30/22 A2983 RMK A01,null
UTA,2011-04-25 23:55,-90.3467,34.6811,59.00,77.00,62.60,61.13,160.00,13.00,null,29.59,null,10.00,null,CLR,   ,   ,   ,null,null,null,null,null,null,null,null,null,null,null,77.00,KUTA 252355Z AUTO 16013KT 10SM CLR 25/17 A2959 RMK AO2,null
DLP,2011-04-25 23:55,-89.5472,29.1214,0.00,78.80,71.60,78.62,160.00,18.00,null,29.80,null,7.00,24.00,CLR,   ,   ,   ,null,null,null,null,null,null,null,null,null,null,null,81.70,KDLP 252355Z AUTO 16018G24KT 7SM CLR 26/22 A2980 RMK A01,null
CBM,2011-04-25 23:55,-88.4438,33.6438,67.00,79.16,65.00,61.79,170.00,8.00,null,29.73,1006.90,10.00,null,CLR,   ,   ,   ,null,null,null,null,null,null,null,null,null,null,null,80.99,KCBM 252355Z AUTO 17008KT 10SM CLR 26/18 A2973 RMK AO2 SLP069 T02620183 10293 20262 56020 $,null
CRX,2011-04-25 23:55,-88.6035,34.9150,129.00,77.00,62.60,61.13,160.00,11.00,null,29.69,null,10.00,16.00,SCT,   ,   ,   ,6000.00,null,null,null,null,null,null,null,null,null,null,77.00,KCRX 252355Z AUTO 16011G16KT 10SM SCT060 25/17 A2969 RMK AO2,null
MYT,2011-04-25 23:55,-89.6150,28.2206,0.00,78.80,73.40,83.55,170.00,13.00,null,29.78,null,1.75,20.00,CLR,   ,   ,   ,null,null,null,null,HZ,null,null,null,null,null,null,82.03,KMYT 252355Z AUTO 17013G20KT 1 3/4SM HZ CLR 26/23 A2978 RMK A01,null
NMM,2011-04-25 23:56,-88.5556,32.5521,97.00,80.00,62.00,54.23,180.00,9.00,null,29.78,1009.10,10.00,18.00,FEW,BKN,   ,   ,5500.00,25000.00,null,null,null,null,null,null,null,null,null,81.27,KNMM 252356Z 18009G18KT 10SM FEW055 BKN250 27/17 A2978 RMK AO2 SLP091 T02670167 10294 20267 55009,null
MEI,2011-04-25 23:58,-88.7511,32.3347,94.00,79.00,63.00,57.99,180.00,14.00,null,29.78,1008.30,10.00,22.00,CLR,   ,   ,   ,null,null,null,null,null,null,null,null,null,null,null,80.52,KMEI 252358Z 18014G22KT 10SM CLR 26/17 A2978 RMK AO2 SLP083 T02610172 10294 20261 55003,null
PQL,2011-04-26 00:04,-88.5319,30.4636,5.00,75.20,69.80,83.32,170.00,8.00,null,29.84,null,10.00,15.00,FEW,SCT,   ,   ,1900.00,3500.00,null,null,null,null,null,null,null,null,null,76.34,KPQL 260004Z AUTO 17008G15KT 10SM FEW019 SCT035 24/21 A2984 RMK AO2,null
UOX,2011-04-26 00:15,-89.5368,34.3843,137.80,77.00,62.60,61.13,170.00,3.00,null,29.65,null,10.00,null,FEW,   ,   ,   ,5500.00,null,null,null,null,null,null,null,null,null,null,77.00,KUOX 260015Z AUTO 17003KT 10SM FEW055 25/17 A2965 RMK AO2,null
1R7,2011-04-26 00:15,-90.4093,31.6058,149.00,78.80,64.40,61.36,150.00,12.00,null,29.74,null,7.00,20.00,CLR,   ,   ,   ,null,null,null,null,null,null,null,null,null,null,null,80.56,K1R7 260015Z AUTO 15012G20KT 7SM CLR 26/18 A2974 RMK AO2,null
PIB,2011-04-26 00:15,-89.3371,31.4671,91.00,77.00,62.60,61.13,170.00,13.00,null,29.80,null,10.00,17.00,FEW,   ,   ,   ,3800.00,null,null,null,null,null,null,null,null,null,null,77.00,KPIB 260015Z AUTO 17013G17KT 10SM FEW038 25/17 A2980 RMK AO1,null
UTA,2011-04-26 00:15,-90.3467,34.6811,59.00,77.00,60.80,57.36,160.00,12.00,null,29.58,null,10.00,null,CLR,   ,   ,   ,null,null,null,null,null,null,null,null,null,null,null,77.00,KUTA 260015Z AUTO 16012KT 10SM CLR 25/16 A2958 RMK AO2,null
HEZ,2011-04-26 00:15,-91.2973,31.6137,83.00,78.80,62.60,57.60,180.00,15.00,null,29.67,null,10.00,23.00,CLR,   ,   ,   ,null,null,null,null,null,null,null,null,null,null,null,80.31,KHEZ 260015Z AUTO 18015G23KT 10SM CLR 26/17 A2967 RMK AO1,null
CKM,2011-04-26 00:15,-90.5123,34.2997,52.70,78.80,62.60,57.60,150.00,14.00,null,29.58,null,10.00,null,CLR,   ,   ,   ,null,null,null,null,null,null,null,null,null,null,null,80.31,KCKM 260015Z AUTO 15014KT 10SM CLR 26/17 A2958 RMK AO1,null
MYT,2011-04-26 00:15,-89.6150,28.2206,0.00,77.00,73.40,88.67,170.00,14.00,null,29.78,null,1.50,19.00,CLR,   ,   ,   ,null,null,null,null,HZ,null,null,null,null,null,null,78.57,KMYT 260015Z AUTO 17014G19KT 1 1/2SM HZ CLR 25/23 A2978 RMK A01,null
PIB,2011-04-26 00:35,-89.3371,31.4671,91.00,75.20,62.60,64.91,160.00,10.00,null,29.79,null,10.00,null,CLR,   ,   ,   ,null,null,null,null,null,null,null,null,null,null,null,75.20,KPIB 260035Z AUTO 16010KT 10SM CLR 24/17 A2979 RMK AO1,null
DLP,2011-04-26 00:35,-89.5472,29.1214,0.00,78.80,71.60,78.62,160.00,18.00,null,29.80,null,8.00,null,SCT,   ,   ,   ,4300.00,null,null,null,null,null,null,null,null,null,null,81.70,KDLP 260035Z AUTO 16018KT 8SM SCT043 26/22 A2980 RMK A01,null
1R7,2011-04-26 00:35,-90.4093,31.6058,149.00,77.00,64.40,65.12,160.00,10.00,null,29.72,null,5.00,19.00,CLR,   ,   ,   ,null,null,null,null,HZ,null,null,null,null,null,null,77.00,K1R7 260035Z AUTO 16010G19KT 5SM HZ CLR 25/18 A2972 RMK AO2,null
M16,2011-04-26 00:35,-90.4105,32.3045,75.30,77.00,62.60,61.13,160.00,12.00,null,29.67,null,10.00,18.00,CLR,   ,   ,   ,null,null,null,null,null,null,null,null,null,null,null,77.00,KM16 260035Z AUTO 16012G18KT 010V020 10SM CLR 25/17 A2967 RMK AO2,null
MYT,2011-04-26 00:35,-89.6150,28.2206,0.00,77.00,73.40,88.67,170.00,13.00,null,29.78,null,1.50,null,CLR,   ,   ,   ,null,null,null,null,HZ,null,null,null,null,null,null,78.57,KMYT 260035Z AUTO 17013KT 1 1/2SM HZ CLR 25/23 A2978 RMK A01,null
UOX,2011-04-26 00:35,-89.5368,34.3843,137.80,77.00,62.60,61.13,170.00,3.00,null,29.65,null,10.00,null,FEW,   ,   ,   ,5000.00,null,null,null,null,null,null,null,null,null,null,77.00,KUOX 260035Z AUTO 17003KT 10SM FEW050 25/17 A2965 RMK AO2,null
UTA,2011-04-26 00:35,-90.3467,34.6811,59.00,75.20,62.60,64.91,160.00,10.00,null,29.58,null,10.00,null,CLR,   ,   ,   ,null,null,null,null,null,null,null,null,null,null,null,75.20,KUTA 260035Z AUTO 16010KT 10SM CLR 24/17 A2958 RMK AO2 LTG DSNT NW,null
CKM,2011-04-26 00:35,-90.5123,34.2997,52.70,77.00,62.60,61.13,150.00,15.00,null,29.57,null,10.00,null,CLR,   ,   ,   ,null,null,null,null,null,null,null,null,null,null,null,77.00,KCKM 260035Z AUTO 15015KT 10SM CLR 25/17 A2957 RMK AO1,null
CRX,2011-04-26 00:35,-88.6035,34.9150,129.00,75.20,62.60,64.91,160.00,11.00,null,29.67,null,10.00,null,CLR,   ,   ,   ,null,null,null,null,null,null,null,null,null,null,null,75.20,KCRX 260035Z AUTO 16011KT 10SM CLR 24/17 A2967 RMK AO2,null
MIS,2011-04-26 00:35,-88.8420,29.2960,32.00,84.20,69.80,62.03,220.00,15.00,null,29.83,null,3.00,22.00,   ,   ,   ,   ,null,null,null,null,HZ,null,null,null,null,null,null,88.43,KMIS 260035Z AUTO 22015G22KT 3SM HZ 29/21 A2983 RMK A01,null
HEZ,2011-04-26 00:35,-91.2973,31.6137,83.00,78.80,62.60,57.60,180.00,20.00,null,29.66,null,10.00,23.00,CLR,   ,   ,   ,null,null,null,null,null,null,null,null,null,null,null,80.31,KHEZ 260035Z AUTO 18020G23KT 10SM CLR 26/17 A2966 RMK AO1,null
GTR,2011-04-26 00:45,-88.5914,33.4503,80.00,77.00,64.40,65.12,160.00,12.00,null,29.70,null,10.00,null,FEW,   ,   ,   ,8000.00,null,null,null,null,null,null,null,null,null,null,77.00,KGTR 260045Z 16012KT 10SM FEW080 25/18 A2970,null
HBG,2011-04-26 00:53,-89.2529,31.2649,46.00,77.00,66.00,68.90,160.00,12.00,null,29.78,1008.20,10.00,null,CLR,   ,   ,   ,null,null,null,null,null,null,null,null,null,null,null,77.00,KHBG 260053Z AUTO 16012KT 10SM CLR 25/19 A2978 RMK AO2 SLP082 T02500189 TSNO,null
MCB,2011-04-26 00:53,-90.4700,31.1800,126.00,76.00,66.00,71.42,170.00,16.00,null,29.73,1006.10,10.00,22.00,FEW,   ,   ,   ,5500.00,null,null,null,null,null,null,null,null,null,null,75.92,KMCB 260053Z AUTO 17016G22KT 10SM FEW055 24/19 A2973 RMK AO2 SLP061 T02440189,null
GWO,2011-04-26 00:53,-90.0847,33.4943,47.00,78.00,63.00,59.74,160.00,17.00,null,29.62,1002.70,10.00,23.00,CLR,   ,   ,   ,null,null,null,null,null,null,null,null,null,null,null,78.08,KGWO 260053Z AUTO 16017G23KT 10SM CLR 26/17 A2962 RMK AO2 SLP027 T02560172,null
GLH,2011-04-26 00:53,-90.9856,33.4829,40.00,79.00,60.00,52.37,170.00,19.00,null,29.56,1001.30,10.00,27.00,CLR,   ,   ,   ,null,null,null,null,null,null,null,null,27.00,170.00,2011-04-26 00:51,80.12,KGLH 260053Z AUTO 17019G27KT 10SM CLR 26/16 A2956 RMK AO2 PK WND 17027/0051 SLP013 T02610156,null
PQL,2011-04-26 00:53,-88.5319,30.4636,5.00,75.00,69.00,81.79,160.00,9.00,null,29.84,1010.60,10.00,null,FEW,SCT,   ,   ,1900.00,3100.00,null,null,null,null,null,null,null,null,null,76.07,KPQL 260053Z AUTO 16009KT 10SM FEW019 SCT031 24/21 A2984 RMK AO2 SLP106 T02390206,null
TUP,2011-04-26 00:53,-88.7711,34.2608,110.00,78.00,64.00,62.05,190.00,9.00,null,29.66,1003.90,10.00,20.00,CLR,   ,   ,   ,null,null,null,null,null,null,null,null,null,null,null,78.08,KTUP 260053Z 19009G20KT 10SM CLR 26/18 A2966 RMK AO2 SLP039 T02560178,null
HKS,2011-04-26 00:53,-90.2225,32.3348,104.00,78.00,62.00,57.87,170.00,15.00,null,29.68,1004.30,10.00,23.00,CLR,   ,   ,   ,null,null,null,null,null,null,null,null,27.00,160.00,2011-04-26 00:26,78.08,KHKS 260053Z 17015G23KT 10SM CLR 26/17 A2968 RMK AO2 PK WND 16027/0026 SLP043 T02560167,null
JAN,2011-04-26 00:54,-90.0800,32.3200,101.00,78.00,63.00,59.74,160.00,13.00,null,29.69,1004.80,10.00,20.00,CLR,   ,   ,   ,null,null,null,null,null,null,null,null,null,null,null,78.08,KJAN 260054Z 16013G20KT 10SM CLR 26/17 A2969 RMK AO2 SLP048 T02560172,null
CBM,2011-04-26 00:55,-88.4438,33.6438,67.00,77.18,64.22,64.33,160.00,12.00,null,29.69,1005.30,10.00,null,CLR,   ,   ,   ,null,null,null,null,null,null,null,null,null,null,null,77.18,KCBM 260055Z AUTO 16012KT 10SM CLR 25/18 A2969 RMK AO2 SLP053 T02510179 $,null
MYT,2011-04-26 00:55,-89.6150,28.2206,0.00,77.00,73.40,88.67,170.00,13.00,null,29.79,null,1.50,19.00,SCT,   ,   ,   ,2700.00,null,null,null,HZ,null,null,null,null,null,null,78.57,KMYT 260055Z AUTO 17013G19KT 1 1/2SM HZ SCT027 25/23 A2979 RMK A01,null
OLV,2011-04-26 00:55,-89.7869,34.9787,122.50,73.40,64.40,73.44,150.00,9.00,null,29.59,null,10.00,null,FEW,OVC,   ,   ,6500.00,25000.00,null,null,null,null,null,null,null,null,null,73.40,KOLV 260055Z 15009KT 10SM FEW065 OVC250 23/18 A2959,null
CKM,2011-04-26 00:55,-90.5123,34.2997,52.70,77.00,62.60,61.13,140.00,14.00,null,29.56,null,10.00,22.00,CLR,   ,   ,   ,null,null,null,null,null,null,null,null,null,null,null,77.00,KCKM 260055Z AUTO 14014G22KT 10SM CLR 25/17 A2956 RMK AO1,null
M16,2011-04-26 00:55,-90.4105,32.3045,75.30,77.00,62.60,61.13,170.00,9.00,null,29.68,null,10.00,22.00,CLR,   ,   ,   ,null,null,null,null,null,null,null,null,null,null,null,77.00,KM16 260055Z AUTO 17009G22KT 010V020 10SM CLR 25/17 A2968 RMK AO2,null
CRX,2011-04-26 00:55,-88.6035,34.9150,129.00,75.20,62.60,64.91,150.00,13.00,null,29.66,null,10.00,17.00,CLR,   ,   ,   ,null,null,null,null,null,null,null,null,null,null,null,75.20,KCRX 260055Z AUTO 15013G17KT 10SM CLR 24/17 A2966 RMK AO2,null
HEZ,2011-04-26 00:55,-91.2973,31.6137,83.00,78.80,62.60,57.60,180.00,14.00,null,29.66,null,10.00,20.00,CLR,   ,   ,   ,null,null,null,null,null,null,null,null,null,null,null,80.31,KHEZ 260055Z AUTO 18014G20KT 10SM CLR 26/17 A2966 RMK AO1,null
BIX,2011-04-26 00:55,-88.9244,30.4104,10.00,77.72,71.60,81.47,170.00,13.00,null,29.82,1010.00,10.00,18.00,BKN,BKN,   ,   ,2200.00,3900.00,null,null,null,null,null,null,null,null,null,79.81,KBIX 260055Z 17013G18KT 10SM BKN022 BKN039 25/22 A2982 RMK AO2A CIG 021V027 SLP100 T02540220,null
DLP,2011-04-26 00:55,-89.5472,29.1214,0.00,80.60,71.60,74.11,160.00,19.00,null,29.81,null,10.00,null,FEW,   ,   ,   ,4300.00,null,null,null,null,null,null,null,null,null,null,84.57,KDLP 260055Z AUTO 16019KT 10SM FEW043 27/22 A2981 RMK A01,null
HSA,2011-04-26 00:55,-89.4546,30.3678,7.00,75.20,75.20,100.00,160.00,10.00,null,29.79,null,7.00,15.00,SCT,SCT,BKN,   ,2500.00,3200.00,4100.00,null,null,null,null,null,null,null,null,77.12,KHSA 260055Z 16010G15KT 7SM SCT025 SCT032 BKN041 24/24 A2979,null
MIS,2011-04-26 00:55,-88.8420,29.2960,32.00,84.20,71.60,65.95,220.00,13.00,null,29.84,null,3.00,19.00,   ,   ,   ,   ,null,null,null,null,HZ,null,null,null,null,null,null,89.60,KMIS 260055Z AUTO 22013G19KT 3SM HZ 29/22 A2984 RMK A01,null
UTA,2011-04-26 00:55,-90.3467,34.6811,59.00,73.40,62.60,68.94,140.00,12.00,null,29.57,null,10.00,null,CLR,   ,   ,   ,null,null,null,null,null,null,null,null,null,null,null,73.40,KUTA 260055Z AUTO 14012KT 10SM CLR 23/17 A2957 RMK AO2 LTG DSNT W AND NW,null
UOX,2011-04-26 00:55,-89.5368,34.3843,137.80,77.00,62.60,61.13,null,null,null,29.65,null,10.00,null,CLR,   ,   ,   ,null,null,null,null,null,null,null,null,null,null,null,77.00,KUOX 260055Z AUTO 00000KT 10SM CLR 25/17 A2965 RMK AO2,null
PIB,2011-04-26 00:55,-89.3371,31.4671,91.00,75.20,62.60,64.91,160.00,13.00,null,29.77,null,10.00,19.00,CLR,   ,   ,   ,null,null,null,null,null,null,null,null,null,null,null,75.20,KPIB 260055Z AUTO 16013G19KT 10SM CLR 24/17 A2977 RMK AO1,null
1R7,2011-04-26 00:55,-90.4093,31.6058,149.00,77.00,64.40,65.12,160.00,13.00,null,29.73,null,6.00,20.00,CLR,   ,   ,   ,null,null,null,null,HZ,null,null,null,null,null,null,77.00,K1R7 260055Z AUTO 16013G20KT 6SM HZ CLR 25/18 A2973 RMK AO2,null
NMM,2011-04-26 00:56,-88.5556,32.5521,97.00,77.00,62.00,59.98,160.00,8.00,null,29.74,1007.80,10.00,null,FEW,BKN,   ,   ,5500.00,25000.00,null,null,null,null,null,null,null,null,null,77.00,KNMM 260056Z 16008KT 120V190 10SM FEW055 BKN250 25/17 A2974 RMK AO2 SLP078 T02500167,null
MEI,2011-04-26 00:58,-88.7511,32.3347,94.00,76.00,64.00,66.65,170.00,15.00,null,29.74,1006.80,10.00,22.00,CLR,   ,   ,   ,null,null,null,null,null,null,null,null,null,null,null,75.92,KMEI 260058Z 17015G22KT 10SM CLR 24/18 A2974 RMK AO2 SLP068 T02440178,null
GPT,2011-04-26 01:11,-89.0701,30.4073,9.00,78.80,69.80,73.95,160.00,8.00,null,29.81,null,10.00,14.00,SCT,BKN,BKN,   ,2200.00,2900.00,4000.00,null,null,null,null,null,null,null,null,81.39,KGPT 260111Z 16008G14KT 10SM SCT022 BKN029 BKN040 26/21 A2981 RMK AO2,null
DLP,2011-04-26 01:15,-89.5472,29.1214,0.00,80.60,73.40,78.76,150.00,19.00,null,29.80,null,10.00,null,CLR,   ,   ,   ,null,null,null,null,null,null,null,null,null,null,null,85.32,KDLP 260115Z AUTO 15019KT 10SM CLR 27/23 A2980 RMK A01,null
UTA,2011-04-26 01:15,-90.3467,34.6811,59.00,73.40,62.60,68.94,150.00,14.00,null,29.57,null,10.00,null,CLR,   ,   ,   ,null,null,null,null,null,null,null,null,null,null,null,73.40,KUTA 260115Z AUTO 15014KT 10SM CLR 23/17 A2957 RMK AO2 LTG DSNT W,null
CRX,2011-04-26 01:15,-88.6035,34.9150,129.00,75.20,62.60,64.91,150.00,11.00,null,29.67,null,10.00,null,SCT,   ,   ,   ,6000.00,null,null,null,null,null,null,null,null,null,null,75.20,KCRX 260115Z AUTO 15011KT 10SM SCT060 24/17 A2967 RMK AO2,null
GTR,2011-04-26 01:15,-88.5914,33.4503,80.00,75.20,64.40,69.14,170.00,11.00,null,29.71,null,10.00,null,CLR,   ,   ,   ,null,null,null,null,null,null,null,null,null,null,null,75.20,KGTR 260115Z 17011KT 10SM CLR 24/18 A2971 RMK AO1,null
UOX,2011-04-26 01:15,-89.5368,34.3843,137.80,77.00,62.60,61.13,180.00,4.00,null,29.64,null,10.00,19.00,CLR,   ,   ,   ,null,null,null,null,null,null,null,null,null,null,null,77.00,KUOX 260115Z AUTO 18004G19KT 10SM CLR 25/17 A2964 RMK AO2,null
HEZ,2011-04-26 01:15,-91.2973,31.6137,83.00,77.00,62.60,61.13,190.00,13.00,null,29.67,null,10.00,20.00,FEW,   ,   ,   ,6000.00,null,null,null,null,null,null,null,null,null,null,77.00,KHEZ 260115Z AUTO 19013G20KT 10SM FEW060 25/17 A2967 RMK AO1,null
MIS,2011-04-26 01:15,-88.8420,29.2960,32.00,84.20,71.60,65.95,220.00,13.00,null,29.84,null,3.00,19.00,   ,   ,   ,   ,null,null,null,null,HZ,null,null,null,null,null,null,89.60,KMIS 260115Z AUTO 22013G19KT 3SM HZ 29/22 A2984 RMK A01,null
CKM,2011-04-26 01:15,-90.5123,34.2997,52.70,77.00,62.60,61.13,150.00,11.00,null,29.58,null,10.00,null,CLR,   ,   ,   ,null,null,null,null,null,null,null,null,null,null,null,77.00,KCKM 260115Z AUTO 15011KT 10SM CLR 25/17 A2958 RMK AO1,null
M16,2011-04-26 01:15,-90.4105,32.3045,75.30,77.00,62.60,61.13,160.00,14.00,null,29.67,null,10.00,20.00,CLR,   ,   ,   ,null,null,null,null,null,null,null,null,null,null,null,77.00,KM16 260115Z AUTO 16014G20KT 10SM CLR 25/17 A2967 RMK AO2,null
1R7,2011-04-26 01:15,-90.4093,31.6058,149.00,75.20,64.40,69.14,150.00,18.00,null,29.72,null,8.00,24.00,CLR,   ,   ,   ,null,null,null,null,null,null,null,null,null,null,null,75.20,K1R7 260115Z AUTO 15018G24KT 8SM CLR 24/18 A2972 RMK AO2,null
PIB,2011-04-26 01:15,-89.3371,31.4671,91.00,75.20,62.60,64.91,160.00,13.00,null,29.77,null,10.00,null,CLR,   ,   ,   ,null,null,null,null,null,null,null,null,null,null,null,75.20,KPIB 260115Z AUTO 16013KT 10SM CLR 24/17 A2977 RMK AO1,null
MYT,2011-04-26 01:15,-89.6150,28.2206,0.00,77.00,73.40,88.67,170.00,11.00,null,29.80,null,1.50,17.00,CLR,   ,   ,   ,null,null,null,null,HZ,null,null,null,null,null,null,78.57,KMYT 260115Z AUTO 17011G17KT 1 1/2SM HZ CLR 25/23 A2980 RMK A01,null
PIB,2011-04-26 01:35,-89.3371,31.4671,91.00,75.20,62.60,64.91,160.00,12.00,null,29.77,null,10.00,19.00,CLR,   ,   ,   ,null,null,null,null,null,null,null,null,null,null,null,75.20,KPIB 260135Z AUTO 16012G19KT 10SM CLR 24/17 A2977 RMK AO1,null
MYT,2011-04-26 01:35,-89.6150,28.2206,0.00,77.00,73.40,88.67,160.00,13.00,null,29.79,null,1.50,null,CLR,   ,   ,   ,null,null,null,null,HZ,null,null,null,null,null,null,78.57,KMYT 260135Z AUTO 16013KT 1 1/2SM HZ CLR 25/23 A2979 RMK A01,null
GTR,2011-04-26 01:35,-88.5914,33.4503,80.00,75.20,64.40,69.14,170.00,14.00,null,29.71,null,10.00,null,CLR,   ,   ,   ,null,null,null,null,null,null,null,null,null,null,null,75.20,KGTR 260135Z 17014KT 10SM CLR 24/18 A2971 RMK AO1,null
MIS,2011-04-26 01:35,-88.8420,29.2960,32.00,84.20,69.80,62.03,220.00,13.00,null,29.84,null,3.00,null,   ,   ,   ,   ,null,null,null,null,HZ,null,null,null,null,null,null,88.43,KMIS 260135Z AUTO 22013KT 3SM HZ 29/21 A2984 RMK A01,null
CRX,2011-04-26 01:35,-88.6035,34.9150,129.00,75.20,62.60,64.91,160.00,11.00,null,29.67,null,10.00,19.00,BKN,OVC,   ,   ,7000.00,8000.00,null,null,null,null,null,null,null,null,null,75.20,KCRX 260135Z AUTO 16011G19KT 10SM BKN070 OVC080 24/17 A2967 RMK AO2,null
HEZ,2011-04-26 01:35,-91.2973,31.6137,83.00,77.00,64.40,65.12,180.00,15.00,null,29.69,null,10.00,20.00,FEW,   ,   ,   ,5000.00,null,null,null,null,null,null,null,null,null,null,77.00,KHEZ 260135Z AUTO 18015G20KT 10SM FEW050 25/18 A2969 RMK AO1,null
DLP,2011-04-26 01:35,-89.5472,29.1214,0.00,80.60,73.40,78.76,150.00,16.00,null,29.80,null,10.00,26.00,CLR,   ,   ,   ,null,null,null,null,null,null,null,null,null,null,null,85.32,KDLP 260135Z AUTO 15016G26KT 10SM CLR 27/23 A2980 RMK A01,null
GLH,2011-04-26 01:53,-90.9856,33.4829,40.00,76.00,62.00,62.17,180.00,12.00,null,29.60,1002.80,10.00,null,SCT,   ,   ,   ,5000.00,null,null,null,null,null,null,null,null,null,null,75.92,KGLH 260153Z AUTO 18012KT 10SM SCT050 24/17 A2960 RMK AO2 SLP028 T02440167,null
PQL,2011-04-26 01:53,-88.5319,30.4636,5.00,75.00,70.00,84.34,160.00,10.00,null,29.81,1009.60,10.00,null,FEW,SCT,BKN,   ,1600.00,2300.00,3100.00,null,null,null,null,null,null,null,null,76.19,KPQL 260153Z AUTO 16010KT 10SM FEW016 SCT023 BKN031 24/21 A2981 RMK AO2 SLP096 T02390211,null
GPT,2011-04-26 01:53,-89.0701,30.4073,9.00,78.00,70.00,76.19,160.00,12.00,null,29.80,1008.90,10.00,20.00,BKN,BKN,OVC,   ,2000.00,2700.00,5500.00,null,null,null,null,null,null,null,null,80.33,KGPT 260153Z 16012G20KT 10SM BKN020 BKN027 OVC055 26/21 A2980 RMK AO2 SLP089 T02560211,null
TUP,2011-04-26 01:53,-88.7711,34.2608,110.00,77.00,64.00,64.30,200.00,10.00,null,29.67,1004.40,10.00,null,BKN,OVC,   ,   ,5500.00,8000.00,null,null,null,null,null,null,null,null,null,77.00,KTUP 260153Z 20010KT 10SM BKN055 OVC080 25/18 A2967 RMK AO2 SLP044 T02500178,null
HBG,2011-04-26 01:53,-89.2529,31.2649,46.00,75.00,67.00,75.93,160.00,11.00,null,29.77,1007.70,10.00,null,CLR,   ,   ,   ,null,null,null,null,null,null,null,null,null,null,null,75.02,KHBG 260153Z AUTO 16011KT 10SM CLR 24/19 A2977 RMK AO2 SLP077 T02390194 TSNO,null
GWO,2011-04-26 01:53,-90.0847,33.4943,47.00,77.00,64.00,64.30,160.00,16.00,null,29.63,1003.20,10.00,21.00,CLR,   ,   ,   ,null,null,null,null,null,null,null,null,null,null,null,77.00,KGWO 260153Z AUTO 16016G21KT 10SM CLR 25/18 A2963 RMK AO2 SLP032 T02500178,null
MCB,2011-04-26 01:53,-90.4700,31.1800,126.00,75.00,67.00,75.93,170.00,14.00,null,29.73,1006.00,10.00,21.00,CLR,   ,   ,   ,null,null,null,null,null,null,null,null,null,null,null,75.02,KMCB 260153Z AUTO 17014G21KT 10SM CLR 24/19 A2973 RMK AO2 SLP060 T02390194,null
HKS,2011-04-26 01:53,-90.2225,32.3348,104.00,76.00,63.00,64.17,160.00,14.00,null,29.69,1004.60,10.00,null,CLR,   ,   ,   ,null,null,null,null,null,null,null,null,null,null,null,75.92,KHKS 260153Z 16014KT 10SM CLR 24/17 A2969 RMK AO2 SLP046 T02440172,null
JAN,2011-04-26 01:54,-90.0800,32.3200,101.00,77.00,65.00,66.36,150.00,15.00,null,29.69,1005.10,10.00,23.00,CLR,   ,   ,   ,null,null,null,null,null,null,null,null,null,null,null,77.00,KJAN 260154Z 15015G23KT 10SM CLR 25/18 A2969 RMK AO2 SLP051 T02500183,null
OLV,2011-04-26 01:55,-89.7869,34.9787,122.50,73.40,66.20,78.19,160.00,10.00,null,29.60,null,10.00,20.00,CLR,   ,   ,   ,null,null,null,null,null,null,null,null,null,null,null,73.40,KOLV 260155Z AUTO 16010G20KT 10SM CLR 23/19 A2960 RMK A01 P000,null
MIS,2011-04-26 01:55,-88.8420,29.2960,32.00,84.20,71.60,65.95,220.00,13.00,null,29.83,null,4.00,null,   ,   ,   ,   ,null,null,null,null,HZ,null,null,null,null,null,null,89.60,KMIS 260155Z AUTO 22013KT 4SM HZ 29/22 A2983 RMK A01,null
CKM,2011-04-26 01:55,-90.5123,34.2997,52.70,77.00,64.40,65.12,150.00,16.00,null,29.58,null,10.00,23.00,FEW,   ,   ,   ,6000.00,null,null,null,null,null,null,null,null,null,null,77.00,KCKM 260155Z AUTO 15016G23KT 10SM FEW060 25/18 A2958 RMK AO1,null
DLP,2011-04-26 01:55,-89.5472,29.1214,0.00,80.60,71.60,74.11,150.00,21.00,null,29.79,null,10.00,27.00,CLR,   ,   ,   ,null,null,null,null,null,null,null,null,null,null,null,84.57,KDLP 260155Z AUTO 15021G27KT 10SM CLR 27/22 A2979 RMK A01,null
CBM,2011-04-26 01:55,-88.4438,33.6438,67.00,76.64,63.50,63.86,180.00,10.00,null,29.71,1006.00,10.00,null,CLR,   ,   ,   ,null,null,null,null,null,null,null,null,null,null,null,76.64,KCBM 260155Z AUTO 18010KT 10SM CLR 25/18 A2971 RMK AO2 SLP060 T02480175 $,null
HEZ,2011-04-26 01:55,-91.2973,31.6137,83.00,77.00,64.40,65.12,180.00,14.00,null,29.67,null,10.00,22.00,FEW,SCT,   ,   ,3700.00,4800.00,null,null,null,null,null,null,null,null,null,77.00,KHEZ 260155Z AUTO 18014G22KT 10SM FEW037 SCT048 25/18 A2967 RMK AO1,null
1R7,2011-04-26 01:55,-90.4093,31.6058,149.00,75.20,66.20,73.61,160.00,8.00,null,29.74,null,7.00,17.00,FEW,   ,   ,   ,3000.00,null,null,null,null,null,null,null,null,null,null,75.20,K1R7 260155Z AUTO 16008G17KT 7SM FEW030 24/19 A2974 RMK AO2,null
MYT,2011-04-26 01:55,-89.6150,28.2206,0.00,77.00,73.40,88.67,170.00,12.00,null,29.80,null,1.50,18.00,CLR,   ,   ,   ,null,null,null,null,HZ,null,null,null,null,null,null,78.57,KMYT 260155Z AUTO 17012G18KT 1 1/2SM HZ CLR 25/23 A2980 RMK A01,null
PIB,2011-04-26 01:55,-89.3371,31.4671,91.00,73.40,64.40,73.44,170.00,13.00,null,29.77,null,10.00,17.00,SCT,   ,   ,   ,2600.00,null,null,null,null,null,null,null,null,null,null,73.40,KPIB 260155Z AUTO 17013G17KT 10SM SCT026 23/18 A2977 RMK AO1,null
CRX,2011-04-26 01:55,-88.6035,34.9150,129.00,75.20,62.60,64.91,150.00,11.00,null,29.67,null,10.00,18.00,FEW,OVC,   ,   ,5500.00,7000.00,null,null,null,null,null,null,null,null,null,75.20,KCRX 260155Z AUTO 15011G18KT 10SM FEW055 OVC070 24/17 A2967 RMK AO2,null
HSA,2011-04-26 01:55,-89.4546,30.3678,7.00,75.20,73.40,94.14,170.00,14.00,null,29.79,null,10.00,20.00,SCT,SCT,   ,   ,2500.00,3500.00,null,null,null,null,null,null,null,null,null,76.84,KHSA 260155Z 17014G20KT 10SM SCT025 SCT035 24/23 A2979 RMK LAST,null
BIX,2011-04-26 01:55,-88.9244,30.4104,10.00,77.36,71.78,82.95,180.00,12.00,null,29.80,1009.40,10.00,21.00,SCT,BKN,   ,   ,2000.00,2800.00,null,null,null,null,null,null,null,null,null,78.69,KBIX 260155Z 18012G21KT 10SM SCT020 BKN028 25/22 A2980 RMK AO2A SLP094 T02520221,null
UTA,2011-04-26 01:55,-90.3467,34.6811,59.00,75.20,62.60,64.91,160.00,17.00,null,29.57,null,10.00,null,CLR,   ,   ,   ,null,null,null,null,null,null,null,null,null,null,null,75.20,KUTA 260155Z AUTO 16017KT 10SM CLR 24/17 A2957 RMK AO2 LTG DSNT N AND W,null
M16,2011-04-26 01:55,-90.4105,32.3045,75.30,77.00,64.40,65.12,170.00,15.00,null,29.69,null,10.00,24.00,CLR,   ,   ,   ,null,null,null,null,null,null,null,null,null,null,null,77.00,KM16 260155Z AUTO 17015G24KT 10SM CLR 25/18 A2969 RMK AO2,null
GTR,2011-04-26 01:55,-88.5914,33.4503,80.00,75.20,64.40,69.14,160.00,12.00,null,29.71,null,10.00,null,CLR,   ,   ,   ,null,null,null,null,null,null,null,null,null,null,null,75.20,KGTR 260155Z 16012KT 10SM CLR 24/18 A2971 RMK AO1,null
UOX,2011-04-26 01:55,-89.5368,34.3843,137.80,75.20,60.80,60.90,180.00,6.00,null,29.65,null,10.00,18.00,CLR,   ,   ,   ,null,null,null,null,null,null,null,null,null,null,null,75.20,KUOX 260155Z AUTO 18006G18KT 10SM CLR 24/16 A2965 RMK AO2,null
NMM,2011-04-26 01:56,-88.5556,32.5521,97.00,76.00,63.00,64.17,170.00,6.00,null,29.76,1008.50,10.00,null,BKN,   ,   ,   ,25000.00,null,null,null,null,null,null,null,null,null,null,75.92,KNMM 260156Z 17006KT 10SM BKN250 24/17 A2976 RMK AO2 SLP085 T02440172,null
MEI,2011-04-26 01:58,-88.7511,32.3347,94.00,74.00,65.00,73.49,180.00,14.00,null,29.76,1007.30,10.00,19.00,CLR,   ,   ,   ,null,null,null,null,null,null,null,null,null,null,null,73.94,KMEI 260158Z 18014G19KT 10SM CLR 23/18 A2976 RMK AO2 SLP073 T02330183,null
PQL,2011-04-26 02:00,-88.5319,30.4636,5.00,75.20,69.80,83.32,160.00,7.00,null,29.81,null,10.00,null,BKN,BKN,BKN,   ,1800.00,2300.00,3100.00,null,null,null,null,null,null,null,null,76.34,KPQL 260200Z AUTO 16007KT 10SM BKN018 BKN023 BKN031 24/21 A2981 RMK AO2,null
PIB,2011-04-26 02:15,-89.3371,31.4671,91.00,73.40,64.40,73.44,160.00,13.00,null,29.77,null,10.00,19.00,OVC,   ,   ,   ,2100.00,null,null,null,null,null,null,null,null,null,null,73.40,KPIB 260215Z AUTO 16013G19KT 10SM OVC021 23/18 A2977 RMK AO1,null
HEZ,2011-04-26 02:15,-91.2973,31.6137,83.00,75.20,64.40,69.14,190.00,14.00,null,29.69,null,10.00,20.00,FEW,   ,   ,   ,4100.00,null,null,null,null,null,null,null,null,null,null,75.20,KHEZ 260215Z AUTO 19014G20KT 10SM FEW041 24/18 A2969 RMK AO1,null
GTR,2011-04-26 02:15,-88.5914,33.4503,80.00,75.20,64.40,69.14,170.00,14.00,null,29.72,null,10.00,null,CLR,   ,   ,   ,null,null,null,null,null,null,null,null,null,null,null,75.20,KGTR 260215Z 17014KT 10SM CLR 24/18 A2972 RMK AO1,null
UTA,2011-04-26 02:15,-90.3467,34.6811,59.00,75.20,62.60,64.91,160.00,17.00,null,29.59,null,10.00,22.00,CLR,   ,   ,   ,null,null,null,null,null,null,null,null,null,null,null,75.20,KUTA 260215Z AUTO 16017G22KT 10SM CLR 24/17 A2959 RMK AO2,null
1R7,2011-04-26 02:15,-90.4093,31.6058,149.00,75.20,66.20,73.61,160.00,12.00,null,29.75,null,9.00,18.00,BKN,   ,   ,   ,2800.00,null,null,null,null,null,null,null,null,null,null,75.20,K1R7 260215Z AUTO 16012G18KT 9SM BKN028 24/19 A2975 RMK AO2,null
DLP,2011-04-26 02:15,-89.5472,29.1214,0.00,80.60,73.40,78.76,150.00,19.00,null,29.78,null,9.00,27.00,CLR,   ,   ,   ,null,null,null,null,null,null,null,null,null,null,null,85.32,KDLP 260215Z AUTO 15019G27KT 9SM CLR 27/23 A2978 RMK A01,null
OLV,2011-04-26 02:15,-89.7869,34.9787,122.50,73.40,66.20,78.19,170.00,17.00,null,29.60,null,10.00,21.00,CLR,   ,   ,   ,null,null,null,null,null,null,null,null,null,null,null,73.40,KOLV 260215Z AUTO 17017G21KT 10SM CLR 23/19 A2960 RMK A01 P000,null
CKM,2011-04-26 02:15,-90.5123,34.2997,52.70,77.00,64.40,65.12,160.00,17.00,null,29.60,null,10.00,21.00,BKN,BKN,   ,   ,6000.00,7000.00,null,null,null,null,null,null,null,null,null,77.00,KCKM 260215Z AUTO 16017G21KT 10SM BKN060 BKN070 25/18 A2960 RMK AO1,null
CRX,2011-04-26 02:15,-88.6035,34.9150,129.00,75.20,62.60,64.91,160.00,12.00,null,29.68,null,10.00,19.00,BKN,BKN,   ,   ,6000.00,9000.00,null,null,null,null,null,null,null,null,null,75.20,KCRX 260215Z AUTO 16012G19KT 10SM BKN060 BKN090 24/17 A2968 RMK AO2,null
M16,2011-04-26 02:15,-90.4105,32.3045,75.30,77.00,64.40,65.12,170.00,14.00,null,29.69,null,10.00,25.00,CLR,   ,   ,   ,null,null,null,null,null,null,null,null,null,null,null,77.00,KM16 260215Z AUTO 17014G25KT 10SM CLR 25/18 A2969 RMK AO2,null
MYT,2011-04-26 02:15,-89.6150,28.2206,0.00,77.00,73.40,88.67,160.00,14.00,null,29.80,null,1.50,null,CLR,   ,   ,   ,null,null,null,null,HZ,null,null,null,null,null,null,78.57,KMYT 260215Z AUTO 16014KT 1 1/2SM HZ CLR 25/23 A2980 RMK A01,null
MIS,2011-04-26 02:15,-88.8420,29.2960,32.00,84.20,69.80,62.03,220.00,15.00,null,29.82,null,4.00,null,   ,   ,   ,   ,null,null,null,null,HZ,null,null,null,null,null,null,88.43,KMIS 260215Z AUTO 22015KT 4SM HZ 29/21 A2982 RMK A01,null
UOX,2011-04-26 02:15,-89.5368,34.3843,137.80,75.20,59.00,57.12,200.00,11.00,null,29.66,null,10.00,19.00,CLR,   ,   ,   ,null,null,null,null,null,null,null,null,null,null,null,75.20,KUOX 260215Z AUTO 20011G19KT 020V020 10SM CLR 24/15 A2966 RMK AO2,null
MCB,2011-04-26 02:31,-90.4700,31.1800,126.00,75.20,68.00,78.34,170.00,10.00,null,29.75,null,10.00,18.00,SCT,BKN,BKN,   ,2300.00,2900.00,6500.00,null,null,null,null,null,null,null,null,75.20,KMCB 260231Z AUTO 17010G18KT 10SM SCT023 BKN029 BKN065 24/20 A2975 RMK AO2,null
OLV,2011-04-26 02:35,-89.7869,34.9787,122.50,75.20,64.40,69.14,170.00,16.00,null,29.60,null,10.00,21.00,FEW,   ,   ,   ,6500.00,null,null,null,null,null,null,null,null,null,null,75.20,KOLV 260235Z AUTO 17016G21KT 10SM FEW065 24/18 A2960 RMK A01 P000,null
GTR,2011-04-26 02:35,-88.5914,33.4503,80.00,75.20,64.40,69.14,170.00,12.00,null,29.73,null,10.00,17.00,CLR,   ,   ,   ,null,null,null,null,null,null,null,null,null,null,null,75.20,KGTR 260235Z 17012G17KT 10SM CLR 24/18 A2973 RMK AO1,null
UTA,2011-04-26 02:35,-90.3467,34.6811,59.00,75.20,62.60,64.91,160.00,17.00,null,29.59,null,10.00,23.00,CLR,   ,   ,   ,null,null,null,null,null,null,null,null,null,null,null,75.20,KUTA 260235Z AUTO 16017G23KT 10SM CLR 24/17 A2959 RMK AO2 LTG DSNT N AND W,null
HEZ,2011-04-26 02:35,-91.2973,31.6137,83.00,75.20,64.40,69.14,190.00,10.00,null,29.71,null,10.00,16.00,FEW,FEW,   ,   ,3400.00,4200.00,null,null,null,null,null,null,null,null,null,75.20,KHEZ 260235Z AUTO 19010G16KT 10SM FEW034 FEW042 24/18 A2971 RMK AO1,null
CKM,2011-04-26 02:35,-90.5123,34.2997,52.70,77.00,66.20,69.33,150.00,17.00,null,29.60,null,10.00,22.00,BKN,BKN,   ,   ,6000.00,7000.00,null,null,null,null,null,null,null,null,null,77.00,KCKM 260235Z AUTO 15017G22KT 10SM BKN060 BKN070 25/19 A2960 RMK AO1,null
CRX,2011-04-26 02:35,-88.6035,34.9150,129.00,75.20,62.60,64.91,160.00,12.00,null,29.68,null,10.00,null,BKN,OVC,   ,   ,6000.00,7500.00,null,null,null,null,null,null,null,null,null,75.20,KCRX 260235Z AUTO 16012KT 10SM BKN060 OVC075 24/17 A2968 RMK AO2,null
MYT,2011-04-26 02:35,-89.6150,28.2206,0.00,77.00,73.40,88.67,160.00,13.00,null,29.79,null,1.50,19.00,CLR,   ,   ,   ,null,null,null,null,HZ,null,null,null,null,null,null,78.57,KMYT 260235Z AUTO 16013G19KT 1 1/2SM HZ CLR 25/23 A2979 RMK A01,null
UOX,2011-04-26 02:35,-89.5368,34.3843,137.80,75.20,60.80,60.90,180.00,4.00,null,29.68,null,10.00,18.00,CLR,   ,   ,   ,null,null,null,null,null,null,null,null,null,null,null,75.20,KUOX 260235Z AUTO 18004G18KT 10SM CLR 24/16 A2968 RMK AO2,null
DLP,2011-04-26 02:35,-89.5472,29.1214,0.00,80.60,73.40,78.76,150.00,21.00,null,29.78,null,9.00,27.00,CLR,   ,   ,   ,null,null,null,null,null,null,null,null,null,null,null,85.32,KDLP 260235Z AUTO 15021G27KT 9SM CLR 27/23 A2978 RMK A01,null
PIB,2011-04-26 02:35,-89.3371,31.4671,91.00,73.40,64.40,73.44,160.00,12.00,null,29.78,null,10.00,15.00,BKN,OVC,   ,   ,1900.00,2400.00,null,null,null,null,null,null,null,null,null,73.40,KPIB 260235Z AUTO 16012G15KT 10SM BKN019 OVC024 23/18 A2978 RMK AO1,null
MIS,2011-04-26 02:35,-88.8420,29.2960,32.00,82.40,69.80,65.74,220.00,18.00,null,29.81,null,4.00,23.00,   ,   ,   ,   ,null,null,null,null,HZ,null,null,null,null,null,null,86.22,KMIS 260235Z AUTO 22018G23KT 4SM HZ 28/21 A2981 RMK A01,null
M16,2011-04-26 02:35,-90.4105,32.3045,75.30,75.20,64.40,69.14,170.00,11.00,null,29.70,null,10.00,20.00,CLR,   ,   ,   ,null,null,null,null,null,null,null,null,null,null,null,75.20,KM16 260235Z AUTO 17011G20KT 10SM CLR 24/18 A2970 RMK AO2,null
GLH,2011-04-26 02:53,-90.9856,33.4829,40.00,76.00,63.00,64.17,190.00,11.00,null,29.65,1004.40,10.00,null,FEW,   ,   ,   ,5000.00,null,null,null,null,null,null,null,null,null,null,75.92,KGLH 260253Z AUTO 19011KT 10SM FEW050 24/17 A2965 RMK AO2 PRESRR SLP044 T02440172 53026,null
HBG,2011-04-26 02:53,-89.2529,31.2649,46.00,75.00,68.00,78.81,170.00,6.00,null,29.78,1008.20,10.00,null,FEW,   ,   ,   ,2200.00,null,null,null,null,null,null,null,null,null,null,75.02,KHBG 260253Z AUTO 17006KT 10SM FEW022 24/20 A2978 RMK AO2 SLP082 T02390200 55010 TSNO,null
TUP,2011-04-26 02:53,-88.7711,34.2608,110.00,76.00,62.00,62.17,190.00,13.00,null,29.69,1005.00,10.00,19.00,FEW,   ,   ,   ,9000.00,null,null,null,null,null,null,null,null,null,null,75.92,KTUP 260253Z 19013G19KT 10SM FEW090 24/17 A2969 RMK AO2 SLP050 T02440167 55004,null
GWO,2011-04-26 02:53,-90.0847,33.4943,47.00,76.00,65.00,68.78,170.00,16.00,null,29.67,1004.40,10.00,21.00,CLR,   ,   ,   ,null,null,null,null,null,null,null,null,null,null,null,75.92,KGWO 260253Z AUTO 17016G21KT 10SM CLR 24/18 A2967 RMK AO2 SLP044 T02440183 53008,null
PQL,2011-04-26 02:53,-88.5319,30.4636,5.00,75.00,70.00,84.34,160.00,11.00,null,29.81,1009.60,10.00,null,BKN,BKN,BKN,   ,1800.00,3100.00,3900.00,null,null,null,null,null,null,null,null,76.19,KPQL 260253Z AUTO 16011KT 10SM BKN018 BKN031 BKN039 24/21 A2981 RMK AO2 SLP096 T02390211 55010,null
MCB,2011-04-26 02:53,-90.4700,31.1800,126.00,75.00,68.00,78.81,170.00,14.00,null,29.76,1007.10,10.00,20.00,SCT,BKN,OVC,   ,2300.00,2900.00,6000.00,null,null,null,null,null,null,null,null,75.02,KMCB 260253Z AUTO 17014G20KT 10SM SCT023 BKN029 OVC060 24/20 A2976 RMK AO2 SLP071 T02390200 55000,null
HKS,2011-04-26 02:53,-90.2225,32.3348,104.00,76.00,64.00,66.65,170.00,16.00,null,29.73,1005.80,10.00,21.00,FEW,   ,   ,   ,3400.00,null,null,null,null,null,null,null,null,null,null,75.92,KHKS 260253Z AUTO 17016G21KT 10SM FEW034 24/18 A2973 RMK AO2 SLP058 T02440178 53011,null
JAN,2011-04-26 02:54,-90.0800,32.3200,101.00,76.00,66.00,71.42,170.00,11.00,null,29.72,1006.00,10.00,19.00,CLR,   ,   ,   ,null,null,null,null,null,null,null,null,null,null,null,75.92,KJAN 260254Z 17011G19KT 10SM CLR 24/19 A2972 RMK AO2 SLP060 T02440189 53007,null
MYT,2011-04-26 02:55,-89.6150,28.2206,0.00,77.00,73.40,88.67,160.00,15.00,null,29.78,null,1.25,21.00,CLR,   ,   ,   ,null,null,null,null,BR,null,null,null,null,null,null,78.57,KMYT 260255Z AUTO 16015G21KT 1 1/4SM BR CLR 25/23 A2978 RMK A01,null
PIB,2011-04-26 02:55,-89.3371,31.4671,91.00,73.40,64.40,73.44,170.00,11.00,null,29.79,null,10.00,16.00,OVC,   ,   ,   ,2200.00,null,null,null,null,null,null,null,null,null,null,73.40,KPIB 260255Z AUTO 17011G16KT 10SM OVC022 23/18 A2979 RMK AO1 57010,null
UOX,2011-04-26 02:55,-89.5368,34.3843,137.80,75.20,60.80,60.90,190.00,7.00,null,29.68,null,10.00,18.00,SCT,   ,   ,   ,7000.00,null,null,null,null,null,null,null,null,null,null,75.20,KUOX 260255Z AUTO 19007G18KT 10SM SCT070 24/16 A2968 RMK AO2,null
GTR,2011-04-26 02:55,-88.5914,33.4503,80.00,73.40,64.40,73.44,170.00,14.00,null,29.74,null,10.00,null,CLR,   ,   ,   ,null,null,null,null,null,null,null,null,null,null,null,73.40,KGTR 260255Z 17014KT 10SM CLR 23/18 A2974 RMK AO1,null
HEZ,2011-04-26 02:55,-91.2973,31.6137,83.00,75.20,64.40,69.14,190.00,12.00,null,29.72,null,10.00,21.00,BKN,   ,   ,   ,4300.00,null,null,null,null,null,null,null,null,null,null,75.20,KHEZ 260255Z AUTO 19012G21KT 10SM BKN043 24/18 A2972 RMK AO1 52010,null
1R7,2011-04-26 02:55,-90.4093,31.6058,149.00,75.20,66.20,73.61,160.00,10.00,null,29.75,null,8.00,16.00,BKN,BKN,BKN,   ,2600.00,3000.00,3600.00,null,null,null,null,null,null,null,null,75.20,K1R7 260255Z AUTO 16010G16KT 8SM BKN026 BKN030 BKN036 24/19 A2975 RMK AO2,null
UTA,2011-04-26 02:55,-90.3467,34.6811,59.00,75.20,62.60,64.91,170.00,19.00,null,29.60,null,10.00,26.00,CLR,   ,   ,   ,null,null,null,null,null,null,null,null,null,null,null,75.20,KUTA 260255Z AUTO 17019G26KT 10SM CLR 24/17 A2960 RMK AO2 LTG DSNT W THRU N,null
OLV,2011-04-26 02:55,-89.7869,34.9787,122.50,75.20,64.40,69.14,170.00,18.00,null,29.60,null,10.00,25.00,SCT,   ,   ,   ,6500.00,null,null,null,null,null,null,null,null,null,null,75.20,KOLV 260255Z AUTO 17018G25KT 10SM SCT065 24/18 A2960 RMK A01 P000,null
CBM,2011-04-26 02:55,-88.4438,33.6438,67.00,75.56,64.58,68.74,180.00,12.00,null,29.73,1006.70,10.00,null,CLR,   ,   ,   ,null,null,null,null,null,null,null,null,null,null,null,75.56,KCBM 260255Z AUTO 18012KT 10SM CLR 24/18 A2973 RMK AO2 SLP067 T02420181 55001 $,null
M16,2011-04-26 02:55,-90.4105,32.3045,75.30,75.20,64.40,69.14,180.00,10.00,null,29.72,null,10.00,18.00,FEW,   ,   ,   ,3200.00,null,null,null,null,null,null,null,null,null,null,75.20,KM16 260255Z AUTO 18010G18KT 10SM FEW032 24/18 A2972 RMK AO2,null
MIS,2011-04-26 02:55,-88.8420,29.2960,32.00,84.20,71.60,65.95,230.00,20.00,null,29.81,null,4.00,25.00,   ,   ,   ,   ,null,null,null,null,HZ,null,null,null,null,null,null,89.60,KMIS 260255Z AUTO 23020G25KT 4SM HZ 29/22 A2981 RMK A01,null
BIX,2011-04-26 02:55,-88.9244,30.4104,10.00,77.36,71.00,80.95,180.00,14.00,null,29.80,1009.10,10.00,23.00,BKN,   ,   ,   ,2000.00,null,null,null,null,null,null,null,null,null,null,78.60,KBIX 260255Z 18014G23KT 10SM BKN020 25/22 A2980 RMK AO2A SLP091 T02520217 57012,null
NMM,2011-04-26 02:56,-88.5556,32.5521,97.00,74.00,63.00,68.57,0.00,6.00,null,29.76,1008.50,10.00,null,BKN,   ,   ,   ,25000.00,null,null,null,null,null,null,null,null,null,null,73.94,KNMM 260256Z VRB06KT 10SM BKN250 23/17 A2976 RMK AO2 SLP085 T02330172 55005,null
MEI,2011-04-26 02:58,-88.7511,32.3347,94.00,73.00,65.00,75.75,170.00,13.00,null,29.76,1007.20,10.00,null,CLR,   ,   ,   ,null,null,null,null,null,null,null,null,null,null,null,73.04,KMEI 260258Z 17013KT 10SM CLR 23/18 A2976 RMK AO2 SLP072 T02280183 56009,null
GPT,2011-04-26 03:00,-89.0701,30.4073,9.00,78.80,69.80,73.95,170.00,13.00,null,29.79,null,10.00,23.00,FEW,SCT,SCT,   ,2400.00,3200.00,3900.00,null,null,null,null,null,null,null,null,81.39,KGPT 260300Z 17013G23KT 10SM FEW024 SCT032 SCT039 26/21 A2979 RMK AO2,null
MCB,2011-04-26 03:03,-90.4700,31.1800,126.00,75.20,68.00,78.34,170.00,12.00,null,29.76,null,10.00,20.00,FEW,BKN,OVC,   ,2300.00,3700.00,6500.00,null,null,null,null,null,null,null,null,75.20,KMCB 260303Z AUTO 17012G20KT 10SM FEW023 BKN037 OVC065 24/20 A2976 RMK AO2,null
PQL,2011-04-26 03:08,-88.5319,30.4636,5.00,75.20,69.80,83.32,160.00,9.00,null,29.81,null,10.00,18.00,SCT,SCT,BKN,   ,1800.00,2600.00,3200.00,null,null,null,null,null,null,null,null,76.34,KPQL 260308Z AUTO 16009G18KT 10SM SCT018 SCT026 BKN032 24/21 A2981 RMK AO2,null
1R7,2011-04-26 03:15,-90.4093,31.6058,149.00,75.20,66.20,73.61,170.00,11.00,null,29.77,null,7.00,16.00,BKN,   ,   ,   ,2400.00,null,null,null,null,null,null,null,null,null,null,75.20,K1R7 260315Z AUTO 17011G16KT 7SM BKN024 24/19 A2977 RMK AO2,null
UTA,2011-04-26 03:15,-90.3467,34.6811,59.00,71.60,60.80,68.75,290.00,35.00,null,29.74,null,7.00,41.00,SCT,SCT,BKN,   ,1300.00,3800.00,5000.00,null,-TSRA,null,null,null,null,null,null,71.60,KUTA 260315Z AUTO 29035G41KT 7SM -TSRA SCT013 SCT038 BKN050 22/16 A2974 RMK AO2 LTG DSNT SW THRU N,null
HEZ,2011-04-26 03:15,-91.2973,31.6137,83.00,77.00,64.40,65.12,180.00,13.00,null,29.73,null,10.00,22.00,BKN,OVC,   ,   ,3800.00,4400.00,null,null,null,null,null,null,null,null,null,77.00,KHEZ 260315Z AUTO 18013G22KT 10SM BKN038 OVC044 25/18 A2973 RMK AO1,null
DLP,2011-04-26 03:15,-89.5472,29.1214,0.00,78.80,73.40,83.55,160.00,25.00,null,29.77,null,9.00,null,CLR,   ,   ,   ,null,null,null,null,null,null,null,null,null,null,null,82.03,KDLP 260315Z AUTO 16025KT 9SM CLR 26/23 A2977 RMK A01,null
GTR,2011-04-26 03:15,-88.5914,33.4503,80.00,73.40,64.40,73.44,170.00,12.00,null,29.75,null,10.00,null,CLR,   ,   ,   ,null,null,null,null,null,null,null,null,null,null,null,73.40,KGTR 260315Z 17012KT 10SM CLR 23/18 A2975 RMK AO1,null
MYT,2011-04-26 03:15,-89.6150,28.2206,0.00,77.00,73.40,88.67,170.00,14.00,null,29.78,null,1.25,19.00,CLR,   ,   ,   ,null,null,null,null,BR,null,null,null,null,null,null,78.57,KMYT 260315Z AUTO 17014G19KT 1 1/4SM BR CLR 25/23 A2978 RMK A01,null
MIS,2011-04-26 03:15,-88.8420,29.2960,32.00,82.40,71.60,69.90,230.00,21.00,null,29.82,null,4.00,null,   ,   ,   ,   ,null,null,null,null,HZ,null,null,null,null,null,null,87.18,KMIS 260315Z AUTO 23021KT 4SM HZ 28/22 A2982 RMK A01,null
UOX,2011-04-26 03:15,-89.5368,34.3843,137.80,75.20,62.60,64.91,200.00,9.00,null,29.68,null,10.00,17.00,FEW,   ,   ,   ,7000.00,null,null,null,null,null,null,null,null,null,null,75.20,KUOX 260315Z AUTO 20009G17KT 10SM FEW070 24/17 A2968 RMK AO2 LTG DSNT W,null
OLV,2011-04-26 03:15,-89.7869,34.9787,122.50,75.20,64.40,69.14,180.00,17.00,null,29.61,null,10.00,31.00,SCT,   ,   ,   ,6500.00,null,null,null,null,null,null,null,null,null,null,75.20,KOLV 260315Z AUTO 18017G31KT 10SM SCT065 24/18 A2961 RMK A01 P000,null
M16,2011-04-26 03:15,-90.4105,32.3045,75.30,75.20,66.20,73.61,170.00,10.00,null,29.72,null,10.00,25.00,FEW,FEW,   ,   ,3400.00,6500.00,null,null,null,null,null,null,null,null,null,75.20,KM16 260315Z AUTO 17010G25KT 10SM FEW034 FEW065 24/19 A2972 RMK AO2,null
CRX,2011-04-26 03:15,-88.6035,34.9150,129.00,75.20,62.60,64.91,170.00,14.00,null,29.68,null,10.00,23.00,FEW,   ,   ,   ,8000.00,null,null,null,null,null,null,null,null,null,null,75.20,KCRX 260315Z AUTO 17014G23KT 10SM FEW080 24/17 A2968 RMK AO2,null
PIB,2011-04-26 03:15,-89.3371,31.4671,91.00,73.40,64.40,73.44,170.00,10.00,null,29.79,null,10.00,null,OVC,   ,   ,   ,1900.00,null,null,null,null,null,null,null,null,null,null,73.40,KPIB 260315Z AUTO 17010KT 10SM OVC019 23/18 A2979 RMK AO1,null
PQL,2011-04-26 03:19,-88.5319,30.4636,5.00,75.20,69.80,83.32,160.00,11.00,null,29.81,null,10.00,21.00,SCT,BKN,BKN,   ,1800.00,2600.00,3400.00,null,null,null,null,null,null,null,null,76.34,KPQL 260319Z AUTO 16011G21KT 10SM SCT018 BKN026 BKN034 24/21 A2981 RMK AO2,null
PQL,2011-04-26 03:28,-88.5319,30.4636,5.00,75.20,69.80,83.32,160.00,10.00,null,29.81,null,10.00,16.00,SCT,BKN,BKN,   ,2000.00,3200.00,4400.00,null,null,null,null,null,null,null,null,76.34,KPQL 260328Z AUTO 16010G16KT 10SM SCT020 BKN032 BKN044 24/21 A2981 RMK AO2,null
M16,2011-04-26 03:35,-90.4105,32.3045,75.30,75.20,66.20,73.61,180.00,10.00,null,29.74,null,10.00,17.00,CLR,   ,   ,   ,null,null,null,null,null,null,null,null,null,null,null,75.20,KM16 260335Z AUTO 18010G17KT 10SM CLR 24/19 A2974 RMK AO2,null
CKM,2011-04-26 03:35,-90.5123,34.2997,52.70,62.60,60.80,93.83,250.00,15.00,0.55,29.73,null,0.50,28.00,OVC,   ,   ,   ,300.00,null,null,null,null,null,null,null,null,null,null,62.60,KCKM 260335Z AUTO 25015G28KT 1/2SM OVC003 17/16 A2973 RMK AO1 P0055,null
CRX,2011-04-26 03:35,-88.6035,34.9150,129.00,75.20,62.60,64.91,180.00,15.00,null,29.67,null,10.00,20.00,SCT,   ,   ,   ,8000.00,null,null,null,null,null,null,null,null,null,null,75.20,KCRX 260335Z AUTO 18015G20KT 10SM SCT080 24/17 A2967 RMK AO2,null
DLP,2011-04-26 03:35,-89.5472,29.1214,0.00,78.80,73.40,83.55,160.00,23.00,null,29.78,null,9.00,null,CLR,   ,   ,   ,null,null,null,null,null,null,null,null,null,null,null,82.03,KDLP 260335Z AUTO 16023KT 9SM CLR 26/23 A2978 RMK A01,null
UOX,2011-04-26 03:35,-89.5368,34.3843,137.80,75.20,62.60,64.91,200.00,10.00,null,29.69,null,10.00,17.00,FEW,   ,   ,   ,7000.00,null,null,null,null,null,null,null,null,null,null,75.20,KUOX 260335Z AUTO 20010G17KT 020V020 10SM FEW070 24/17 A2969 RMK AO2 LTG DSNT W AND NW,null
OLV,2011-04-26 03:35,-89.7869,34.9787,122.50,75.20,64.40,69.14,190.00,22.00,null,29.64,null,10.00,29.00,BKN,   ,   ,   ,5000.00,null,null,null,null,null,null,null,null,null,null,75.20,KOLV 260335Z AUTO 19022G29KT 10SM BKN050 24/18 A2964 RMK A01 P000,null
MYT,2011-04-26 03:35,-89.6150,28.2206,0.00,77.00,73.40,88.67,180.00,13.00,null,29.77,null,1.25,19.00,CLR,   ,   ,   ,null,null,null,null,BR,null,null,null,null,null,null,78.57,KMYT 260335Z AUTO 18013G19KT 1 1/4SM BR CLR 25/23 A2977 RMK A01,null
PIB,2011-04-26 03:35,-89.3371,31.4671,91.00,73.40,64.40,73.44,170.00,10.00,null,29.80,null,10.00,null,OVC,   ,   ,   ,1900.00,null,null,null,null,null,null,null,null,null,null,73.40,KPIB 260335Z AUTO 17010KT 10SM OVC019 23/18 A2980 RMK AO1,null
HEZ,2011-04-26 03:35,-91.2973,31.6137,83.00,75.20,64.40,69.14,190.00,13.00,null,29.73,null,10.00,23.00,SCT,OVC,   ,   ,3200.00,4000.00,null,null,null,null,null,null,null,null,null,75.20,KHEZ 260335Z AUTO 19013G23KT 10SM SCT032 OVC040 24/18 A2973 RMK AO1,null
MIS,2011-04-26 03:35,-88.8420,29.2960,32.00,82.40,71.60,69.90,230.00,19.00,null,29.81,null,4.00,24.00,   ,   ,   ,   ,null,null,null,null,HZ,null,null,null,null,null,null,87.18,KMIS 260335Z AUTO 23019G24KT 4SM HZ 28/22 A2981 RMK A01,null
GTR,2011-04-26 03:35,-88.5914,33.4503,80.00,73.40,64.40,73.44,170.00,14.00,null,29.76,null,10.00,21.00,CLR,   ,   ,   ,null,null,null,null,null,null,null,null,null,null,null,73.40,KGTR 260335Z 17014G21KT 10SM CLR 23/18 A2976 RMK AO1,null
UTA,2011-04-26 03:35,-90.3467,34.6811,59.00,60.80,59.00,93.79,250.00,9.00,0.06,29.72,null,3.00,null,SCT,BKN,OVC,   ,600.00,900.00,4900.00,null,+TSRA,null,null,null,null,null,null,60.80,KUTA 260335Z AUTO 25009KT 3SM +TSRA SCT006 BKN009 OVC049 16/15 A2972 RMK AO2 P0006 LTG DSNT ALQS,null
PQL,2011-04-26 03:44,-88.5319,30.4636,5.00,75.20,69.80,83.32,160.00,8.00,null,29.81,null,10.00,14.00,SCT,SCT,BKN,   ,1700.00,2300.00,2700.00,null,null,null,null,null,null,null,null,76.34,KPQL 260344Z AUTO 16008G14KT 10SM SCT017 SCT023 BKN027 24/21 A2981 RMK AO2,null
TUP,2011-04-26 03:53,-88.7711,34.2608,110.00,75.00,62.00,64.07,210.00,15.00,null,29.72,1005.80,10.00,null,CLR,   ,   ,   ,null,null,null,null,null,null,null,null,null,null,null,75.02,KTUP 260353Z AUTO 21015KT 10SM CLR 24/17 A2972 RMK AO2 SLP058 T02390167,null
HKS,2011-04-26 03:53,-90.2225,32.3348,104.00,75.00,66.00,73.59,180.00,14.00,null,29.75,1006.60,10.00,19.00,FEW,SCT,   ,   ,3000.00,7500.00,null,null,null,null,null,null,null,null,null,75.02,KHKS 260353Z AUTO 18014G19KT 10SM FEW030 SCT075 24/19 A2975 RMK AO2 SLP066 T02390189,null
HBG,2011-04-26 03:53,-89.2529,31.2649,46.00,73.00,68.00,84.22,170.00,5.00,null,29.80,null,10.00,null,SCT,   ,   ,   ,2300.00,null,null,null,null,null,null,null,null,null,null,73.04,KHBG 260353Z AUTO 17005KT 10SM SCT023 23/20 A2980 RMK AO2 SLPNO T02280200 TSNO,null
GLH,2011-04-26 03:53,-90.9856,33.4829,40.00,77.00,64.00,64.30,190.00,17.00,null,29.68,1005.40,10.00,29.00,FEW,SCT,   ,   ,5500.00,11000.00,null,null,null,null,null,null,29.00,180.00,2011-04-26 03:51,77.00,KGLH 260353Z AUTO 19017G29KT 10SM FEW055 SCT110 25/18 A2968 RMK AO2 PK WND 18029/0351 LTG DSNT SW-N SLP054 T02500178,null
GPT,2011-04-26 03:53,-89.0701,30.4073,9.00,78.00,68.00,71.19,170.00,13.00,null,29.80,1008.90,10.00,20.00,FEW,   ,   ,   ,2300.00,null,null,null,null,null,null,null,null,null,null,78.08,KGPT 260353Z AUTO 17013G20KT 10SM FEW023 26/20 A2980 RMK AO2 SLP089 T02560200,null
PQL,2011-04-26 03:53,-88.5319,30.4636,5.00,75.00,70.00,84.34,160.00,10.00,null,29.81,1009.50,10.00,null,SCT,SCT,   ,   ,1700.00,2400.00,null,null,null,null,null,null,null,null,null,76.19,KPQL 260353Z AUTO 16010KT 10SM SCT017 SCT024 24/21 A2981 RMK AO2 SLP095 T02390211,null
GWO,2011-04-26 03:53,-90.0847,33.4943,47.00,76.00,65.00,68.78,180.00,14.00,null,29.72,1006.10,10.00,20.00,SCT,OVC,   ,   ,4400.00,5500.00,null,null,null,null,null,null,null,null,null,75.92,KGWO 260353Z AUTO 18014G20KT 10SM SCT044 OVC055 24/18 A2972 RMK AO2 SLP061 T02440183,null
MCB,2011-04-26 03:53,-90.4700,31.1800,126.00,75.00,69.00,81.79,180.00,9.00,null,29.78,1007.80,10.00,16.00,FEW,SCT,BKN,   ,2000.00,2500.00,3400.00,null,null,null,null,null,null,null,null,76.07,KMCB 260353Z AUTO 18009G16KT 10SM FEW020 SCT025 BKN034 24/21 A2978 RMK AO2 SLP078 T02390206,null
JAN,2011-04-26 03:54,-90.0800,32.3200,101.00,75.00,66.00,73.59,170.00,9.00,null,29.76,1007.30,10.00,14.00,BKN,BKN,BKN,   ,3000.00,3500.00,7500.00,null,null,null,null,null,null,null,null,75.02,KJAN 260354Z 17009G14KT 10SM BKN030 BKN035 BKN075 24/19 A2976 RMK AO2 SLP073 T02390189,null
HEZ,2011-04-26 03:55,-91.2973,31.6137,83.00,75.20,64.40,69.14,190.00,12.00,null,29.74,null,10.00,19.00,BKN,OVC,   ,   ,3100.00,3800.00,null,null,null,null,null,null,null,null,null,75.20,KHEZ 260355Z AUTO 19012G19KT 10SM BKN031 OVC038 24/18 A2974 RMK AO1,null
BIX,2011-04-26 03:55,-88.9244,30.4104,10.00,77.18,71.24,81.93,180.00,17.00,null,29.80,1009.30,10.00,24.00,BKN,BKN,   ,   ,2100.00,3000.00,null,null,null,null,null,null,null,null,null,78.45,KBIX 260355Z 18017G24KT 10SM BKN021 BKN030 25/22 A2980 RMK AO2A CIG 019V025 SLP093 T02510218,null
UTA,2011-04-26 03:55,-90.3467,34.6811,59.00,60.80,59.00,93.79,140.00,6.00,0.16,29.72,null,5.00,null,SCT,BKN,OVC,   ,600.00,1600.00,2100.00,null,TSRA,null,null,null,null,null,null,60.80,KUTA 260355Z AUTO 14006KT 5SM TSRA SCT006 BKN016 OVC021 16/15 A2972 RMK AO2 P0016 LTG DSNT ALQS,null
OLV,2011-04-26 03:55,-89.7869,34.9787,122.50,57.20,57.20,100.00,270.00,8.00,null,29.73,null,null,19.00,   ,   ,   ,   ,null,null,null,null,null,null,null,null,null,null,null,57.20,KOLV 260355Z AUTO 27008G19KT 14/14 A2973 RMK A01 P007,null
M16,2011-04-26 03:55,-90.4105,32.3045,75.30,75.20,66.20,73.61,180.00,12.00,null,29.75,null,10.00,null,FEW,   ,   ,   ,3900.00,null,null,null,null,null,null,null,null,null,null,75.20,KM16 260355Z AUTO 18012KT 10SM FEW039 24/19 A2975 RMK AO2,null
PIB,2011-04-26 03:55,-89.3371,31.4671,91.00,71.60,64.40,78.04,180.00,10.00,null,29.80,null,10.00,null,OVC,   ,   ,   ,1900.00,null,null,null,null,null,null,null,null,null,null,71.60,KPIB 260355Z AUTO 18010KT 10SM OVC019 22/18 A2980 RMK AO1,null
CKM,2011-04-26 03:55,-90.5123,34.2997,52.70,62.60,62.60,100.00,240.00,13.00,1.05,29.73,null,1.00,null,OVC,   ,   ,   ,300.00,null,null,null,null,null,null,null,null,null,null,62.60,KCKM 260355Z AUTO 24013KT 1SM OVC003 17/17 A2973 RMK AO1 P0105,null
GTR,2011-04-26 03:55,-88.5914,33.4503,80.00,73.40,64.40,73.44,170.00,13.00,null,29.76,null,10.00,null,CLR,   ,   ,   ,null,null,null,null,null,null,null,null,null,null,null,73.40,KGTR 260355Z 17013KT 10SM CLR 23/18 A2976 RMK AO1,null
UOX,2011-04-26 03:55,-89.5368,34.3843,137.80,75.20,62.60,64.91,200.00,9.00,null,29.71,null,10.00,24.00,SCT,SCT,BKN,   ,6000.00,6500.00,8000.00,null,null,null,null,null,null,null,null,75.20,KUOX 260355Z AUTO 20009G24KT 10SM SCT060 SCT065 BKN080 24/17 A2971 RMK AO2 LTG DSNT W AND NW,null
1R7,2011-04-26 03:55,-90.4093,31.6058,149.00,75.20,68.00,78.34,180.00,9.00,null,29.79,null,8.00,null,BKN,BKN,BKN,   ,2400.00,2800.00,3500.00,null,null,null,null,null,null,null,null,75.20,K1R7 260355Z AUTO 18009KT 8SM BKN024 BKN028 BKN035 24/20 A2979 RMK AO2,null
DLP,2011-04-26 03:55,-89.5472,29.1214,0.00,78.80,73.40,83.55,160.00,26.00,null,29.77,null,9.00,null,CLR,   ,   ,   ,null,null,null,null,null,null,null,null,null,null,null,82.03,KDLP 260355Z AUTO 16026KT 9SM CLR 26/23 A2977 RMK A01,null
MYT,2011-04-26 03:55,-89.6150,28.2206,0.00,78.80,73.40,83.55,180.00,14.00,null,29.78,null,1.50,null,CLR,   ,   ,   ,null,null,null,null,HZ,null,null,null,null,null,null,82.03,KMYT 260355Z AUTO 18014KT 1 1/2SM HZ CLR 26/23 A2978 RMK A01,null
MIS,2011-04-26 03:55,-88.8420,29.2960,32.00,84.20,71.60,65.95,220.00,17.00,null,29.81,null,4.00,23.00,   ,   ,   ,   ,null,null,null,null,HZ,null,null,null,null,null,null,89.60,KMIS 260355Z AUTO 22017G23KT 4SM HZ 29/22 A2981 RMK A01,null
CBM,2011-04-26 03:55,-88.4438,33.6438,67.00,74.84,64.40,69.98,180.00,13.00,null,29.75,1007.50,10.00,21.00,CLR,   ,   ,   ,null,null,null,null,null,null,null,null,null,null,null,74.84,KCBM 260355Z AUTO 18013G21KT 10SM CLR 24/18 A2975 RMK AO2 SLP075 T02380180 $,null
CRX,2011-04-26 03:55,-88.6035,34.9150,129.00,75.20,62.60,64.91,180.00,17.00,null,29.68,null,10.00,21.00,CLR,   ,   ,   ,null,null,null,null,null,null,null,null,null,null,null,75.20,KCRX 260355Z AUTO 18017G21KT 10SM CLR 24/17 A2968 RMK AO2,null
NMM,2011-04-26 03:56,-88.5556,32.5521,97.00,73.00,64.00,73.41,180.00,8.00,null,29.80,1009.80,10.00,null,BKN,   ,   ,   ,25000.00,null,null,null,null,null,null,null,null,null,null,73.04,KNMM 260356Z 18008KT 10SM BKN250 23/18 A2980 RMK AO2 SLP098 T02280178,null
MEI,2011-04-26 03:58,-88.7511,32.3347,94.00,72.00,66.00,81.57,170.00,9.00,null,29.79,1008.50,10.00,null,FEW,   ,   ,   ,2200.00,null,null,null,null,null,null,null,null,null,null,71.96,KMEI 260358Z 17009KT 10SM FEW022 22/19 A2979 RMK AO2 SLP085 T02220189,null
BIX,2011-04-26 04:04,-88.9244,30.4104,10.00,77.00,71.60,83.44,180.00,17.00,null,29.81,1009.40,10.00,23.00,SCT,SCT,   ,   ,2100.00,2700.00,null,null,null,null,null,null,null,null,null,78.32,KBIX 260404Z AUTO 18017G23KT 10SM SCT021 SCT027 25/22 A2981 RMK AO2 SLP094,null
GLH,2011-04-26 04:07,-90.9856,33.4829,40.00,77.00,64.40,65.12,310.00,17.00,null,29.73,null,10.00,26.00,BKN,   ,   ,   ,4100.00,null,null,null,VCTS,null,null,null,26.00,300.00,2011-04-26 04:07,77.00,KGLH 260407Z AUTO 31017G26KT 10SM VCTS BKN041 25/18 A2973 RMK AO2 PK WND 30026/0407 WSHFT 0352 LTG DSNT ALQDS TSB07 PRESRR,null
GPT,2011-04-26 04:14,-89.0701,30.4073,9.00,78.80,68.00,69.52,170.00,9.00,null,29.81,null,10.00,22.00,BKN,   ,   ,   ,2500.00,null,null,null,null,null,null,null,null,null,null,81.10,KGPT 260414Z AUTO 17009G22KT 10SM BKN025 26/20 A2981 RMK AO2,null
GTR,2011-04-26 04:15,-88.5914,33.4503,80.00,73.40,64.40,73.44,170.00,13.00,null,29.77,null,10.00,16.00,CLR,   ,   ,   ,null,null,null,null,null,null,null,null,null,null,null,73.40,KGTR 260415Z 17013G16KT 10SM CLR 23/18 A2977 RMK AO1,null
OLV,2011-04-26 04:15,-89.7869,34.9787,122.50,57.20,57.20,100.00,310.00,5.00,null,29.72,null,3.00,null,BKN,BKN,OVC,   ,600.00,1900.00,4500.00,null,null,null,null,null,null,null,null,57.20,KOLV 260415Z AUTO 31005KT 3SM BKN006 BKN019 OVC045 14/14 A2972 RMK A01 P003,null
HEZ,2011-04-26 04:15,-91.2973,31.6137,83.00,75.20,64.40,69.14,200.00,11.00,null,29.74,null,10.00,17.00,BKN,OVC,   ,   ,3100.00,3800.00,null,null,null,null,null,null,null,null,null,75.20,KHEZ 260415Z AUTO 20011G17KT 10SM BKN031 OVC038 24/18 A2974 RMK AO1,null
M16,2011-04-26 04:15,-90.4105,32.3045,75.30,75.20,66.20,73.61,180.00,11.00,null,29.74,null,10.00,17.00,SCT,BKN,   ,   ,3000.00,3800.00,null,null,null,null,null,null,null,null,null,75.20,KM16 260415Z AUTO 18011G17KT 10SM SCT030 BKN038 24/19 A2974 RMK AO2,null
CKM,2011-04-26 04:15,-90.5123,34.2997,52.70,62.60,62.60,100.00,210.00,8.00,0.13,29.76,null,2.50,null,SCT,BKN,OVC,   ,400.00,4300.00,5000.00,null,null,null,null,null,null,null,null,62.60,KCKM 260415Z AUTO 21008KT 2 1/2SM SCT004 BKN043 OVC050 17/17 A2976 RMK AO1 P0013,null
DLP,2011-04-26 04:15,-89.5472,29.1214,0.00,78.80,73.40,83.55,160.00,23.00,null,29.78,null,8.00,29.00,SCT,   ,   ,   ,2500.00,null,null,null,null,null,null,null,null,null,null,82.03,KDLP 260415Z AUTO 16023G29KT 8SM SCT025 26/23 A2978 RMK A01,null
1R7,2011-04-26 04:15,-90.4093,31.6058,149.00,75.20,68.00,78.34,180.00,8.00,null,29.80,null,7.00,19.00,SCT,BKN,BKN,   ,2300.00,3000.00,3500.00,null,null,null,null,null,null,null,null,75.20,K1R7 260415Z AUTO 18008G19KT 7SM SCT023 BKN030 BKN035 24/20 A2980 RMK AO2,null
MIS,2011-04-26 04:15,-88.8420,29.2960,32.00,82.40,71.60,69.90,220.00,18.00,null,29.81,null,4.00,24.00,   ,   ,   ,   ,null,null,null,null,HZ,null,null,null,null,null,null,87.18,KMIS 260415Z AUTO 22018G24KT 4SM HZ 28/22 A2981 RMK A01,null
UOX,2011-04-26 04:15,-89.5368,34.3843,137.80,75.20,62.60,64.91,210.00,14.00,null,29.72,null,10.00,28.00,FEW,SCT,SCT,   ,4000.00,5000.00,8000.00,null,null,null,null,null,null,null,null,75.20,KUOX 260415Z AUTO 21014G28KT 10SM FEW040 SCT050 SCT080 24/17 A2972 RMK AO2 LTG DSNT SW AND W,null
MYT,2011-04-26 04:15,-89.6150,28.2206,0.00,78.80,73.40,83.55,180.00,14.00,null,29.77,null,1.50,19.00,CLR,   ,   ,   ,null,null,null,null,HZ,null,null,null,null,null,null,82.03,KMYT 260415Z AUTO 18014G19KT 1 1/2SM HZ CLR 26/23 A2977 RMK A01,null
PIB,2011-04-26 04:15,-89.3371,31.4671,91.00,71.60,64.40,78.04,170.00,9.00,null,29.81,null,10.00,null,BKN,OVC,   ,   ,1900.00,4000.00,null,null,null,null,null,null,null,null,null,71.60,KPIB 260415Z AUTO 17009KT 10SM BKN019 OVC040 22/18 A2981 RMK AO1,null
CRX,2011-04-26 04:15,-88.6035,34.9150,129.00,75.20,62.60,64.91,190.00,17.00,null,29.69,null,10.00,27.00,CLR,   ,   ,   ,null,null,null,null,null,null,null,null,null,null,null,75.20,KCRX 260415Z AUTO 19017G27KT 10SM CLR 24/17 A2969 RMK AO2 LTG DSNT W,null
UTA,2011-04-26 04:15,-90.3467,34.6811,59.00,60.80,59.00,93.79,null,null,0.04,29.75,null,7.00,null,SCT,OVC,   ,   ,700.00,1800.00,null,null,TSRA,null,null,null,null,null,null,60.80,KUTA 260415Z AUTO 00000KT 7SM TSRA SCT007 OVC018 16/15 A2975 RMK AO2 P0004 LTG DSNT ALQS,null
GLH,2011-04-26 04:17,-90.9856,33.4829,40.00,66.20,57.20,72.74,310.00,18.00,null,29.73,null,10.00,30.00,BKN,   ,   ,   ,3900.00,null,null,null,VCTS,null,null,null,30.00,300.00,2011-04-26 04:09,66.20,KGLH 260417Z AUTO 31018G30KT 10SM VCTS BKN039 19/14 A2973 RMK AO2 PK WND 30030/0409 WSHFT 0357 LTG DSNT ALQDS TSB07,null
GLH,2011-04-26 04:31,-90.9856,33.4829,40.00,62.60,60.80,93.83,290.00,18.00,0.14,29.75,null,1.75,27.00,FEW,BKN,OVC,   ,800.00,4100.00,4800.00,null,VCTS +RA BR,null,null,null,40.00,290.00,2011-04-26 04:19,62.60,KGLH 260431Z AUTO 29018G27KT 1 3/4SM VCTS +RA BR FEW008 BKN041 OVC048 17/16 A2975 RMK AO2 PK WND 29040/0419 WSHFT 0357 LTG DSNT ALQDS TSB07RAB20 P0014,null
MEI,2011-04-26 04:32,-88.7511,32.3347,94.00,71.60,66.20,83.09,180.00,8.00,null,29.81,null,10.00,null,BKN,   ,   ,   ,1900.00,null,null,null,null,null,null,null,null,null,null,71.60,KMEI 260432Z 18008KT 10SM BKN019 22/19 A2981 RMK AO2,null
MIS,2011-04-26 04:35,-88.8420,29.2960,32.00,82.40,71.60,69.90,220.00,17.00,null,29.81,null,4.00,null,   ,   ,   ,   ,null,null,null,null,HZ,null,null,null,null,null,null,87.18,KMIS 260435Z AUTO 22017KT 4SM HZ 28/22 A2981 RMK A01,null
HEZ,2011-04-26 04:35,-91.2973,31.6137,83.00,75.20,64.40,69.14,190.00,15.00,null,29.74,null,10.00,21.00,FEW,OVC,   ,   ,2900.00,3600.00,null,null,null,null,null,null,null,null,null,75.20,KHEZ 260435Z AUTO 19015G21KT 10SM FEW029 OVC036 24/18 A2974 RMK AO1,null
UTA,2011-04-26 04:35,-90.3467,34.6811,59.00,60.80,59.00,93.79,130.00,5.00,0.11,29.75,null,5.00,null,BKN,OVC,   ,   ,900.00,1400.00,null,null,TSRA,null,null,null,null,null,null,60.80,KUTA 260435Z AUTO 13005KT 5SM TSRA BKN009 OVC014 16/15 A2975 RMK AO2 P0011 LTG DSNT ALQS,null
MYT,2011-04-26 04:35,-89.6150,28.2206,0.00,78.80,73.40,83.55,180.00,15.00,null,29.79,null,1.75,21.00,SCT,   ,   ,   ,2600.00,null,null,null,HZ,null,null,null,null,null,null,82.03,KMYT 260435Z AUTO 18015G21KT 1 3/4SM HZ SCT026 26/23 A2979 RMK A01,null
CRX,2011-04-26 04:35,-88.6035,34.9150,129.00,75.20,62.60,64.91,190.00,15.00,null,29.71,null,10.00,28.00,SCT,   ,   ,   ,10000.00,null,null,null,null,null,null,null,null,null,null,75.20,KCRX 260435Z AUTO 19015G28KT 10SM SCT100 24/17 A2971 RMK AO2 LTG DSNT W AND NW,null
CKM,2011-04-26 04:35,-90.5123,34.2997,52.70,62.60,62.60,100.00,170.00,7.00,0.22,29.76,null,3.00,null,SCT,BKN,OVC,   ,4600.00,5000.00,7000.00,null,null,null,null,null,null,null,null,62.60,KCKM 260435Z AUTO 17007KT 3SM SCT046 BKN050 OVC070 17/17 A2976 RMK AO1 P0022,null
GTR,2011-04-26 04:35,-88.5914,33.4503,80.00,71.60,64.40,78.04,170.00,13.00,null,29.78,null,10.00,null,CLR,   ,   ,   ,null,null,null,null,null,null,null,null,null,null,null,71.60,KGTR 260435Z 17013KT 10SM CLR 22/18 A2978 RMK AO1,null
1R7,2011-04-26 04:35,-90.4093,31.6058,149.00,73.40,68.00,83.21,170.00,9.00,null,29.79,null,7.00,null,FEW,SCT,BKN,   ,2300.00,3500.00,4300.00,null,null,null,null,null,null,null,null,73.40,K1R7 260435Z AUTO 17009KT 7SM FEW023 SCT035 BKN043 23/20 A2979 RMK AO2,null
UOX,2011-04-26 04:35,-89.5368,34.3843,137.80,73.40,60.80,64.69,290.00,20.00,null,29.80,null,10.00,27.00,BKN,BKN,   ,   ,3500.00,4600.00,null,null,null,null,null,null,null,null,null,73.40,KUOX 260435Z AUTO 29020G27KT 020V030 10SM BKN035 BKN046 23/16 A2980 RMK AO2 LTG DSNT SW-N,null
M16,2011-04-26 04:35,-90.4105,32.3045,75.30,75.20,66.20,73.61,170.00,11.00,null,29.74,null,10.00,19.00,FEW,FEW,   ,   ,2600.00,3100.00,null,null,null,null,null,null,null,null,null,75.20,KM16 260435Z AUTO 17011G19KT 10SM FEW026 FEW031 24/19 A2974 RMK AO2,null
DLP,2011-04-26 04:35,-89.5472,29.1214,0.00,78.80,73.40,83.55,160.00,22.00,null,29.78,null,7.00,28.00,FEW,FEW,   ,   ,2500.00,4800.00,null,null,null,null,null,null,null,null,null,82.03,KDLP 260435Z AUTO 16022G28KT 7SM FEW025 FEW048 26/23 A2978 RMK A01,null
OLV,2011-04-26 04:35,-89.7869,34.9787,122.50,57.20,57.20,100.00,210.00,3.00,null,29.74,null,4.00,null,FEW,SCT,OVC,   ,1000.00,3300.00,4700.00,null,null,null,null,null,null,null,null,57.20,KOLV 260435Z AUTO 21003KT 4SM FEW010 SCT033 OVC047 14/14 A2974 RMK A01 P007,null
PIB,2011-04-26 04:35,-89.3371,31.4671,91.00,71.60,64.40,78.04,180.00,8.00,null,29.82,null,10.00,null,FEW,SCT,OVC,   ,1900.00,2800.00,4000.00,null,null,null,null,null,null,null,null,71.60,KPIB 260435Z AUTO 18008KT 10SM FEW019 SCT028 OVC040 22/18 A2982 RMK AO1,null
BIX,2011-04-26 04:38,-88.9244,30.4104,10.00,77.00,71.60,83.44,180.00,15.00,null,29.82,1009.90,10.00,19.00,BKN,BKN,   ,   ,2200.00,3000.00,null,null,null,null,null,null,null,null,null,78.32,KBIX 260438Z AUTO 18015G19KT 10SM BKN022 BKN030 25/22 A2982 RMK AO2 CIG 020V026 SLP099,null
GLH,2011-04-26 04:39,-90.9856,33.4829,40.00,62.60,60.80,93.83,270.00,12.00,0.39,29.76,null,0.75,28.00,BKN,BKN,OVC,   ,600.00,3600.00,4500.00,null,+TSRA BR,null,null,null,40.00,290.00,2011-04-26 04:19,62.60,KGLH 260439Z AUTO 27012G28KT 3/4SM +TSRA BR BKN006 BKN036 OVC045 17/16 A2976 RMK AO2 PK WND 29040/0419 WSHFT 0357 LTG DSNT ALQDS TSB07RAB20 P0039,null
GPT,2011-04-26 04:42,-89.0701,30.4073,9.00,77.00,68.00,73.78,170.00,11.00,null,29.81,null,10.00,17.00,SCT,SCT,   ,   ,2500.00,3200.00,null,null,null,null,null,null,null,null,null,77.00,KGPT 260442Z AUTO 17011G17KT 10SM SCT025 SCT032 25/20 A2981 RMK AO2,null
MCB,2011-04-26 04:53,-90.4700,31.1800,126.00,74.00,69.00,84.80,180.00,9.00,null,29.78,1007.80,10.00,null,BKN,BKN,BKN,   ,2400.00,3100.00,3900.00,null,null,null,null,null,null,null,null,75.02,KMCB 260453Z AUTO 18009KT 10SM BKN024 BKN031 BKN039 23/21 A2978 RMK AO2 SLP078 T02330206,null
HKS,2011-04-26 04:53,-90.2225,32.3348,104.00,74.00,66.00,76.31,170.00,11.00,null,29.76,1006.80,10.00,null,FEW,SCT,   ,   ,3300.00,4200.00,null,null,null,null,null,null,null,null,null,73.94,KHKS 260453Z AUTO 17011KT 10SM FEW033 SCT042 23/19 A2976 RMK AO2 SLP068 T02330189,null
PQL,2011-04-26 04:53,-88.5319,30.4636,5.00,75.00,70.00,84.34,170.00,6.00,null,29.83,1010.30,10.00,null,FEW,SCT,BKN,   ,1700.00,2200.00,3300.00,null,null,null,null,null,null,null,null,76.19,KPQL 260453Z AUTO 17006KT 10SM FEW017 SCT022 BKN033 24/21 A2983 RMK AO2 SLP103 T02390211,null
GLH,2011-04-26 04:53,-90.9856,33.4829,40.00,61.00,61.00,100.00,240.00,7.00,0.75,29.74,1007.50,1.25,null,BKN,BKN,   ,   ,800.00,3000.00,null,null,+TSRA BR,null,null,null,40.00,290.00,2011-04-26 04:19,60.98,KGLH 260453Z AUTO 24007KT 1 1/4SM +TSRA BR BKN008 BKN030 16/16 A2974 RMK AO2 PK WND 29040/0419 WSHFT 0357 LTG DSNT ALQDS TSB07RAB20 SLP075 P0075 T01610161,null
HBG,2011-04-26 04:53,-89.2529,31.2649,46.00,73.00,68.00,84.22,150.00,5.00,null,29.82,1009.40,10.00,null,FEW,   ,   ,   ,3600.00,null,null,null,null,null,null,null,null,null,null,73.04,KHBG 260453Z AUTO 15005KT 10SM FEW036 23/20 A2982 RMK AO2 SLP094 T02280200 TSNO,null
TUP,2011-04-26 04:53,-88.7711,34.2608,110.00,74.00,63.00,68.57,200.00,18.00,null,29.75,1006.80,10.00,22.00,BKN,   ,   ,   ,10000.00,null,null,null,null,null,null,null,null,null,null,73.94,KTUP 260453Z AUTO 20018G22KT 10SM BKN100 23/17 A2975 RMK AO2 SLP068 T02330172,null
GWO,2011-04-26 04:53,-90.0847,33.4943,47.00,76.00,65.00,68.78,180.00,14.00,null,29.73,1006.60,10.00,20.00,FEW,SCT,BKN,   ,4000.00,4900.00,6000.00,null,null,null,null,null,null,null,null,75.92,KGWO 260453Z AUTO 18014G20KT 10SM FEW040 SCT049 BKN060 24/18 A2973 RMK AO2 LTG DSNT N AND NW SLP066 T02440183,null
JAN,2011-04-26 04:54,-90.0800,32.3200,101.00,74.00,67.00,78.72,170.00,8.00,null,29.77,1007.50,10.00,14.00,CLR,   ,   ,   ,null,null,null,null,null,null,null,null,null,null,null,73.94,KJAN 260454Z 17008G14KT 10SM CLR 23/19 A2977 RMK AO2 SLP075 T02330194,null
GTR,2011-04-26 04:55,-88.5914,33.4503,80.00,71.60,64.40,78.04,180.00,11.00,null,29.81,null,10.00,null,CLR,   ,   ,   ,null,null,null,null,null,null,null,null,null,null,null,71.60,KGTR 260455Z 18011KT 10SM CLR 22/18 A2981 RMK AO1,null
PIB,2011-04-26 04:55,-89.3371,31.4671,91.00,71.60,64.40,78.04,170.00,6.00,null,29.83,null,10.00,null,BKN,OVC,   ,   ,2800.00,4000.00,null,null,null,null,null,null,null,null,null,71.60,KPIB 260455Z AUTO 17006KT 10SM BKN028 OVC040 22/18 A2983 RMK AO1,null
OLV,2011-04-26 04:55,-89.7869,34.9787,122.50,57.20,57.20,100.00,180.00,5.00,null,29.76,null,4.00,null,FEW,SCT,BKN,   ,1000.00,1900.00,4700.00,null,null,null,null,null,null,null,null,57.20,KOLV 260455Z AUTO 18005KT 4SM FEW010 SCT019 BKN047 14/14 A2976 RMK A01 P010,null
DLP,2011-04-26 04:55,-89.5472,29.1214,0.00,78.80,73.40,83.55,160.00,20.00,null,29.80,null,7.00,27.00,CLR,   ,   ,   ,null,null,null,null,null,null,null,null,null,null,null,82.03,KDLP 260455Z AUTO 16020G27KT 7SM CLR 26/23 A2980 RMK A01,null
UTA,2011-04-26 04:55,-90.3467,34.6811,59.00,60.80,60.80,100.00,120.00,7.00,0.17,29.74,null,7.00,null,BKN,BKN,OVC,   ,1000.00,1400.00,2000.00,null,RA,null,null,null,null,null,null,60.80,KUTA 260455Z AUTO 12007KT 7SM RA BKN010 BKN014 OVC020 16/16 A2974 RMK AO2 P0017 LTG DSNT ALQS,null
MIS,2011-04-26 04:55,-88.8420,29.2960,32.00,84.20,71.60,65.95,230.00,19.00,null,29.81,null,3.00,null,   ,   ,   ,   ,null,null,null,null,HZ,null,null,null,null,null,null,89.60,KMIS 260455Z AUTO 23019KT 3SM HZ 29/22 A2981 RMK A01,null
HEZ,2011-04-26 04:55,-91.2973,31.6137,83.00,75.20,64.40,69.14,190.00,12.00,null,29.72,null,10.00,18.00,BKN,   ,   ,   ,4000.00,null,null,null,null,null,null,null,null,null,null,75.20,KHEZ 260455Z AUTO 19012G18KT 10SM BKN040 24/18 A2972 RMK AO1,null
UOX,2011-04-26 04:55,-89.5368,34.3843,137.80,60.80,57.20,87.92,250.00,12.00,0.20,29.82,null,1.75,19.00,BKN,BKN,OVC,   ,100.00,900.00,1900.00,null,+TSRA,null,null,null,null,null,null,60.80,KUOX 260455Z AUTO 25012G19KT 1 3/4SM +TSRA BKN001 BKN009 OVC019 16/14 A2982 RMK AO2 LTG DSNT ALQDS P0020,null
CBM,2011-04-26 04:55,-88.4438,33.6438,67.00,73.58,65.30,75.33,200.00,11.00,null,29.80,1009.10,10.00,17.00,FEW,   ,   ,   ,18000.00,null,null,null,null,null,null,null,null,null,null,73.58,KCBM 260455Z AUTO 20011G17KT 10SM FEW180 23/18 A2980 RMK AO2 PRESRR SLP091 T02310185 $,null
M16,2011-04-26 04:55,-90.4105,32.3045,75.30,75.20,66.20,73.61,180.00,11.00,null,29.75,null,10.00,18.00,CLR,   ,   ,   ,null,null,null,null,null,null,null,null,null,null,null,75.20,KM16 260455Z AUTO 18011G18KT 020V020 10SM CLR 24/19 A2975 RMK AO2,null
CRX,2011-04-26 04:55,-88.6035,34.9150,129.00,75.20,62.60,64.91,190.00,18.00,null,29.72,null,10.00,25.00,FEW,OVC,   ,   ,7000.00,10000.00,null,null,null,null,null,null,null,null,null,75.20,KCRX 260455Z AUTO 19018G25KT 10SM FEW070 OVC100 24/17 A2972 RMK AO2 LTG DSNT N AND NW,null
CKM,2011-04-26 04:55,-90.5123,34.2997,52.70,62.60,62.60,100.00,160.00,8.00,0.24,29.75,null,5.00,null,SCT,BKN,OVC,   ,5000.00,6000.00,7500.00,null,null,null,null,null,null,null,null,62.60,KCKM 260455Z AUTO 16008KT 5SM SCT050 BKN060 OVC075 17/17 A2975 RMK AO1 P0024,null
BIX,2011-04-26 04:55,-88.9244,30.4104,10.00,77.36,71.00,80.95,180.00,13.00,null,29.82,1010.00,10.00,22.00,BKN,BKN,   ,   ,2100.00,2700.00,null,null,null,null,null,null,null,null,null,78.60,KBIX 260455Z AUTO 18013G22KT 10SM BKN021 BKN027 25/22 A2982 RMK AO2 CIG 020V025 SLP100 T02520217,null
1R7,2011-04-26 04:55,-90.4093,31.6058,149.00,73.40,68.00,83.21,170.00,9.00,null,29.79,null,8.00,14.00,FEW,FEW,SCT,   ,2600.00,3400.00,4300.00,null,null,null,null,null,null,null,null,73.40,K1R7 260455Z AUTO 17009G14KT 8SM FEW026 FEW034 SCT043 23/20 A2979 RMK AO2,null
MYT,2011-04-26 04:55,-89.6150,28.2206,0.00,78.80,73.40,83.55,180.00,16.00,null,29.78,null,1.75,null,SCT,   ,   ,   ,2500.00,null,null,null,HZ,null,null,null,null,null,null,82.03,KMYT 260455Z AUTO 18016KT 1 3/4SM HZ SCT025 26/23 A2978 RMK A01,null
NMM,2011-04-26 04:56,-88.5556,32.5521,97.00,72.00,65.00,78.57,170.00,6.00,null,29.82,1010.50,10.00,null,FEW,BKN,   ,   ,2500.00,25000.00,null,null,null,null,null,null,null,null,null,71.96,KNMM 260456Z 17006KT 10SM FEW025 BKN250 22/18 A2982 RMK AO2 SLP105 T02220183,null
MEI,2011-04-26 04:58,-88.7511,32.3347,94.00,72.00,67.00,84.16,170.00,8.00,null,29.82,1009.30,10.00,null,BKN,OVC,   ,   ,1900.00,2400.00,null,null,null,null,null,null,null,null,null,71.96,KMEI 260458Z AUTO 17008KT 10SM BKN019 OVC024 22/19 A2982 RMK AO2 SLP093 T02220194,null
PQL,2011-04-26 05:07,-88.5319,30.4636,5.00,75.20,69.80,83.32,170.00,7.00,null,29.83,null,10.00,null,SCT,BKN,BKN,   ,1600.00,2100.00,3100.00,null,null,null,null,null,null,null,null,76.34,KPQL 260507Z AUTO 17007KT 10SM SCT016 BKN021 BKN031 24/21 A2983 RMK AO2,null
GLH,2011-04-26 05:11,-90.9856,33.4829,40.00,62.60,62.60,100.00,290.00,11.00,0.46,29.75,null,0.75,17.00,BKN,BKN,OVC,   ,800.00,1400.00,2800.00,null,+TSRA BR,null,null,null,null,null,null,62.60,KGLH 260511Z AUTO 29011G17KT 3/4SM +TSRA BR BKN008 BKN014 OVC028 17/17 A2975 RMK AO2 LTG DSNT ALQDS P0046,null
GPT,2011-04-26 05:14,-89.0701,30.4073,9.00,78.80,69.80,73.95,170.00,8.00,null,29.82,null,10.00,18.00,BKN,BKN,BKN,   ,2400.00,3000.00,3600.00,null,null,null,null,null,null,null,null,81.39,KGPT 260514Z AUTO 17008G18KT 10SM BKN024 BKN030 BKN036 26/21 A2982 RMK AO2,null
PIB,2011-04-26 05:15,-89.3371,31.4671,91.00,71.60,64.40,78.04,160.00,9.00,null,29.82,null,10.00,null,OVC,   ,   ,   ,2600.00,null,null,null,null,null,null,null,null,null,null,71.60,KPIB 260515Z AUTO 16009KT 10SM OVC026 22/18 A2982 RMK AO1,null
1R7,2011-04-26 05:15,-90.4093,31.6058,149.00,73.40,68.00,83.21,170.00,8.00,null,29.79,null,7.00,null,FEW,FEW,   ,   ,2300.00,2800.00,null,null,null,null,null,null,null,null,null,73.40,K1R7 260515Z AUTO 17008KT 7SM FEW023 FEW028 23/20 A2979 RMK AO2,null
OLV,2011-04-26 05:15,-89.7869,34.9787,122.50,57.20,57.20,100.00,160.00,5.00,null,29.76,null,5.00,null,FEW,BKN,OVC,   ,100.00,4500.00,7500.00,null,null,null,null,null,null,null,null,57.20,KOLV 260515Z AUTO 16005KT 5SM FEW001 BKN045 OVC075 14/14 A2976 RMK A01 P001,null
MIS,2011-04-26 05:15,-88.8420,29.2960,32.00,84.20,71.60,65.95,230.00,18.00,null,29.82,null,3.00,null,   ,   ,   ,   ,null,null,null,null,HZ,null,null,null,null,null,null,89.60,KMIS 260515Z AUTO 23018KT 3SM HZ 29/22 A2982 RMK A01,null
DLP,2011-04-26 05:15,-89.5472,29.1214,0.00,78.80,73.40,83.55,160.00,20.00,null,29.79,null,7.00,27.00,CLR,   ,   ,   ,null,null,null,null,null,null,null,null,null,null,null,82.03,KDLP 260515Z AUTO 16020G27KT 7SM CLR 26/23 A2979 RMK A01,null
UTA,2011-04-26 05:15,-90.3467,34.6811,59.00,60.80,60.80,100.00,140.00,8.00,0.07,29.74,null,5.00,null,SCT,OVC,   ,   ,800.00,1300.00,null,null,RA,null,null,null,null,null,null,60.80,KUTA 260515Z AUTO 14008KT 5SM RA SCT008 OVC013 16/16 A2974 RMK AO2 P0007,null
GTR,2011-04-26 05:15,-88.5914,33.4503,80.00,71.60,66.20,83.09,180.00,10.00,null,29.82,null,10.00,null,BKN,BKN,   ,   ,3000.00,3500.00,null,null,null,null,null,null,null,null,null,71.60,KGTR 260515Z 18010KT 10SM BKN030 BKN035 22/19 A2982 RMK AO1,null
M16,2011-04-26 05:15,-90.4105,32.3045,75.30,75.20,66.20,73.61,180.00,12.00,null,29.76,null,10.00,15.00,CLR,   ,   ,   ,null,null,null,null,null,null,null,null,null,null,null,75.20,KM16 260515Z AUTO 18012G15KT 10SM CLR 24/19 A2976 RMK AO2,null
CKM,2011-04-26 05:15,-90.5123,34.2997,52.70,62.60,60.80,93.83,160.00,8.00,0.01,29.76,null,5.00,null,BKN,OVC,   ,   ,6000.00,7500.00,null,null,null,null,null,null,null,null,null,62.60,KCKM 260515Z AUTO 16008KT 5SM BKN060 OVC075 17/16 A2976 RMK AO1 P0001,null
HEZ,2011-04-26 05:15,-91.2973,31.6137,83.00,75.20,64.40,69.14,190.00,14.00,null,29.73,null,10.00,20.00,FEW,FEW,   ,   ,2800.00,4000.00,null,null,null,null,null,null,null,null,null,75.20,KHEZ 260515Z AUTO 19014G20KT 10SM FEW028 FEW040 24/18 A2973 RMK AO1,null
MYT,2011-04-26 05:15,-89.6150,28.2206,0.00,78.80,73.40,83.55,180.00,17.00,null,29.78,null,1.50,null,CLR,   ,   ,   ,null,null,null,null,HZ,null,null,null,null,null,null,82.03,KMYT 260515Z AUTO 18017KT 1 1/2SM HZ CLR 26/23 A2978 RMK A01,null
CRX,2011-04-26 05:15,-88.6035,34.9150,129.00,73.40,62.60,68.94,200.00,12.00,null,29.74,null,10.00,20.00,SCT,SCT,BKN,   ,7000.00,9000.00,11000.00,null,VCTS -RA,null,null,null,null,null,null,73.40,KCRX 260515Z AUTO 20012G20KT 10SM VCTS -RA SCT070 SCT090 BKN110 23/17 A2974 RMK AO2 LTG DSNT W AND NW,null
UOX,2011-04-26 05:15,-89.5368,34.3843,137.80,59.00,57.20,93.74,230.00,5.00,0.24,29.81,null,2.00,null,OVC,   ,   ,   ,200.00,null,null,null,VCTS +RA,null,null,null,null,null,null,59.00,KUOX 260515Z AUTO 23005KT 2SM VCTS +RA OVC002 15/14 A2981 RMK AO2 P0024,null
GLH,2011-04-26 05:17,-90.9856,33.4829,40.00,62.60,62.60,100.00,320.00,8.00,0.56,29.72,null,1.00,20.00,BKN,BKN,OVC,   ,1000.00,2300.00,3800.00,null,+TSRA BR,null,null,null,null,null,null,62.60,KGLH 260517Z AUTO 32008G20KT 1SM +TSRA BR BKN010 BKN023 OVC038 17/17 A2972 RMK AO2 LTG DSNT ALQDS P0056,null
NMM,2011-04-26 05:21,-88.5556,32.5521,97.00,71.60,64.40,78.04,0.00,6.00,null,29.82,null,10.00,null,BKN,   ,   ,   ,1800.00,null,null,null,null,null,null,null,null,null,null,71.60,KNMM 260521Z AUTO VRB06KT 10SM BKN018 22/18 A2982 RMK AO2,null
MCB,2011-04-26 05:23,-90.4700,31.1800,126.00,73.40,69.80,88.51,180.00,8.00,null,29.78,null,10.00,null,FEW,SCT,BKN,   ,2000.00,2500.00,8000.00,null,null,null,null,null,null,null,null,74.60,KMCB 260523Z AUTO 18008KT 10SM FEW020 SCT025 BKN080 23/21 A2978 RMK AO2,null
GWO,2011-04-26 05:25,-90.0847,33.4943,47.00,71.60,60.80,68.75,330.00,12.00,null,29.79,null,10.00,23.00,FEW,BKN,OVC,   ,2800.00,3600.00,5000.00,null,VCTS,null,null,null,null,null,null,71.60,KGWO 260525Z AUTO 33012G23KT 10SM VCTS FEW028 BKN036 OVC050 22/16 A2979 RMK AO2 LTG DSNT W-NE TSB19 PRESRR,null
BIX,2011-04-26 05:27,-88.9244,30.4104,10.00,77.00,71.60,83.44,190.00,12.00,null,29.83,1010.20,10.00,null,SCT,BKN,   ,   ,2300.00,3000.00,null,null,null,null,null,null,null,null,null,78.32,KBIX 260527Z AUTO 19012KT 10SM SCT023 BKN030 25/22 A2983 RMK AO2 SCT V BKN SLP102,null
PQL,2011-04-26 05:28,-88.5319,30.4636,5.00,75.20,69.80,83.32,0.00,6.00,null,29.84,null,10.00,null,FEW,SCT,   ,   ,1700.00,3300.00,null,null,null,null,null,null,null,null,null,76.34,KPQL 260528Z AUTO VRB06KT 10SM FEW017 SCT033 24/21 A2984 RMK AO2,null
BIX,2011-04-26 05:28,-88.9244,30.4104,10.00,77.00,71.60,83.44,190.00,13.00,null,29.83,1010.30,10.00,null,SCT,BKN,BKN,   ,2000.00,2600.00,3200.00,null,null,null,null,null,null,null,null,78.32,KBIX 260528Z AUTO 19013KT 10SM SCT020 BKN026 BKN032 25/22 A2983 RMK AO2 CIG 024V029 BKN026 V SCT SLP103,null
BIX,2011-04-26 05:33,-88.9244,30.4104,10.00,77.00,71.60,83.44,190.00,12.00,null,29.83,1010.30,10.00,null,SCT,BKN,   ,   ,2300.00,3000.00,null,null,null,null,null,null,null,null,null,78.32,KBIX 260533Z AUTO 19012KT 10SM SCT023 BKN030 25/22 A2983 RMK AO2 SCT V BKN SLP103,null
BIX,2011-04-26 05:34,-88.9244,30.4104,10.00,77.00,71.60,83.44,190.00,13.00,null,29.83,1010.30,10.00,null,SCT,BKN,BKN,   ,2000.00,2700.00,3200.00,null,null,null,null,null,null,null,null,78.32,KBIX 260534Z AUTO 19013KT 10SM SCT020 BKN027 BKN032 25/22 A2983 RMK AO2 CIG 024V029 SLP103,null
HEZ,2011-04-26 05:35,-91.2973,31.6137,83.00,75.20,64.40,69.14,180.00,15.00,null,29.73,null,10.00,20.00,CLR,   ,   ,   ,null,null,null,null,null,null,null,null,null,null,null,75.20,KHEZ 260535Z AUTO 18015G20KT 10SM CLR 24/18 A2973 RMK AO1,null
GTR,2011-04-26 05:35,-88.5914,33.4503,80.00,71.60,66.20,83.09,180.00,9.00,null,29.83,null,10.00,null,SCT,BKN,OVC,   ,3000.00,3600.00,7000.00,null,null,null,null,null,null,null,null,71.60,KGTR 260535Z 18009KT 10SM SCT030 BKN036 OVC070 22/19 A2983 RMK AO1,null
CRX,2011-04-26 05:35,-88.6035,34.9150,129.00,64.40,55.40,72.56,270.00,17.00,0.03,29.83,null,6.00,38.00,SCT,BKN,OVC,   ,3700.00,6000.00,11000.00,null,VCTS -RA,null,null,null,null,null,null,64.40,KCRX 260535Z AUTO 27017G38KT 6SM VCTS -RA SCT037 BKN060 OVC110 18/13 A2983 RMK AO2 LTG DSNT ALQDS P0003,null
DLP,2011-04-26 05:35,-89.5472,29.1214,0.00,78.80,73.40,83.55,160.00,16.00,null,29.80,null,6.00,23.00,CLR,   ,   ,   ,null,null,null,null,BR,null,null,null,null,null,null,82.03,KDLP 260535Z AUTO 16016G23KT 6SM BR CLR 26/23 A2980 RMK A01,null
MYT,2011-04-26 05:35,-89.6150,28.2206,0.00,78.80,73.40,83.55,180.00,17.00,null,29.78,null,1.50,22.00,SCT,   ,   ,   ,2900.00,null,null,null,HZ,null,null,null,null,null,null,82.03,KMYT 260535Z AUTO 18017G22KT 1 1/2SM HZ SCT029 26/23 A2978 RMK A01,null
CKM,2011-04-26 05:35,-90.5123,34.2997,52.70,62.60,60.80,93.83,150.00,9.00,0.03,29.76,null,3.00,null,SCT,OVC,   ,   ,6000.00,7500.00,null,null,null,null,null,null,null,null,null,62.60,KCKM 260535Z AUTO 15009KT 3SM SCT060 OVC075 17/16 A2976 RMK AO1 P0003,null
OLV,2011-04-26 05:35,-89.7869,34.9787,122.50,57.20,57.20,100.00,140.00,6.00,null,29.76,null,3.00,null,FEW,SCT,OVC,   ,100.00,3200.00,4700.00,null,null,null,null,null,null,null,null,57.20,KOLV 260535Z AUTO 14006KT 3SM FEW001 SCT032 OVC047 14/14 A2976 RMK A01 P005,null
UTA,2011-04-26 05:35,-90.3467,34.6811,59.00,60.80,60.80,100.00,160.00,13.00,0.17,29.74,null,7.00,null,BKN,OVC,   ,   ,400.00,1100.00,null,null,TSRA,null,null,null,null,null,null,60.80,KUTA 260535Z AUTO 16013KT 7SM TSRA BKN004 OVC011 16/16 A2974 RMK AO2 P0017 LTG DSNT ALQS,null
1R7,2011-04-26 05:35,-90.4093,31.6058,149.00,73.40,68.00,83.21,160.00,6.00,null,29.78,null,8.00,null,SCT,   ,   ,   ,2500.00,null,null,null,null,null,null,null,null,null,null,73.40,K1R7 260535Z AUTO 16006KT 8SM SCT025 23/20 A2978 RMK AO2,null
PIB,2011-04-26 05:35,-89.3371,31.4671,91.00,71.60,64.40,78.04,160.00,7.00,null,29.82,null,10.00,null,SCT,BKN,OVC,   ,2300.00,2800.00,8000.00,null,null,null,null,null,null,null,null,71.60,KPIB 260535Z AUTO 16007KT 10SM SCT023 BKN028 OVC080 22/18 A2982 RMK AO1,null
M16,2011-04-26 05:35,-90.4105,32.3045,75.30,73.40,66.20,78.19,180.00,10.00,null,29.76,null,10.00,null,FEW,   ,   ,   ,4500.00,null,null,null,null,null,null,null,null,null,null,73.40,KM16 260535Z AUTO 18010KT 10SM FEW045 23/19 A2976 RMK AO2 LTG DSNT N AND NW,null
UOX,2011-04-26 05:35,-89.5368,34.3843,137.80,59.00,57.20,93.74,220.00,4.00,0.32,29.81,null,3.00,null,BKN,BKN,OVC,   ,100.00,1200.00,3000.00,null,-TSRA,null,null,null,null,null,null,59.00,KUOX 260535Z AUTO 22004KT 3SM -TSRA BKN001 BKN012 OVC030 15/14 A2981 RMK AO2 P0032,null
MIS,2011-04-26 05:35,-88.8420,29.2960,32.00,84.20,71.60,65.95,230.00,21.00,null,29.83,null,3.00,null,   ,   ,   ,   ,null,null,null,null,HZ,null,null,null,null,null,null,89.60,KMIS 260535Z AUTO 23021KT 3SM HZ 29/22 A2983 RMK A01,null
GLH,2011-04-26 05:36,-90.9856,33.4829,40.00,62.60,62.60,100.00,310.00,5.00,0.79,29.69,null,2.00,null,SCT,BKN,OVC,   ,800.00,3300.00,4900.00,null,TSRA BR,null,null,null,null,null,null,62.60,KGLH 260536Z AUTO 31005KT 2SM TSRA BR SCT008 BKN033 OVC049 17/17 A2969 RMK AO2 LTG DSNT ALQDS PRESFR P0079,null
GWO,2011-04-26 05:39,-90.0847,33.4943,47.00,64.40,59.00,82.62,0.00,6.00,0.12,29.80,null,2.00,23.00,FEW,BKN,OVC,   ,1800.00,3600.00,5000.00,null,-TSRA,null,null,null,null,null,null,64.40,KGWO 260539Z AUTO VRB06G23KT 2SM -TSRA FEW018 BKN036 OVC050 18/15 A2980 RMK AO2 WSHFT 0521 LTG DSNT W-NE TSB19RAB31 P0012,null
GWO,2011-04-26 05:41,-90.0847,33.4943,47.00,62.60,59.00,88.00,340.00,7.00,0.19,29.79,null,1.50,20.00,FEW,SCT,OVC,   ,500.00,2800.00,3600.00,null,+TSRA BR,null,null,null,null,null,null,62.60,KGWO 260541Z AUTO 34007G20KT 320V030 1 1/2SM +TSRA BR FEW005 SCT028 OVC036 17/15 A2979 RMK AO2 WSHFT 0521 LTG DSNT W-NE TSB19RAB31 P0019,null
GLH,2011-04-26 05:45,-90.9856,33.4829,40.00,62.60,60.80,93.83,300.00,5.00,0.79,29.70,null,9.00,null,FEW,BKN,OVC,   ,1000.00,3900.00,7000.00,null,-TSRA,null,null,null,null,null,null,62.60,KGLH 260545Z AUTO 30005KT 9SM -TSRA FEW010 BKN039 OVC070 17/16 A2970 RMK AO2 LTG DSNT ALQDS P0079,null
BIX,2011-04-26 05:47,-88.9244,30.4104,10.00,77.00,71.60,83.44,190.00,14.00,null,29.83,1010.30,10.00,19.00,SCT,SCT,BKN,   ,2000.00,2600.00,3200.00,null,null,null,null,null,null,null,null,78.32,KBIX 260547Z AUTO 19014G19KT 10SM SCT020 SCT026 BKN032 25/22 A2983 RMK AO2 SCT026 V BKN SLP103,null
BIX,2011-04-26 05:48,-88.9244,30.4104,10.00,77.00,71.60,83.44,190.00,15.00,null,29.83,1010.30,10.00,19.00,SCT,BKN,BKN,   ,2000.00,2600.00,3200.00,null,null,null,null,null,null,null,null,78.32,KBIX 260548Z AUTO 19015G19KT 10SM SCT020 BKN026 BKN032 25/22 A2983 RMK AO2 BKN026 V SCT SLP103,null
BIX,2011-04-26 05:52,-88.9244,30.4104,10.00,77.00,71.60,83.44,200.00,13.00,null,29.83,1010.30,10.00,null,SCT,SCT,BKN,   ,2000.00,2600.00,3200.00,null,null,null,null,null,null,null,null,78.32,KBIX 260552Z AUTO 20013KT 10SM SCT020 SCT026 BKN032 25/22 A2983 RMK AO2 SLP103,null
PQL,2011-04-26 05:53,-88.5319,30.4636,5.00,75.00,68.00,78.81,0.00,5.00,null,29.84,1010.60,10.00,null,SCT,BKN,   ,   ,2500.00,3700.00,null,null,null,null,null,null,null,null,null,75.02,KPQL 260553Z AUTO VRB05KT 10SM SCT025 BKN037 24/20 A2984 RMK AO2 SLP106 T02390200 10250 20239 402780183 53011,null
GPT,2011-04-26 05:53,-89.0701,30.4073,9.00,78.00,69.00,73.88,180.00,11.00,null,29.82,1009.80,10.00,16.00,BKN,BKN,BKN,   ,2000.00,2800.00,4000.00,null,null,null,null,null,null,null,null,80.26,KGPT 260553Z AUTO 18011G16KT 10SM BKN020 BKN028 BKN040 26/21 A2982 RMK AO2 SLP098 T02560206 10261 20250 402830239 53012,null
HBG,2011-04-26 05:53,-89.2529,31.2649,46.00,73.00,68.00,84.22,140.00,9.00,null,29.81,1009.10,10.00,null,FEW,SCT,SCT,   ,3100.00,5000.00,8000.00,null,null,null,null,null,null,null,null,73.04,KHBG 260553Z AUTO 14009KT 10SM FEW031 SCT050 SCT080 23/20 A2981 RMK AO2 SLP091 T02280200 10250 20222 403060217 50009 TSNO,null
MCB,2011-04-26 05:53,-90.4700,31.1800,126.00,74.00,69.00,84.80,180.00,7.00,null,29.78,1007.70,10.00,null,BKN,   ,   ,   ,8000.00,null,null,null,null,null,null,null,null,null,null,75.02,KMCB 260553Z AUTO 18007KT 10SM BKN080 23/21 A2978 RMK AO2 SLP077 T02330206 10261 20233 403110206 50007,null
HKS,2011-04-26 05:53,-90.2225,32.3348,104.00,73.00,67.00,81.14,160.00,9.00,null,29.77,1007.00,10.00,null,SCT,BKN,BKN,   ,2900.00,3700.00,8000.00,null,null,null,null,null,null,null,null,73.04,KHKS 260553Z AUTO 16009KT 10SM SCT029 BKN037 BKN080 23/19 A2977 RMK AO2 LTG DSNT NW SLP070 T02280194 10267 20228 403060211 51013,null
GLH,2011-04-26 05:53,-90.9856,33.4829,40.00,62.00,62.00,100.00,140.00,4.00,0.80,29.68,1005.50,8.00,null,SCT,BKN,OVC,   ,2100.00,3300.00,6000.00,null,-TSRA,null,null,null,null,null,null,62.06,KGLH 260553Z AUTO 14004KT 8SM -TSRA SCT021 BKN033 OVC060 17/17 A2968 RMK AO2 LTG DSNT ALQDS SLP055 P0080 60155 T01670167 10267 20161 402830161 50009,null
BIX,2011-04-26 05:54,-88.9244,30.4104,10.00,77.00,71.60,83.44,190.00,12.00,null,29.83,1010.30,10.00,19.00,SCT,BKN,BKN,   ,2000.00,2600.00,3200.00,null,null,null,null,null,null,null,null,78.32,KBIX 260554Z AUTO 19012G19KT 10SM SCT020 BKN026 BKN032 25/22 A2983 RMK AO2 BKN026 V SCT SLP103,null
JAN,2011-04-26 05:54,-90.0800,32.3200,101.00,73.00,68.00,84.22,160.00,8.00,null,29.77,1007.50,10.00,null,FEW,SCT,   ,   ,3000.00,8000.00,null,null,null,null,null,null,null,null,null,73.04,KJAN 260554Z 16008KT 10SM FEW030 SCT080 23/20 A2977 RMK AO2 SLP075 T02280200 10267 20228 403000217 51016,null
CBM,2011-04-26 05:55,-88.4438,33.6438,67.00,72.86,65.48,77.66,180.00,11.00,null,29.81,1009.40,10.00,null,FEW,   ,   ,   ,7500.00,null,null,null,null,null,null,null,null,null,null,72.86,KCBM 260555Z AUTO 18011KT 10SM FEW075 23/19 A2981 RMK AO2 SLP094 T02270186 10260 20227 402930176 51027 $,null
BIX,2011-04-26 05:55,-88.9244,30.4104,10.00,77.18,71.24,81.93,190.00,11.00,null,29.83,1010.30,10.00,null,SCT,BKN,BKN,   ,2000.00,2600.00,3200.00,null,null,null,null,null,null,null,null,78.45,KBIX 260555Z AUTO 19011KT 10SM SCT020 BKN026 BKN032 25/22 A2983 RMK AO2 BKN026 V SCT SLP103 T02510218 10257 20251 402910239 53012,null
MIS,2011-04-26 05:55,-88.8420,29.2960,32.00,84.20,73.40,70.08,230.00,16.00,null,29.83,null,3.00,22.00,   ,   ,   ,   ,null,null,null,null,HZ,null,null,null,null,null,null,90.94,KMIS 260555Z AUTO 23016G22KT 3SM HZ 29/23 A2983 RMK A01,null
UTA,2011-04-26 05:55,-90.3467,34.6811,59.00,62.60,60.80,93.83,140.00,16.00,0.22,29.71,null,7.00,null,SCT,BKN,OVC,   ,400.00,2000.00,2500.00,null,TSRA,null,null,null,null,null,null,62.60,KUTA 260555Z AUTO 14016KT 7SM TSRA SCT004 BKN020 OVC025 17/16 A2971 RMK AO2 P0022 LTG DSNT ALQS,null
DLP,2011-04-26 05:55,-89.5472,29.1214,0.00,78.80,73.40,83.55,170.00,12.00,null,29.80,null,6.00,20.00,CLR,   ,   ,   ,null,null,null,null,BR,null,null,null,null,null,null,82.03,KDLP 260555Z AUTO 17012G20KT 6SM BR CLR 26/23 A2980 RMK A01,null
GTR,2011-04-26 05:55,-88.5914,33.4503,80.00,71.60,66.20,83.09,160.00,10.00,null,29.82,null,10.00,null,FEW,SCT,BKN,   ,3300.00,5500.00,7000.00,null,null,null,null,null,null,null,null,71.60,KGTR 260555Z 16010KT 10SM FEW033 SCT055 BKN070 22/19 A2982 RMK AO1 52027,null
MYT,2011-04-26 05:55,-89.6150,28.2206,0.00,78.80,71.60,78.62,180.00,19.00,null,29.79,null,1.50,null,SCT,   ,   ,   ,2900.00,null,null,null,HZ,null,null,null,null,null,null,81.70,KMYT 260555Z AUTO 18019KT 1 1/2SM HZ SCT029 26/22 A2979 RMK A01,null
CKM,2011-04-26 05:55,-90.5123,34.2997,52.70,60.80,60.80,100.00,120.00,12.00,0.05,29.70,null,4.00,null,BKN,OVC,   ,   ,5000.00,7500.00,null,null,null,null,null,null,null,null,null,60.80,KCKM 260555Z AUTO 12012KT 4SM BKN050 OVC075 16/16 A2970 RMK AO1 P0005,null
CRX,2011-04-26 05:55,-88.6035,34.9150,129.00,60.80,57.20,87.92,230.00,9.00,0.19,29.82,null,4.00,16.00,FEW,SCT,BKN,   ,400.00,3100.00,3700.00,null,TSRA,null,null,null,null,null,null,60.80,KCRX 260555Z AUTO 23009G16KT 4SM TSRA FEW004 SCT031 BKN037 16/14 A2982 RMK AO2 P0019,null
OLV,2011-04-26 05:55,-89.7869,34.9787,122.50,57.20,57.20,100.00,150.00,9.00,null,29.75,null,3.00,null,FEW,SCT,BKN,   ,200.00,1300.00,3300.00,null,null,null,null,null,null,null,null,57.20,KOLV 260555Z AUTO 15009KT 3SM FEW002 SCT013 BKN033 14/14 A2975 RMK A01 P011,null
M16,2011-04-26 05:55,-90.4105,32.3045,75.30,73.40,66.20,78.19,190.00,8.00,null,29.76,null,10.00,null,SCT,SCT,   ,   ,2800.00,4500.00,null,null,null,null,null,null,null,null,null,73.40,KM16 260555Z AUTO 19008KT 10SM SCT028 SCT045 23/19 A2976 RMK AO2,null
UOX,2011-04-26 05:55,-89.5368,34.3843,137.80,59.00,57.20,93.74,210.00,4.00,0.33,29.80,null,4.00,null,BKN,BKN,OVC,   ,100.00,900.00,5000.00,null,-TSRA,null,null,null,null,null,null,59.00,KUOX 260555Z AUTO 21004KT 4SM -TSRA BKN001 BKN009 OVC050 15/14 A2980 RMK AO2 P0033,null
PIB,2011-04-26 05:55,-89.3371,31.4671,91.00,71.60,64.40,78.04,150.00,5.00,null,29.82,null,10.00,null,FEW,BKN,OVC,   ,2300.00,4700.00,8000.00,null,null,null,null,null,null,null,null,71.60,KPIB 260555Z AUTO 15005KT 10SM FEW023 BKN047 OVC080 22/18 A2982 RMK AO1 10260 20220 52010,null
HEZ,2011-04-26 05:55,-91.2973,31.6137,83.00,73.40,66.20,78.19,180.00,11.00,null,29.71,null,10.00,17.00,CLR,   ,   ,   ,null,null,null,null,null,null,null,null,null,null,null,73.40,KHEZ 260555Z AUTO 18011G17KT 10SM CLR 23/19 A2971 RMK AO1 10260 20230 57003,null
1R7,2011-04-26 05:55,-90.4093,31.6058,149.00,73.40,68.00,83.21,160.00,8.00,null,29.78,null,7.00,null,FEW,SCT,   ,   ,2300.00,7500.00,null,null,null,null,null,null,null,null,null,73.40,K1R7 260555Z AUTO 16008KT 7SM FEW023 SCT075 23/20 A2978 RMK AO2,null
NMM,2011-04-26 05:56,-88.5556,32.5521,97.00,73.00,66.00,78.65,0.00,5.00,null,29.83,1010.90,10.00,null,BKN,   ,   ,   ,1800.00,null,null,null,null,null,null,null,null,null,null,73.04,KNMM 260556Z AUTO VRB05KT 10SM BKN018 23/19 A2983 RMK AO2 SLP109 T02280189 10267 20222 402940189 51024,null
MEI,2011-04-26 05:58,-88.7511,32.3347,94.00,72.00,68.00,87.35,170.00,9.00,null,29.82,1009.50,10.00,null,FEW,BKN,OVC,   ,1900.00,2400.00,3000.00,null,null,null,null,null,null,null,null,72.96,KMEI 260558Z AUTO 17009KT 10SM FEW019 BKN024 OVC030 22/20 A2982 RMK AO2 SLP095 T02220200 10261 20222 402940178 51010,null
GWO,2011-04-26 06:00,-90.0847,33.4943,47.00,60.80,59.00,93.79,320.00,6.00,0.06,29.78,null,1.25,null,FEW,BKN,OVC,   ,600.00,3600.00,4300.00,null,+TSRA BR,null,null,null,null,null,null,60.80,KGWO 260600Z AUTO 32006KT 1 1/4SM +TSRA BR FEW006 BKN036 OVC043 16/15 A2978 RMK AO2 LTG DSNT ALQDS P0006,null
TUP,2011-04-26 06:02,-88.7711,34.2608,110.00,62.60,55.40,77.29,300.00,13.00,0.04,29.85,null,2.00,35.00,FEW,BKN,OVC,   ,1200.00,3400.00,11000.00,null,+TSRA,null,null,null,27.00,320.00,2011-04-26 05:54,62.60,KTUP 260602Z AUTO 30013G35KT 2SM +TSRA FEW012 BKN034 OVC110 17/13 A2985 RMK AO2 PK WND 32027/0554 WSHFT 0540 TSB02RAB0558 PRESRR P0004,null
TUP,2011-04-26 06:06,-88.7711,34.2608,110.00,60.80,57.20,87.92,310.00,7.00,null,29.84,null,1.25,24.00,SCT,BKN,OVC,   ,1200.00,2900.00,11000.00,null,+TSRA BR,null,null,null,27.00,320.00,2011-04-26 05:54,60.80,KTUP 260606Z AUTO 31007G24KT 1 1/4SM +TSRA BR SCT012 BKN029 OVC110 16/14 A2984,null
BIX,2011-04-26 06:07,-88.9244,30.4104,10.00,77.00,71.60,83.44,190.00,12.00,null,29.83,1010.20,10.00,null,SCT,SCT,   ,   ,1900.00,2600.00,null,null,null,null,null,null,null,null,null,78.32,KBIX 260607Z AUTO 19012KT 10SM SCT019 SCT026 25/22 A2983 RMK AO2 SLP102,null
BIX,2011-04-26 06:11,-88.9244,30.4104,10.00,77.00,71.60,83.44,190.00,14.00,null,29.83,1010.20,10.00,null,SCT,BKN,   ,   ,1900.00,2600.00,null,null,null,null,null,null,null,null,null,78.32,KBIX 260611Z AUTO 19014KT 10SM SCT019 BKN026 25/22 A2983 RMK AO2 CIG 026V030 BKN V SCT SLP102,null
GWO,2011-04-26 06:12,-90.0847,33.4943,47.00,60.80,59.00,93.79,null,null,0.14,29.75,null,2.50,null,FEW,BKN,OVC,   ,800.00,3700.00,4700.00,null,-TSRA BR,null,null,null,null,null,null,60.80,KGWO 260612Z AUTO 00000KT 2 1/2SM -TSRA BR FEW008 BKN037 OVC047 16/15 A2975 RMK AO2 LTG DSNT ALQDS P0014,null
BIX,2011-04-26 06:13,-88.9244,30.4104,10.00,77.00,71.60,83.44,190.00,12.00,null,29.83,1010.20,10.00,null,SCT,SCT,   ,   ,1900.00,2600.00,null,null,null,null,null,null,null,null,null,78.32,KBIX 260613Z AUTO 19012KT 10SM SCT019 SCT026 25/22 A2983 RMK AO2 SLP102,null
TUP,2011-04-26 06:13,-88.7711,34.2608,110.00,60.80,57.20,87.92,280.00,7.00,0.22,29.84,null,1.25,null,SCT,BKN,OVC,   ,1400.00,3100.00,5000.00,null,+TSRA BR,null,null,null,27.00,320.00,2011-04-26 05:54,60.80,KTUP 260613Z AUTO 28007KT 1 1/4SM +TSRA BR SCT014 BKN031 OVC050 16/14 A2984 RMK AO2 PK WND 32027/0554 WSHFT 0540 TSB02RAB0558 P0022,null
MEI,2011-04-26 06:13,-88.7511,32.3347,94.00,71.60,68.00,88.43,180.00,6.00,null,29.83,null,10.00,null,FEW,SCT,OVC,   ,2000.00,2800.00,8500.00,null,null,null,null,null,null,null,null,72.62,KMEI 260613Z AUTO 18006KT 10SM FEW020 SCT028 OVC085 22/20 A2983 RMK AO2,null
OLV,2011-04-26 06:15,-89.7869,34.9787,122.50,57.20,57.20,100.00,150.00,11.00,null,29.73,null,5.00,null,SCT,BKN,OVC,   ,300.00,1100.00,3700.00,null,null,null,null,null,null,null,null,57.20,KOLV 260615Z AUTO 15011KT 5SM SCT003 BKN011 OVC037 14/14 A2973 RMK A01 P004,null
HEZ,2011-04-26 06:15,-91.2973,31.6137,83.00,73.40,64.40,73.44,190.00,10.00,null,29.72,null,10.00,16.00,FEW,   ,   ,   ,3200.00,null,null,null,null,null,null,null,null,null,null,73.40,KHEZ 260615Z AUTO 19010G16KT 10SM FEW032 23/18 A2972 RMK AO1,null
CRX,2011-04-26 06:15,-88.6035,34.9150,129.00,59.00,57.20,93.74,210.00,5.00,0.02,29.81,null,5.00,null,FEW,SCT,BKN,   ,300.00,3400.00,4500.00,null,VCTS -RA,null,null,null,null,null,null,59.00,KCRX 260615Z AUTO 21005KT 5SM VCTS -RA FEW003 SCT034 BKN045 15/14 A2981 RMK AO2 P0002,null
DLP,2011-04-26 06:15,-89.5472,29.1214,0.00,78.80,73.40,83.55,170.00,14.00,null,29.80,null,6.00,20.00,CLR,   ,   ,   ,null,null,null,null,HZ,null,null,null,null,null,null,82.03,KDLP 260615Z AUTO 17014G20KT 6SM HZ CLR 26/23 A2980 RMK A01,null
UOX,2011-04-26 06:15,-89.5368,34.3843,137.80,59.00,57.20,93.74,null,null,null,29.79,null,5.00,null,SCT,BKN,OVC,   ,100.00,1700.00,4600.00,null,VCTS -RA,null,null,null,null,null,null,59.00,KUOX 260615Z AUTO 00000KT 5SM VCTS -RA SCT001 BKN017 OVC046 15/14 A2979 RMK AO2 LTG DSNT ALQDS,null
MYT,2011-04-26 06:15,-89.6150,28.2206,0.00,78.80,71.60,78.62,180.00,16.00,null,29.79,null,1.50,22.00,CLR,   ,   ,   ,null,null,null,null,HZ,null,null,null,null,null,null,81.70,KMYT 260615Z AUTO 18016G22KT 1 1/2SM HZ CLR 26/22 A2979 RMK A01,null
UTA,2011-04-26 06:15,-90.3467,34.6811,59.00,62.60,60.80,93.83,130.00,21.00,0.02,29.62,null,10.00,25.00,SCT,BKN,OVC,   ,400.00,1500.00,2600.00,null,-RA,null,null,null,null,null,null,62.60,KUTA 260615Z AUTO 13021G25KT 10SM -RA SCT004 BKN015 OVC026 17/16 A2962 RMK AO2 P0002 LTG DSNT NE THRU SW,null
PIB,2011-04-26 06:15,-89.3371,31.4671,91.00,71.60,64.40,78.04,150.00,5.00,null,29.82,null,10.00,null,FEW,OVC,   ,   ,2600.00,4900.00,null,null,null,null,null,null,null,null,null,71.60,KPIB 260615Z AUTO 15005KT 10SM FEW026 OVC049 22/18 A2982 RMK AO1,null
MIS,2011-04-26 06:15,-88.8420,29.2960,32.00,84.20,73.40,70.08,230.00,15.00,null,29.83,null,3.00,null,CLR,   ,   ,   ,null,null,null,null,HZ,null,null,null,null,null,null,90.94,KMIS 260615Z AUTO 23015KT 3SM HZ CLR 29/23 A2983 RMK A01,null
M16,2011-04-26 06:15,-90.4105,32.3045,75.30,73.40,66.20,78.19,160.00,8.00,null,29.74,null,10.00,null,SCT,BKN,BKN,   ,2800.00,3500.00,4200.00,null,null,null,null,null,null,null,null,73.40,KM16 260615Z AUTO 16008KT 010V020 10SM SCT028 BKN035 BKN042 23/19 A2974 RMK AO2,null
CKM,2011-04-26 06:15,-90.5123,34.2997,52.70,60.80,60.80,100.00,120.00,16.00,0.01,29.66,null,8.00,null,FEW,SCT,BKN,   ,5000.00,6000.00,7500.00,null,null,null,null,null,null,null,null,60.80,KCKM 260615Z AUTO 12016KT 8SM FEW050 SCT060 BKN075 16/16 A2966 RMK AO1 P0001,null
GTR,2011-04-26 06:15,-88.5914,33.4503,80.00,71.60,66.20,83.09,160.00,10.00,null,29.81,null,10.00,null,BKN,BKN,   ,   ,5500.00,10000.00,null,null,null,null,null,null,null,null,null,71.60,KGTR 260615Z 16010KT 10SM BKN055 BKN100 22/19 A2981 RMK AO1,null
1R7,2011-04-26 06:15,-90.4093,31.6058,149.00,73.40,68.00,83.21,160.00,6.00,null,29.78,null,7.00,null,SCT,   ,   ,   ,2100.00,null,null,null,null,null,null,null,null,null,null,73.40,K1R7 260615Z AUTO 16006KT 7SM SCT021 23/20 A2978 RMK AO2,null
BIX,2011-04-26 06:16,-88.9244,30.4104,10.00,77.00,71.60,83.44,190.00,13.00,null,29.83,1010.20,10.00,null,SCT,BKN,   ,   ,1900.00,2600.00,null,null,null,null,null,null,null,null,null,78.32,KBIX 260616Z AUTO 19013KT 10SM SCT019 BKN026 25/22 A2983 RMK AO2 BKN V SCT SLP102,null
GWO,2011-04-26 06:19,-90.0847,33.4943,47.00,60.80,59.00,93.79,null,null,0.16,29.74,null,3.00,null,FEW,BKN,OVC,   ,800.00,3700.00,4600.00,null,TSRA BR,null,null,null,null,null,null,60.80,KGWO 260619Z AUTO 00000KT 3SM TSRA BR FEW008 BKN037 OVC046 16/15 A2974 RMK AO2 LTG DSNT W-NE PRESFR P0016,null
BIX,2011-04-26 06:22,-88.9244,30.4104,10.00,77.00,71.60,83.44,190.00,13.00,null,29.83,1010.30,10.00,null,SCT,SCT,   ,   ,2000.00,2600.00,null,null,null,null,null,null,null,null,null,78.32,KBIX 260622Z AUTO 19013KT 10SM SCT020 SCT026 25/22 A2983 RMK AO2 SLP103,null
TUP,2011-04-26 06:24,-88.7711,34.2608,110.00,60.80,57.20,87.92,240.00,5.00,0.41,29.84,null,1.50,null,BKN,BKN,OVC,   ,1400.00,3200.00,5000.00,null,+TSRA BR,null,null,null,27.00,320.00,2011-04-26 05:54,60.80,KTUP 260624Z AUTO 24005KT 1 1/2SM +TSRA BR BKN014 BKN032 OVC050 16/14 A2984 RMK AO2 PK WND 32027/0554 WSHFT 0540 TSB02RAB0558 P0041,null
BIX,2011-04-26 06:28,-88.9244,30.4104,10.00,77.00,71.60,83.44,200.00,12.00,null,29.83,1010.30,10.00,null,SCT,BKN,   ,   ,2000.00,2500.00,null,null,null,null,null,null,null,null,null,78.32,KBIX 260628Z AUTO 20012KT 10SM SCT020 BKN025 25/22 A2983 RMK AO2 SLP103,null
TUP,2011-04-26 06:30,-88.7711,34.2608,110.00,60.80,57.20,87.92,250.00,6.00,0.47,29.82,null,1.75,null,FEW,BKN,OVC,   ,600.00,1600.00,3200.00,null,+TSRA BR,null,null,null,27.00,320.00,2011-04-26 05:54,60.80,KTUP 260630Z AUTO 25006KT 1 3/4SM +TSRA BR FEW006 BKN016 OVC032 16/14 A2982 RMK AO2 PK WND 32027/0554 WSHFT 0540 TSB02RAB0558 P0047,null
GLH,2011-04-26 06:30,-90.9856,33.4829,40.00,62.60,62.60,100.00,120.00,11.00,0.05,29.61,null,10.00,null,FEW,SCT,SCT,   ,2400.00,3800.00,5500.00,null,null,null,null,null,null,null,null,62.60,KGLH 260630Z AUTO 12011KT 10SM FEW024 SCT038 SCT055 17/17 A2961 RMK AO2 LTG DSNT NE AND E TSE24RAE26 P0005,null
M16,2011-04-26 06:35,-90.4105,32.3045,75.30,73.40,66.20,78.19,160.00,10.00,null,29.73,null,10.00,15.00,BKN,   ,   ,   ,4200.00,null,null,null,null,null,null,null,null,null,null,73.40,KM16 260635Z AUTO 16010G15KT 10SM BKN042 23/19 A2973 RMK AO2 LTG DSNT N,null
CKM,2011-04-26 06:35,-90.5123,34.2997,52.70,60.80,59.00,93.79,130.00,11.00,0.01,29.65,null,10.00,null,FEW,SCT,BKN,   ,6500.00,7000.00,10000.00,null,null,null,null,null,null,null,null,60.80,KCKM 260635Z AUTO 13011KT 10SM FEW065 SCT070 BKN100 16/15 A2965 RMK AO1 P0001,null
MYT,2011-04-26 06:35,-89.6150,28.2206,0.00,78.80,71.60,78.62,180.00,16.00,null,29.79,null,1.50,null,CLR,   ,   ,   ,null,null,null,null,HZ,null,null,null,null,null,null,81.70,KMYT 260635Z AUTO 18016KT 1 1/2SM HZ CLR 26/22 A2979 RMK A01,null
1R7,2011-04-26 06:35,-90.4093,31.6058,149.00,73.40,69.80,88.51,170.00,5.00,null,29.77,null,7.00,null,BKN,BKN,   ,   ,2100.00,2500.00,null,null,null,null,null,null,null,null,null,74.60,K1R7 260635Z AUTO 17005KT 7SM BKN021 BKN025 23/21 A2977 RMK AO2,null
OLV,2011-04-26 06:35,-89.7869,34.9787,122.50,57.20,57.20,100.00,130.00,14.00,null,29.65,null,5.00,null,FEW,BKN,OVC,   ,300.00,1500.00,4000.00,null,null,null,null,null,null,null,null,57.20,KOLV 260635Z AUTO 13014KT 5SM FEW003 BKN015 OVC040 14/14 A2965 RMK A01 P009,null
DLP,2011-04-26 06:35,-89.5472,29.1214,0.00,78.80,73.40,83.55,170.00,12.00,null,29.80,null,6.00,19.00,FEW,   ,   ,   ,2900.00,null,null,null,HZ,null,null,null,null,null,null,82.03,KDLP 260635Z AUTO 17012G19KT 6SM HZ FEW029 26/23 A2980 RMK A01,null
PIB,2011-04-26 06:35,-89.3371,31.4671,91.00,71.60,64.40,78.04,140.00,6.00,null,29.81,null,10.00,null,SCT,BKN,OVC,   ,2400.00,4900.00,8000.00,null,null,null,null,null,null,null,null,71.60,KPIB 260635Z AUTO 14006KT 10SM SCT024 BKN049 OVC080 22/18 A2981 RMK AO1,null
HEZ,2011-04-26 06:35,-91.2973,31.6137,83.00,75.20,66.20,73.61,180.00,7.00,null,29.72,null,10.00,null,BKN,BKN,   ,   ,3000.00,3400.00,null,null,null,null,null,null,null,null,null,75.20,KHEZ 260635Z AUTO 18007KT 10SM BKN030 BKN034 24/19 A2972 RMK AO1,null
MIS,2011-04-26 06:35,-88.8420,29.2960,32.00,84.20,73.40,70.08,230.00,14.00,null,29.83,null,3.00,19.00,   ,   ,   ,   ,null,null,null,null,HZ,null,null,null,null,null,null,90.94,KMIS 260635Z AUTO 23014G19KT 3SM HZ 29/23 A2983 RMK A01,null
CRX,2011-04-26 06:35,-88.6035,34.9150,129.00,59.00,57.20,93.74,150.00,5.00,0.03,29.80,null,5.00,null,SCT,BKN,OVC,   ,4700.00,7500.00,10000.00,null,VCTS -RA,null,null,null,null,null,null,59.00,KCRX 260635Z AUTO 15005KT 5SM VCTS -RA SCT047 BKN075 OVC100 15/14 A2980 RMK AO2 LTG DSNT ALQDS P0003,null
UOX,2011-04-26 06:35,-89.5368,34.3843,137.80,59.00,57.20,93.74,null,null,0.01,29.76,null,6.00,null,SCT,BKN,BKN,   ,100.00,2800.00,4600.00,null,VCTS -RA,null,null,null,null,null,null,59.00,KUOX 260635Z AUTO 00000KT 6SM VCTS -RA SCT001 BKN028 BKN046 15/14 A2976 RMK AO2 LTG DSNT ALQDS P0001,null
GTR,2011-04-26 06:35,-88.5914,33.4503,80.00,71.60,66.20,83.09,160.00,8.00,null,29.81,null,10.00,14.00,SCT,BKN,OVC,   ,5500.00,8000.00,9000.00,null,null,null,null,null,null,null,null,71.60,KGTR 260635Z 16008G14KT 10SM SCT055 BKN080 OVC090 22/19 A2981 RMK AO1,null
UTA,2011-04-26 06:35,-90.3467,34.6811,59.00,60.80,60.80,100.00,130.00,15.00,0.02,29.63,null,10.00,null,SCT,SCT,SCT,   ,600.00,1000.00,1500.00,null,-DZ,null,null,null,null,null,null,60.80,KUTA 260635Z AUTO 13015KT 10SM -DZ SCT006 SCT010 SCT015 16/16 A2963 RMK AO2 P0002 LTG DSNT ALQS,null
GWO,2011-04-26 06:38,-90.0847,33.4943,47.00,60.80,60.80,100.00,120.00,5.00,0.20,29.74,null,4.00,null,SCT,BKN,OVC,   ,3400.00,4300.00,5500.00,null,+RA BR,null,null,null,null,null,null,60.80,KGWO 260638Z AUTO 12005KT 4SM +RA BR SCT034 BKN043 OVC055 16/16 A2974 RMK AO2 LTG DSNT W-NE TSE32 P0020,null
TUP,2011-04-26 06:38,-88.7711,34.2608,110.00,60.80,57.20,87.92,null,null,0.53,29.81,null,2.50,null,FEW,BKN,OVC,   ,600.00,2000.00,8000.00,null,TSRA BR,null,null,null,27.00,320.00,2011-04-26 05:54,60.80,KTUP 260638Z AUTO 00000KT 2 1/2SM TSRA BR FEW006 BKN020 OVC080 16/14 A2981 RMK AO2 PK WND 32027/0554 WSHFT 0540 TSB02RAB0558 P0053,null
GPT,2011-04-26 06:48,-89.0701,30.4073,9.00,78.80,69.80,73.95,170.00,8.00,null,29.81,null,10.00,19.00,SCT,BKN,BKN,   ,2000.00,3100.00,4700.00,null,null,null,null,null,null,null,null,81.39,KGPT 260648Z AUTO 17008G19KT 10SM SCT020 BKN031 BKN047 26/21 A2981 RMK AO2,null
GWO,2011-04-26 06:49,-90.0847,33.4943,47.00,60.80,60.80,100.00,100.00,4.00,0.23,29.73,null,5.00,null,SCT,BKN,OVC,   ,3200.00,3800.00,5000.00,null,VCTS -RA BR,null,null,null,null,null,null,60.80,KGWO 260649Z AUTO 10004KT 5SM VCTS -RA BR SCT032 BKN038 OVC050 16/16 A2973 RMK AO2 LTG DSNT NW-NE TSE32B43 P0023,null
GPT,2011-04-26 06:53,-89.0701,30.4073,9.00,77.00,70.00,78.96,180.00,10.00,null,29.80,1009.10,10.00,19.00,FEW,SCT,BKN,   ,2000.00,3100.00,4800.00,null,null,null,null,null,null,null,null,78.11,KGPT 260653Z AUTO 18010G19KT 10SM FEW020 SCT031 BKN048 25/21 A2980 RMK AO2 SLP091 T02500211,null
HKS,2011-04-26 06:53,-90.2225,32.3348,104.00,73.00,67.00,81.14,160.00,11.00,null,29.74,1006.30,10.00,null,FEW,BKN,BKN,   ,3500.00,4300.00,11000.00,null,null,null,null,null,null,null,null,73.04,KHKS 260653Z AUTO 16011KT 10SM FEW035 BKN043 BKN110 23/19 A2974 RMK AO2 SLP063 T02280194,null
MCB,2011-04-26 06:53,-90.4700,31.1800,126.00,73.00,69.00,87.41,170.00,8.00,null,29.75,1006.80,10.00,null,CLR,   ,   ,   ,null,null,null,null,null,null,null,null,null,null,null,74.15,KMCB 260653Z AUTO 17008KT 10SM CLR 23/21 A2975 RMK AO2 SLP068 T02280206,null
HBG,2011-04-26 06:53,-89.2529,31.2649,46.00,72.00,68.00,87.35,130.00,6.00,null,29.79,1008.60,10.00,null,SCT,SCT,BKN,   ,2300.00,2700.00,5000.00,null,null,null,null,null,null,null,null,72.96,KHBG 260653Z AUTO 13006KT 10SM SCT023 SCT027 BKN050 22/20 A2979 RMK AO2 SLP086 T02220200 TSNO,null
PQL,2011-04-26 06:53,-88.5319,30.4636,5.00,75.00,68.00,78.81,170.00,5.00,null,29.82,1010.10,10.00,null,SCT,SCT,BKN,   ,2400.00,3000.00,4000.00,null,null,null,null,null,null,null,null,75.02,KPQL 260653Z AUTO 17005KT 10SM SCT024 SCT030 BKN040 24/20 A2982 RMK AO2 SLP101 T02390200,null
GLH,2011-04-26 06:53,-90.9856,33.4829,40.00,62.00,62.00,100.00,130.00,10.00,0.06,29.62,1003.50,10.00,null,FEW,   ,   ,   ,3300.00,null,null,null,null,null,null,null,null,null,null,62.06,KGLH 260653Z AUTO 13010KT 10SM FEW033 17/17 A2962 RMK AO2 TSE24RAE26 SLP035 P0006 T01670167,null
JAN,2011-04-26 06:54,-90.0800,32.3200,101.00,73.00,68.00,84.22,170.00,7.00,null,29.75,1006.80,10.00,null,FEW,BKN,   ,   ,3000.00,4300.00,null,null,null,null,null,null,null,null,null,73.04,KJAN 260654Z 17007KT 10SM FEW030 BKN043 23/20 A2975 RMK AO2 SLP068 T02280200,null
UOX,2011-04-26 06:55,-89.5368,34.3843,137.80,59.00,57.20,93.74,null,null,0.03,29.72,null,4.00,null,SCT,BKN,BKN,   ,100.00,2600.00,4700.00,null,-RA,null,null,null,null,null,null,59.00,KUOX 260655Z AUTO 00000KT 4SM -RA SCT001 BKN026 BKN047 15/14 A2972 RMK AO2 LTG DSNT ALQDS P0003,null
CKM,2011-04-26 06:55,-90.5123,34.2997,52.70,60.80,59.00,93.79,130.00,10.00,0.07,29.66,null,7.00,null,FEW,SCT,BKN,   ,500.00,6500.00,7500.00,null,null,null,null,null,null,null,null,60.80,KCKM 260655Z AUTO 13010KT 7SM FEW005 SCT065 BKN075 16/15 A2966 RMK AO1 P0007,null
CRX,2011-04-26 06:55,-88.6035,34.9150,129.00,59.00,57.20,93.74,160.00,6.00,0.03,29.78,null,9.00,null,FEW,SCT,BKN,   ,4600.00,6500.00,7500.00,null,-TSRA,null,null,null,null,null,null,59.00,KCRX 260655Z AUTO 16006KT 9SM -TSRA FEW046 SCT065 BKN075 15/14 A2978 RMK AO2 LTG DSNT ALQDS P0003,null
UTA,2011-04-26 06:55,-90.3467,34.6811,59.00,60.80,59.00,93.79,160.00,10.00,0.04,29.66,null,7.00,null,SCT,SCT,BKN,   ,800.00,1500.00,3500.00,null,+RA,null,null,null,null,null,null,60.80,KUTA 260655Z AUTO 16010KT 7SM +RA SCT008 SCT015 BKN035 16/15 A2966 RMK AO2 P0004 LTG DSNT E AND S,null
HEZ,2011-04-26 06:55,-91.2973,31.6137,83.00,75.20,66.20,73.61,180.00,9.00,null,29.72,null,10.00,null,OVC,   ,   ,   ,2800.00,null,null,null,null,null,null,null,null,null,null,75.20,KHEZ 260655Z AUTO 18009KT 10SM OVC028 24/19 A2972 RMK AO1,null
M16,2011-04-26 06:55,-90.4105,32.3045,75.30,73.40,66.20,78.19,170.00,10.00,null,29.73,null,10.00,16.00,SCT,   ,   ,   ,4200.00,null,null,null,null,null,null,null,null,null,null,73.40,KM16 260655Z AUTO 17010G16KT 10SM SCT042 23/19 A2973 RMK AO2,null
PIB,2011-04-26 06:55,-89.3371,31.4671,91.00,71.60,64.40,78.04,140.00,7.00,null,29.80,null,10.00,null,FEW,SCT,OVC,   ,2400.00,4700.00,8000.00,null,null,null,null,null,null,null,null,71.60,KPIB 260655Z AUTO 14007KT 10SM FEW024 SCT047 OVC080 22/18 A2980 RMK AO1,null
MIS,2011-04-26 06:55,-88.8420,29.2960,32.00,84.20,73.40,70.08,230.00,15.00,null,29.83,null,3.00,null,   ,   ,   ,   ,null,null,null,null,HZ,null,null,null,null,null,null,90.94,KMIS 260655Z AUTO 23015KT 3SM HZ 29/23 A2983 RMK A01,null
OLV,2011-04-26 06:55,-89.7869,34.9787,122.50,57.20,57.20,100.00,130.00,12.00,null,29.63,null,10.00,21.00,FEW,SCT,BKN,   ,700.00,3800.00,10000.00,null,null,null,null,null,null,null,null,57.20,KOLV 260655Z AUTO 13012G21KT 10SM FEW007 SCT038 BKN100 14/14 A2963 RMK A01 P012,null
CBM,2011-04-26 06:55,-88.4438,33.6438,67.00,72.50,65.84,79.60,180.00,8.00,null,29.80,1009.20,10.00,null,SCT,BKN,   ,   ,5500.00,8000.00,null,null,null,null,null,null,null,null,null,72.50,KCBM 260655Z AUTO 18008KT 10SM SCT055 BKN080 23/19 A2980 RMK AO2 CIG 060 RWY31C SLP092 T02250188 $,null
MYT,2011-04-26 06:55,-89.6150,28.2206,0.00,78.80,71.60,78.62,180.00,16.00,null,29.79,null,1.75,null,SCT,   ,   ,   ,2700.00,null,null,null,HZ,null,null,null,null,null,null,81.70,KMYT 260655Z AUTO 18016KT 1 3/4SM HZ SCT027 26/22 A2979 RMK A01,null
GTR,2011-04-26 06:55,-88.5914,33.4503,80.00,71.60,66.20,83.09,160.00,11.00,null,29.80,null,10.00,null,FEW,BKN,OVC,   ,4900.00,7500.00,9000.00,null,null,null,null,null,null,null,null,71.60,KGTR 260655Z 16011KT 10SM FEW049 BKN075 OVC090 22/19 A2980 RMK AO1,null
BIX,2011-04-26 06:55,-88.9244,30.4104,10.00,77.54,72.32,83.98,190.00,13.00,null,29.81,1009.60,10.00,null,BKN,BKN,   ,   ,1800.00,2400.00,null,null,null,null,null,null,null,null,null,78.94,KBIX 260655Z AUTO 19013KT 10SM BKN018 BKN024 25/22 A2981 RMK AO2 CIG 016V022 SLP096 T02530224,null
1R7,2011-04-26 06:55,-90.4093,31.6058,149.00,73.40,69.80,88.51,160.00,5.00,null,29.77,null,7.00,null,OVC,   ,   ,   ,1900.00,null,null,null,null,null,null,null,null,null,null,74.60,K1R7 260655Z AUTO 16005KT 7SM OVC019 23/21 A2977 RMK AO2,null
DLP,2011-04-26 06:55,-89.5472,29.1214,0.00,78.80,73.40,83.55,160.00,13.00,null,29.79,null,6.00,19.00,FEW,   ,   ,   ,2900.00,null,null,null,HZ,null,null,null,null,null,null,82.03,KDLP 260655Z AUTO 16013G19KT 6SM HZ FEW029 26/23 A2979 RMK A01,null
NMM,2011-04-26 06:56,-88.5556,32.5521,97.00,73.00,66.00,78.65,160.00,6.00,null,29.81,1010.20,10.00,null,BKN,OVC,   ,   ,2000.00,9500.00,null,null,null,null,null,null,null,null,null,73.04,KNMM 260656Z AUTO 16006KT 10SM BKN020 OVC095 23/19 A2981 RMK AO2 SLP102 T02280189,null
TUP,2011-04-26 06:57,-88.7711,34.2608,110.00,60.80,57.20,87.92,190.00,4.00,T,29.78,null,5.00,null,FEW,BKN,OVC,   ,700.00,3200.00,8000.00,null,-TSRA BR,null,null,null,null,null,null,60.80,KTUP 260657Z AUTO 19004KT 5SM -TSRA BR FEW007 BKN032 OVC080 16/14 A2978 RMK AO2 P0000,null
MEI,2011-04-26 06:58,-88.7511,32.3347,94.00,72.00,68.00,87.35,160.00,10.00,null,29.81,1008.90,10.00,null,FEW,BKN,OVC,   ,2400.00,3400.00,8500.00,null,null,null,null,null,null,null,null,72.96,KMEI 260658Z AUTO 16010KT 10SM FEW024 BKN034 OVC085 22/20 A2981 RMK AO2 SLP089 T02220200,null
BIX,2011-04-26 07:01,-88.9244,30.4104,10.00,77.00,71.60,83.44,190.00,14.00,null,29.81,1009.50,10.00,null,SCT,   ,   ,   ,2000.00,null,null,null,null,null,null,null,null,null,null,78.32,KBIX 260701Z AUTO 19014KT 10SM SCT020 25/22 A2981 RMK AO2 SLP095,null
GWO,2011-04-26 07:04,-90.0847,33.4943,47.00,62.60,60.80,93.83,120.00,10.00,0.01,29.71,null,8.00,null,SCT,BKN,OVC,   ,3000.00,3800.00,5500.00,null,-RA,null,null,null,null,null,null,62.60,KGWO 260704Z AUTO 12010KT 8SM -RA SCT030 BKN038 OVC055 17/16 A2971 RMK AO2 LTG DSNT N AND NE TSE0658 PRESFR P0001,null
MCB,2011-04-26 07:13,-90.4700,31.1800,126.00,73.40,69.80,88.51,170.00,8.00,null,29.75,null,10.00,null,BKN,   ,   ,   ,1700.00,null,null,null,null,null,null,null,null,null,null,74.60,KMCB 260713Z AUTO 17008KT 10SM BKN017 23/21 A2975 RMK AO2,null
M16,2011-04-26 07:15,-90.4105,32.3045,75.30,73.40,66.20,78.19,170.00,7.00,null,29.73,null,10.00,null,FEW,SCT,   ,   ,2800.00,4200.00,null,null,null,null,null,null,null,null,null,73.40,KM16 260715Z AUTO 17007KT 10SM FEW028 SCT042 23/19 A2973 RMK AO2 LTG DSNT SW AND W,null
UTA,2011-04-26 07:15,-90.3467,34.6811,59.00,60.80,59.00,93.79,150.00,15.00,0.02,29.62,null,10.00,null,SCT,BKN,OVC,   ,700.00,1500.00,9500.00,null,-RA,null,null,null,null,null,null,60.80,KUTA 260715Z AUTO 15015KT 10SM -RA SCT007 BKN015 OVC095 16/15 A2962 RMK AO2 P0002 LTG DSNT S THRU W,null
CRX,2011-04-26 07:15,-88.6035,34.9150,129.00,59.00,57.20,93.74,130.00,7.00,0.01,29.75,null,7.00,null,FEW,SCT,BKN,   ,500.00,5000.00,6500.00,null,-RA,null,null,null,null,null,null,59.00,KCRX 260715Z AUTO 13007KT 7SM -RA FEW005 SCT050 BKN065 15/14 A2975 RMK AO2 LTG DSNT ALQDS P0001,null
MYT,2011-04-26 07:15,-89.6150,28.2206,0.00,78.80,71.60,78.62,180.00,14.00,null,29.78,null,1.50,null,SCT,   ,   ,   ,2700.00,null,null,null,HZ,null,null,null,null,null,null,81.70,KMYT 260715Z AUTO 18014KT 1 1/2SM HZ SCT027 26/22 A2978 RMK A01,null
DLP,2011-04-26 07:15,-89.5472,29.1214,0.00,77.00,73.40,88.67,160.00,15.00,null,29.78,null,6.00,21.00,FEW,   ,   ,   ,3000.00,null,null,null,HZ,null,null,null,null,null,null,78.57,KDLP 260715Z AUTO 16015G21KT 6SM HZ FEW030 25/23 A2978 RMK A01,null
UOX,2011-04-26 07:15,-89.5368,34.3843,137.80,57.20,57.20,100.00,null,null,null,29.73,null,6.00,null,BKN,BKN,BKN,   ,300.00,4500.00,10000.00,null,TSBR,null,null,null,null,null,null,57.20,KUOX 260715Z AUTO 00000KT 6SM TSBR BKN003 BKN045 BKN100 14/14 A2973 RMK AO2 LTG DSNT ALQDS,null
MIS,2011-04-26 07:15,-88.8420,29.2960,32.00,84.20,71.60,65.95,230.00,18.00,null,29.82,null,3.00,null,   ,   ,   ,   ,null,null,null,null,HZ,null,null,null,null,null,null,89.60,KMIS 260715Z AUTO 23018KT 3SM HZ 29/22 A2982 RMK A01,null
OLV,2011-04-26 07:15,-89.7869,34.9787,122.50,59.00,59.00,100.00,190.00,7.00,null,29.66,null,10.00,null,FEW,FEW,   ,   ,9000.00,11000.00,null,null,null,null,null,null,null,null,null,59.00,KOLV 260715Z AUTO 19007KT 10SM FEW090 FEW110 15/15 A2966 RMK A01 P000,null
GTR,2011-04-26 07:15,-88.5914,33.4503,80.00,71.60,66.20,83.09,150.00,9.00,null,29.79,null,10.00,null,OVC,   ,   ,   ,7500.00,null,null,null,null,null,null,null,null,null,null,71.60,KGTR 260715Z 15009KT 10SM OVC075 22/19 A2979 RMK AO1,null
GPT,2011-04-26 07:15,-89.0701,30.4073,9.00,77.00,69.80,78.48,180.00,13.00,null,29.80,null,10.00,19.00,FEW,BKN,BKN,   ,2000.00,2800.00,4700.00,null,null,null,null,null,null,null,null,78.09,KGPT 260715Z AUTO 18013G19KT 10SM FEW020 BKN028 BKN047 25/21 A2980 RMK AO2,null
HEZ,2011-04-26 07:15,-91.2973,31.6137,83.00,73.40,66.20,78.19,180.00,10.00,null,29.71,null,10.00,17.00,BKN,OVC,   ,   ,2600.00,3100.00,null,null,null,null,null,null,null,null,null,73.40,KHEZ 260715Z AUTO 18010G17KT 10SM BKN026 OVC031 23/19 A2971 RMK AO1 LTG DSNT N,null
CKM,2011-04-26 07:15,-90.5123,34.2997,52.70,60.80,59.00,93.79,140.00,6.00,0.41,29.66,null,0.50,null,OVC,   ,   ,   ,300.00,null,null,null,null,null,null,null,null,null,null,60.80,KCKM 260715Z AUTO 14006KT 1/2SM OVC003 16/15 A2966 RMK AO1 P0041,null
PIB,2011-04-26 07:15,-89.3371,31.4671,91.00,71.60,64.40,78.04,140.00,7.00,null,29.79,null,10.00,null,FEW,BKN,OVC,   ,2400.00,4700.00,8000.00,null,null,null,null,null,null,null,null,71.60,KPIB 260715Z AUTO 14007KT 10SM FEW024 BKN047 OVC080 22/18 A2979 RMK AO1,null
1R7,2011-04-26 07:15,-90.4093,31.6058,149.00,73.40,69.80,88.51,140.00,5.00,null,29.76,null,7.00,null,BKN,BKN,OVC,   ,1700.00,2200.00,4000.00,null,null,null,null,null,null,null,null,74.60,K1R7 260715Z AUTO 14005KT 7SM BKN017 BKN022 OVC040 23/21 A2976 RMK AO2 LTG DSNT W,null
NMM,2011-04-26 07:21,-88.5556,32.5521,97.00,71.60,66.20,83.09,150.00,6.00,null,29.79,null,10.00,null,SCT,BKN,   ,   ,1800.00,9500.00,null,null,null,null,null,null,null,null,null,71.60,KNMM 260721Z AUTO 15006KT 10SM SCT018 BKN095 22/19 A2979 RMK AO2,null
GPT,2011-04-26 07:23,-89.0701,30.4073,9.00,77.00,69.80,78.48,170.00,10.00,null,29.79,null,10.00,19.00,FEW,SCT,BKN,   ,2000.00,3100.00,4300.00,null,null,null,null,null,null,null,null,78.09,KGPT 260723Z AUTO 17010G19KT 10SM FEW020 SCT031 BKN043 25/21 A2979 RMK AO2,null
PQL,2011-04-26 07:25,-88.5319,30.4636,5.00,75.20,69.80,83.32,170.00,5.00,null,29.81,null,10.00,null,BKN,BKN,   ,   ,2200.00,3600.00,null,null,null,null,null,null,null,null,null,76.34,KPQL 260725Z AUTO 17005KT 10SM BKN022 BKN036 24/21 A2981 RMK AO2,null
TUP,2011-04-26 07:33,-88.7711,34.2608,110.00,60.80,57.20,87.92,170.00,9.00,0.02,29.75,null,10.00,null,FEW,BKN,OVC,   ,500.00,8000.00,9000.00,null,null,null,null,null,null,null,null,60.80,KTUP 260733Z AUTO 17009KT 10SM FEW005 BKN080 OVC090 16/14 A2975 RMK AO2 TSE27RAE24 P0002,null
M16,2011-04-26 07:35,-90.4105,32.3045,75.30,73.40,66.20,78.19,150.00,5.00,null,29.72,null,10.00,null,FEW,   ,   ,   ,2600.00,null,null,null,null,null,null,null,null,null,null,73.40,KM16 260735Z AUTO 15005KT 10SM FEW026 23/19 A2972 RMK AO2 LTG DSNT N AND SW,null
HKS,2011-04-26 07:35,-90.2225,32.3348,104.00,71.60,68.00,88.43,160.00,8.00,null,29.74,null,10.00,null,FEW,SCT,   ,   ,3300.00,4100.00,null,null,VCTS,null,null,null,null,null,null,72.62,KHKS 260735Z AUTO 16008KT 10SM VCTS FEW033 SCT041 22/20 A2974 RMK AO2 LTG DSNT S TSB29,null
UTA,2011-04-26 07:35,-90.3467,34.6811,59.00,60.80,59.00,93.79,170.00,14.00,0.05,29.67,null,7.00,18.00,SCT,BKN,BKN,   ,1300.00,2600.00,3600.00,null,VCTSRA,null,null,null,null,null,null,60.80,KUTA 260735Z AUTO 17014G18KT 7SM VCTSRA SCT013 BKN026 BKN036 16/15 A2967 RMK AO2 P0005 LTG DSNT E THRU SW,null
HEZ,2011-04-26 07:35,-91.2973,31.6137,83.00,73.40,66.20,78.19,170.00,8.00,null,29.70,null,10.00,null,OVC,   ,   ,   ,2600.00,null,null,null,null,null,null,null,null,null,null,73.40,KHEZ 260735Z AUTO 17008KT 10SM OVC026 23/19 A2970 RMK AO1 LTG DSNT NW,null
UOX,2011-04-26 07:35,-89.5368,34.3843,137.80,57.20,57.20,100.00,130.00,3.00,0.02,29.68,null,3.00,null,BKN,OVC,   ,   ,300.00,4700.00,null,null,-TSRA,null,null,null,null,null,null,57.20,KUOX 260735Z AUTO 13003KT 3SM -TSRA BKN003 OVC047 14/14 A2968 RMK AO2 LTG DSNT NW-E P0002,null
CKM,2011-04-26 07:35,-90.5123,34.2997,52.70,62.60,59.00,88.00,280.00,7.00,0.53,29.68,null,2.50,null,SCT,BKN,OVC,   ,300.00,800.00,4600.00,null,null,null,null,null,null,null,null,62.60,KCKM 260735Z AUTO 28007KT 2 1/2SM SCT003 BKN008 OVC046 17/15 A2968 RMK AO1 P0053,null
PIB,2011-04-26 07:35,-89.3371,31.4671,91.00,71.60,64.40,78.04,150.00,6.00,null,29.80,null,10.00,null,SCT,OVC,   ,   ,3800.00,4700.00,null,null,null,null,null,null,null,null,null,71.60,KPIB 260735Z AUTO 15006KT 10SM SCT038 OVC047 22/18 A2980 RMK AO1,null
MYT,2011-04-26 07:35,-89.6150,28.2206,0.00,77.00,73.40,88.67,180.00,13.00,null,29.77,null,1.50,null,BKN,   ,   ,   ,2400.00,null,null,null,HZ,null,null,null,null,null,null,78.57,KMYT 260735Z AUTO 18013KT 1 1/2SM HZ BKN024 25/23 A2977 RMK A01,null
OLV,2011-04-26 07:35,-89.7869,34.9787,122.50,59.00,59.00,100.00,160.00,11.00,null,29.64,null,6.00,15.00,SCT,BKN,BKN,   ,4100.00,7000.00,9500.00,null,null,null,null,null,null,null,null,59.00,KOLV 260735Z AUTO 16011G15KT 6SM SCT041 BKN070 BKN095 15/15 A2964 RMK A01 P000,null
CRX,2011-04-26 07:35,-88.6035,34.9150,129.00,59.00,59.00,100.00,140.00,9.00,0.02,29.74,null,10.00,null,BKN,BKN,OVC,   ,600.00,9000.00,12000.00,null,-RA,null,null,null,null,null,null,59.00,KCRX 260735Z AUTO 14009KT 10SM -RA BKN006 BKN090 OVC120 15/15 A2974 RMK AO2 LTG DSNT SW AND W P0002,null
GTR,2011-04-26 07:35,-88.5914,33.4503,80.00,71.60,66.20,83.09,150.00,11.00,null,29.78,null,10.00,null,BKN,OVC,   ,   ,7500.00,9500.00,null,null,null,null,null,null,null,null,null,71.60,KGTR 260735Z 15011KT 10SM BKN075 OVC095 22/19 A2978 RMK AO1,null
DLP,2011-04-26 07:35,-89.5472,29.1214,0.00,77.00,73.40,88.67,160.00,18.00,null,29.77,null,6.00,null,CLR,   ,   ,   ,null,null,null,null,HZ,null,null,null,null,null,null,78.57,KDLP 260735Z AUTO 16018KT 6SM HZ CLR 25/23 A2977 RMK A01,null
1R7,2011-04-26 07:35,-90.4093,31.6058,149.00,73.40,69.80,88.51,140.00,6.00,null,29.77,null,7.00,null,BKN,BKN,BKN,   ,1700.00,2200.00,3000.00,null,null,null,null,null,null,null,null,74.60,K1R7 260735Z AUTO 14006KT 7SM BKN017 BKN022 BKN030 23/21 A2977 RMK AO2 LTG DSNT W,null
MIS,2011-04-26 07:35,-88.8420,29.2960,32.00,84.20,73.40,70.08,230.00,16.00,null,29.81,null,3.00,null,   ,   ,   ,   ,null,null,null,null,HZ,null,null,null,null,null,null,90.94,KMIS 260735Z AUTO 23016KT 3SM HZ 29/23 A2981 RMK A01,null
PQL,2011-04-26 07:40,-88.5319,30.4636,5.00,75.20,69.80,83.32,0.00,3.00,null,29.81,null,10.00,null,SCT,SCT,   ,   ,2200.00,4100.00,null,null,null,null,null,null,null,null,null,76.34,KPQL 260740Z AUTO VRB03KT 10SM SCT022 SCT041 24/21 A2981 RMK AO2,null
TUP,2011-04-26 07:50,-88.7711,34.2608,110.00,60.80,57.20,87.92,180.00,7.00,null,29.76,null,10.00,null,FEW,OVC,   ,   ,400.00,7500.00,null,null,TS,null,null,null,null,null,null,60.80,KTUP 260750Z AUTO 18007KT 10SM TS FEW004 OVC075 16/14 A2976,null
NMM,2011-04-26 07:51,-88.5556,32.5521,97.00,71.60,66.20,83.09,150.00,4.00,null,29.78,null,10.00,null,SCT,BKN,OVC,   ,1600.00,2800.00,9500.00,null,null,null,null,null,null,null,null,71.60,KNMM 260751Z AUTO 15004KT 10SM SCT016 BKN028 OVC095 22/19 A2978 RMK AO2,null
HKS,2011-04-26 07:53,-90.2225,32.3348,104.00,73.00,68.00,84.22,160.00,9.00,null,29.74,1006.10,10.00,null,FEW,SCT,BKN,   ,2600.00,3500.00,4100.00,null,VCTS,null,null,null,null,null,null,73.04,KHKS 260753Z AUTO 16009KT 10SM VCTS FEW026 SCT035 BKN041 23/20 A2974 RMK AO2 LTG DSNT S AND SW TSB29 SLP061 T02280200,null
GWO,2011-04-26 07:53,-90.0847,33.4943,47.00,62.00,60.00,93.22,60.00,9.00,0.01,29.65,1003.90,10.00,null,FEW,BKN,   ,   ,3000.00,3800.00,null,null,null,null,null,null,null,null,null,62.06,KGWO 260753Z AUTO 06009KT 10SM FEW030 BKN038 17/16 A2965 RMK AO2 TSE0658RAE20 PRESFR SLP039 P0001 T01670156,null
MCB,2011-04-26 07:53,-90.4700,31.1800,126.00,73.00,70.00,90.14,170.00,8.00,null,29.75,1006.60,10.00,null,SCT,BKN,OVC,   ,1300.00,1800.00,2500.00,null,null,null,null,null,null,null,null,74.28,KMCB 260753Z AUTO 17008KT 10SM SCT013 BKN018 OVC025 23/21 A2975 RMK AO2 SLP066 T02280211,null
TUP,2011-04-26 07:53,-88.7711,34.2608,110.00,60.00,58.00,92.56,180.00,7.00,0.02,29.75,1007.20,10.00,null,FEW,OVC,   ,   ,400.00,7000.00,null,null,-TSRA,null,null,null,null,null,null,60.08,KTUP 260753Z AUTO 18007KT 10SM -TSRA FEW004 OVC070 16/14 A2975 RMK AO2 TSE27B44RAE24B51 SLP072 P0002 T01560144,null
GPT,2011-04-26 07:53,-89.0701,30.4073,9.00,77.00,70.00,78.96,180.00,14.00,null,29.78,1008.50,10.00,18.00,FEW,SCT,SCT,   ,2200.00,3300.00,4500.00,null,null,null,null,null,null,null,null,78.11,KGPT 260753Z AUTO 18014G18KT 10SM FEW022 SCT033 SCT045 25/21 A2978 RMK AO2 SLP085 T02500211,null
HBG,2011-04-26 07:53,-89.2529,31.2649,46.00,71.00,67.00,86.77,130.00,3.00,null,29.79,1008.30,10.00,null,FEW,   ,   ,   ,8500.00,null,null,null,null,null,null,null,null,null,null,71.06,KHBG 260753Z AUTO 13003KT 10SM FEW085 22/19 A2979 RMK AO2 SLP083 T02170194 TSNO,null
PQL,2011-04-26 07:53,-88.5319,30.4636,5.00,75.00,69.00,81.79,170.00,6.00,null,29.80,1009.20,10.00,null,FEW,SCT,SCT,   ,2000.00,2500.00,3500.00,null,null,null,null,null,null,null,null,76.07,KPQL 260753Z AUTO 17006KT 10SM FEW020 SCT025 SCT035 24/21 A2980 RMK AO2 SLP092 T02390206,null
GLH,2011-04-26 07:53,-90.9856,33.4829,40.00,64.00,63.00,96.28,130.00,11.00,null,29.59,1002.60,10.00,null,BKN,   ,   ,   ,3200.00,null,null,null,null,null,null,null,null,null,null,64.04,KGLH 260753Z AUTO 13011KT 10SM BKN032 18/17 A2959 RMK AO2 SLP026 T01780172,null
JAN,2011-04-26 07:54,-90.0800,32.3200,101.00,73.00,69.00,87.41,170.00,7.00,null,29.74,1006.50,10.00,16.00,FEW,SCT,OVC,   ,3000.00,4300.00,11000.00,null,null,null,null,null,null,null,null,74.15,KJAN 260754Z 17007G16KT 10SM FEW030 SCT043 OVC110 23/21 A2974 RMK AO2 SLP065 T02280206,null
MIS,2011-04-26 07:55,-88.8420,29.2960,32.00,84.20,73.40,70.08,230.00,14.00,null,29.80,null,3.00,null,   ,   ,   ,   ,null,null,null,null,HZ,null,null,null,null,null,null,90.94,KMIS 260755Z AUTO 23014KT 3SM HZ 29/23 A2980 RMK A01,null
UTA,2011-04-26 07:55,-90.3467,34.6811,59.00,60.80,59.00,93.79,160.00,14.00,0.07,29.66,null,10.00,null,SCT,BKN,OVC,   ,700.00,1800.00,2600.00,null,-TSRA,null,null,null,null,null,null,60.80,KUTA 260755Z AUTO 16014KT 10SM -TSRA SCT007 BKN018 OVC026 16/15 A2966 RMK AO2 P0007 LTG DSNT ALQS,null
CBM,2011-04-26 07:55,-88.4438,33.6438,67.00,71.24,62.78,74.64,20.00,10.00,null,29.78,1008.40,10.00,null,SCT,BKN,   ,   ,1600.00,6000.00,null,null,null,null,null,null,null,null,null,71.24,KCBM 260755Z AUTO 02010KT 10SM SCT016 BKN060 22/17 A2978 RMK AO2 SLP084 T02180171 $,null
HEZ,2011-04-26 07:55,-91.2973,31.6137,83.00,73.40,66.20,78.19,180.00,6.00,null,29.71,null,10.00,null,BKN,OVC,   ,   ,2400.00,2900.00,null,null,null,null,null,null,null,null,null,73.40,KHEZ 260755Z AUTO 18006KT 10SM BKN024 OVC029 23/19 A2971 RMK AO1 LTG DSNT W,null
PIB,2011-04-26 07:55,-89.3371,31.4671,91.00,71.60,64.40,78.04,140.00,7.00,null,29.78,null,10.00,null,FEW,BKN,OVC,   ,2300.00,4700.00,8000.00,null,null,null,null,null,null,null,null,71.60,KPIB 260755Z AUTO 14007KT 10SM FEW023 BKN047 OVC080 22/18 A2978 RMK AO1,null
CRX,2011-04-26 07:55,-88.6035,34.9150,129.00,59.00,57.20,93.74,150.00,9.00,0.04,29.74,null,7.00,null,BKN,OVC,   ,   ,500.00,9500.00,null,null,-RA,null,null,null,null,null,null,59.00,KCRX 260755Z AUTO 15009KT 7SM -RA BKN005 OVC095 15/14 A2974 RMK AO2 LTG DSNT S-W P0004,null
CKM,2011-04-26 07:55,-90.5123,34.2997,52.70,62.60,59.00,88.00,null,null,0.62,29.68,null,9.00,null,FEW,SCT,OVC,   ,400.00,3300.00,4400.00,null,null,null,null,null,null,null,null,62.60,KCKM 260755Z AUTO 00000KT 9SM FEW004 SCT033 OVC044 17/15 A2968 RMK AO1 P0062,null
UOX,2011-04-26 07:55,-89.5368,34.3843,137.80,57.20,57.20,100.00,null,null,0.02,29.71,null,10.00,null,BKN,   ,   ,   ,400.00,null,null,null,VCTS,null,null,null,null,null,null,57.20,KUOX 260755Z AUTO 00000KT 10SM VCTS BKN004 14/14 A2971 RMK AO2 LTG DSNT ALQDS P0002,null
DLP,2011-04-26 07:55,-89.5472,29.1214,0.00,78.80,73.40,83.55,160.00,15.00,null,29.76,null,7.00,20.00,CLR,   ,   ,   ,null,null,null,null,null,null,null,null,null,null,null,82.03,KDLP 260755Z AUTO 16015G20KT 7SM CLR 26/23 A2976 RMK A01,null
M16,2011-04-26 07:55,-90.4105,32.3045,75.30,73.40,68.00,83.21,160.00,7.00,null,29.72,null,10.00,null,FEW,   ,   ,   ,3900.00,null,null,null,null,null,null,null,null,null,null,73.40,KM16 260755Z AUTO 16007KT 10SM FEW039 23/20 A2972 RMK AO2 LTG DSNT N AND SW,null
OLV,2011-04-26 07:55,-89.7869,34.9787,122.50,60.80,60.80,100.00,160.00,13.00,null,29.64,null,7.00,19.00,FEW,SCT,BKN,   ,1400.00,4100.00,6000.00,null,null,null,null,null,null,null,null,60.80,KOLV 260755Z AUTO 16013G19KT 7SM FEW014 SCT041 BKN060 16/16 A2964 RMK A01 P000,null
MYT,2011-04-26 07:55,-89.6150,28.2206,0.00,77.00,73.40,88.67,180.00,10.00,null,29.77,null,1.75,16.00,BKN,   ,   ,   ,2500.00,null,null,null,HZ,null,null,null,null,null,null,78.57,KMYT 260755Z AUTO 18010G16KT 1 3/4SM HZ BKN025 25/23 A2977 RMK A01,null
BIX,2011-04-26 07:55,-88.9244,30.4104,10.00,77.36,71.60,82.45,190.00,13.00,null,29.79,1009.00,10.00,null,SCT,SCT,SCT,   ,2300.00,3000.00,4000.00,null,null,null,null,null,null,null,null,78.67,KBIX 260755Z AUTO 19013KT 10SM SCT023 SCT030 SCT040 25/22 A2979 RMK AO2 SLP090 T02520220,null
1R7,2011-04-26 07:55,-90.4093,31.6058,149.00,73.40,69.80,88.51,140.00,5.00,null,29.76,null,7.00,null,FEW,SCT,   ,   ,1500.00,2200.00,null,null,null,null,null,null,null,null,null,74.60,K1R7 260755Z AUTO 14005KT 7SM FEW015 SCT022 23/21 A2976 RMK AO2,null
GTR,2011-04-26 07:55,-88.5914,33.4503,80.00,71.60,66.20,83.09,150.00,11.00,null,29.77,null,10.00,16.00,BKN,BKN,   ,   ,7500.00,9500.00,null,null,null,null,null,null,null,null,null,71.60,KGTR 260755Z 15011G16KT 10SM BKN075 BKN095 22/19 A2977 RMK AO1,null
NMM,2011-04-26 07:56,-88.5556,32.5521,97.00,72.00,66.00,81.57,140.00,5.00,null,29.78,1009.00,10.00,null,BKN,BKN,OVC,   ,1600.00,2200.00,3800.00,null,null,null,null,null,null,null,null,71.96,KNMM 260756Z AUTO 14005KT 10SM BKN016 BKN022 OVC038 22/19 A2978 RMK AO2 SLP090 T02220189,null
MEI,2011-04-26 07:58,-88.7511,32.3347,94.00,72.00,68.00,87.35,170.00,12.00,T,29.78,1008.00,10.00,18.00,SCT,SCT,BKN,   ,1600.00,2700.00,5000.00,null,null,null,null,null,null,null,null,72.96,KMEI 260758Z AUTO 17012G18KT 10SM SCT016 SCT027 BKN050 22/20 A2978 RMK AO2 RAB10E42 SLP080 P0000 T02220200,null
CBM,2011-04-26 07:59,-88.4438,33.6438,67.00,68.00,57.20,68.35,30.00,8.00,null,29.78,1008.30,10.00,null,BKN,BKN,   ,   ,1600.00,5500.00,null,null,null,null,null,null,null,null,null,68.00,KCBM 260759Z AUTO 03008KT 10SM BKN016 BKN055 20/14 A2978 RMK AO2 SLP083 $,null
HKS,2011-04-26 08:00,-90.2225,32.3348,104.00,73.40,68.00,83.21,160.00,10.00,null,29.73,null,10.00,null,FEW,SCT,   ,   ,2800.00,3700.00,null,null,null,null,null,null,null,null,null,73.40,KHKS 260800Z AUTO 16010KT 10SM FEW028 SCT037 23/20 A2973 RMK AO2 LTG DSNT S AND SW TSE0754,null
HKS,2011-04-26 08:13,-90.2225,32.3348,104.00,71.60,68.00,88.43,170.00,10.00,null,29.73,null,10.00,null,FEW,   ,   ,   ,3600.00,null,null,null,VCTS,null,null,null,null,null,null,72.62,KHKS 260813Z AUTO 17010KT 10SM VCTS FEW036 22/20 A2973 RMK AO2 LTG DSNT S AND SW TSE0754B07,null
UTA,2011-04-26 08:15,-90.3467,34.6811,59.00,60.80,59.00,93.79,150.00,18.00,0.02,29.63,null,10.00,25.00,SCT,BKN,OVC,   ,900.00,1900.00,2600.00,null,TSRA,null,null,null,null,null,null,60.80,KUTA 260815Z AUTO 15018G25KT 10SM TSRA SCT009 BKN019 OVC026 16/15 A2963 RMK AO2 P0002 LTG DSNT ALQS,null
MYT,2011-04-26 08:15,-89.6150,28.2206,0.00,77.00,73.40,88.67,180.00,11.00,null,29.76,null,1.50,null,SCT,   ,   ,   ,2600.00,null,null,null,HZ,null,null,null,null,null,null,78.57,KMYT 260815Z AUTO 18011KT 1 1/2SM HZ SCT026 25/23 A2976 RMK A01,null
1R7,2011-04-26 08:15,-90.4093,31.6058,149.00,71.60,69.80,94.06,150.00,8.00,null,29.75,null,6.00,null,SCT,SCT,   ,   ,1900.00,2300.00,null,null,BR,null,null,null,null,null,null,72.88,K1R7 260815Z AUTO 15008KT 6SM BR SCT019 SCT023 22/21 A2975 RMK AO2,null
MIS,2011-04-26 08:15,-88.8420,29.2960,32.00,84.20,73.40,70.08,220.00,14.00,null,29.79,null,3.00,19.00,   ,   ,   ,   ,null,null,null,null,HZ,null,null,null,null,null,null,90.94,KMIS 260815Z AUTO 22014G19KT 3SM HZ 29/23 A2979 RMK A01,null
OLV,2011-04-26 08:15,-89.7869,34.9787,122.50,60.80,60.80,100.00,190.00,15.00,null,29.67,null,6.00,23.00,FEW,BKN,OVC,   ,1900.00,5000.00,8000.00,null,null,null,null,null,null,null,null,60.80,KOLV 260815Z AUTO 19015G23KT 6SM FEW019 BKN050 OVC080 16/16 A2967 RMK A01 P000,null
M16,2011-04-26 08:15,-90.4105,32.3045,75.30,73.40,68.00,83.21,190.00,6.00,null,29.74,null,10.00,null,FEW,SCT,SCT,   ,2300.00,3200.00,3900.00,null,null,null,null,null,null,null,null,73.40,KM16 260815Z AUTO 19006KT 10SM FEW023 SCT032 SCT039 23/20 A2974 RMK AO2 LTG DSNT NE AND SW,null
GTR,2011-04-26 08:15,-88.5914,33.4503,80.00,71.60,66.20,83.09,160.00,11.00,null,29.77,null,10.00,null,FEW,SCT,OVC,   ,3500.00,5000.00,7500.00,null,null,null,null,null,null,null,null,71.60,KGTR 260815Z 16011KT 10SM FEW035 SCT050 OVC075 22/19 A2977 RMK AO1,null
PIB,2011-04-26 08:15,-89.3371,31.4671,91.00,71.60,64.40,78.04,150.00,5.00,null,29.78,null,10.00,null,BKN,BKN,OVC,   ,1800.00,2300.00,4500.00,null,null,null,null,null,null,null,null,71.60,KPIB 260815Z AUTO 15005KT 10SM BKN018 BKN023 OVC045 22/18 A2978 RMK AO1,null
UOX,2011-04-26 08:15,-89.5368,34.3843,137.80,57.20,57.20,100.00,null,null,null,29.70,null,10.00,null,BKN,   ,   ,   ,600.00,null,null,null,null,null,null,null,null,null,null,57.20,KUOX 260815Z AUTO 00000KT 10SM BKN006 14/14 A2970 RMK AO2 LTG DSNT ALQDS,null
CKM,2011-04-26 08:15,-90.5123,34.2997,52.70,62.60,59.00,88.00,50.00,4.00,null,29.66,null,10.00,null,FEW,OVC,   ,   ,3400.00,4500.00,null,null,null,null,null,null,null,null,null,62.60,KCKM 260815Z AUTO 05004KT 10SM FEW034 OVC045 17/15 A2966 RMK AO1,null
DLP,2011-04-26 08:15,-89.5472,29.1214,0.00,78.80,73.40,83.55,160.00,15.00,null,29.76,null,6.00,20.00,CLR,   ,   ,   ,null,null,null,null,HZ,null,null,null,null,null,null,82.03,KDLP 260815Z AUTO 16015G20KT 6SM HZ CLR 26/23 A2976 RMK A01,null
HEZ,2011-04-26 08:15,-91.2973,31.6137,83.00,73.40,66.20,78.19,150.00,5.00,null,29.72,null,10.00,null,OVC,   ,   ,   ,2400.00,null,null,null,null,null,null,null,null,null,null,73.40,KHEZ 260815Z AUTO 15005KT 10SM OVC024 23/19 A2972 RMK AO1 LTG DSNT SW,null
CRX,2011-04-26 08:15,-88.6035,34.9150,129.00,59.00,57.20,93.74,150.00,12.00,0.02,29.73,null,5.00,null,BKN,BKN,OVC,   ,500.00,4000.00,6500.00,null,VCTS -RA,null,null,null,null,null,null,59.00,KCRX 260815Z AUTO 15012KT 5SM VCTS -RA BKN005 BKN040 OVC065 15/14 A2973 RMK AO2 LTG DSNT S-W P0002,null
GPT,2011-04-26 08:24,-89.0701,30.4073,9.00,77.00,69.80,78.48,180.00,12.00,null,29.78,null,10.00,17.00,SCT,BKN,BKN,   ,2100.00,2700.00,4100.00,null,null,null,null,null,null,null,null,78.09,KGPT 260824Z AUTO 18012G17KT 10SM SCT021 BKN027 BKN041 25/21 A2978 RMK AO2,null
MEI,2011-04-26 08:25,-88.7511,32.3347,94.00,71.60,68.00,88.43,170.00,10.00,null,29.77,null,10.00,17.00,BKN,   ,   ,   ,1400.00,null,null,null,null,null,null,null,null,null,null,72.62,KMEI 260825Z AUTO 17010G17KT 10SM BKN014 22/20 A2977 RMK AO2,null
HKS,2011-04-26 08:28,-90.2225,32.3348,104.00,71.60,68.00,88.43,180.00,10.00,null,29.75,null,10.00,null,FEW,   ,   ,   ,3700.00,null,null,null,null,null,null,null,null,null,null,72.62,KHKS 260828Z AUTO 18010KT 10SM FEW037 22/20 A2975 RMK AO2 LTG DSNT E-SW TSE0754B07E22,null
TUP,2011-04-26 08:28,-88.7711,34.2608,110.00,60.80,57.20,87.92,150.00,11.00,T,29.71,null,8.00,null,SCT,BKN,OVC,   ,400.00,6000.00,8500.00,null,-RA,null,null,null,null,null,null,60.80,KTUP 260828Z AUTO 15011KT 8SM -RA SCT004 BKN060 OVC085 16/14 A2971 RMK AO2 TSE22 PRESFR P0000,null
PIB,2011-04-26 08:35,-89.3371,31.4671,91.00,69.80,64.40,82.98,140.00,3.00,null,29.78,null,10.00,null,BKN,BKN,OVC,   ,1600.00,2200.00,3000.00,null,null,null,null,null,null,null,null,69.80,KPIB 260835Z AUTO 14003KT 10SM BKN016 BKN022 OVC030 21/18 A2978 RMK AO1,null
OLV,2011-04-26 08:35,-89.7869,34.9787,122.50,60.80,60.80,100.00,170.00,19.00,null,29.65,null,5.00,23.00,FEW,BKN,OVC,   ,2200.00,4800.00,7000.00,null,null,null,null,null,null,null,null,60.80,KOLV 260835Z AUTO 17019G23KT 5SM FEW022 BKN048 OVC070 16/16 A2965 RMK A01 P000,null
HEZ,2011-04-26 08:35,-91.2973,31.6137,83.00,73.40,66.20,78.19,150.00,6.00,null,29.72,null,10.00,null,OVC,   ,   ,   ,2600.00,null,null,null,VCTS,null,null,null,null,null,null,73.40,KHEZ 260835Z AUTO 15006KT 10SM VCTS OVC026 23/19 A2972 RMK AO1 LTG DSNT SW TSB22,null
CKM,2011-04-26 08:35,-90.5123,34.2997,52.70,62.60,59.00,88.00,80.00,7.00,0.01,29.66,null,10.00,16.00,BKN,OVC,   ,   ,3500.00,4200.00,null,null,null,null,null,null,null,null,null,62.60,KCKM 260835Z AUTO 08007G16KT 10SM BKN035 OVC042 17/15 A2966 RMK AO1 P0001,null
DLP,2011-04-26 08:35,-89.5472,29.1214,0.00,77.00,73.40,88.67,160.00,17.00,null,29.75,null,6.00,null,CLR,   ,   ,   ,null,null,null,null,HZ,null,null,null,null,null,null,78.57,KDLP 260835Z AUTO 16017KT 6SM HZ CLR 25/23 A2975 RMK A01,null
MIS,2011-04-26 08:35,-88.8420,29.2960,32.00,82.40,73.40,74.28,220.00,14.00,null,29.78,null,3.00,null,   ,   ,   ,   ,null,null,null,null,HZ,null,null,null,null,null,null,88.26,KMIS 260835Z AUTO 22014KT 3SM HZ 28/23 A2978 RMK A01,null
M16,2011-04-26 08:35,-90.4105,32.3045,75.30,73.40,68.00,83.21,180.00,5.00,null,29.75,null,10.00,null,SCT,SCT,BKN,   ,2300.00,3000.00,3900.00,null,null,null,null,null,null,null,null,73.40,KM16 260835Z AUTO 18005KT 10SM SCT023 SCT030 BKN039 23/20 A2975 RMK AO2 LTG DSNT SW AND W,null
CRX,2011-04-26 08:35,-88.6035,34.9150,129.00,59.00,57.20,93.74,160.00,10.00,0.03,29.73,null,9.00,18.00,OVC,   ,   ,   ,600.00,null,null,null,VCTS -RA,null,null,null,null,null,null,59.00,KCRX 260835Z AUTO 16010G18KT 9SM VCTS -RA OVC006 15/14 A2973 RMK AO2 LTG DSNT ALQDS P0003,null
UOX,2011-04-26 08:35,-89.5368,34.3843,137.80,57.20,57.20,100.00,null,null,null,29.74,null,10.00,null,BKN,   ,   ,   ,500.00,null,null,null,null,null,null,null,null,null,null,57.20,KUOX 260835Z AUTO 00000KT 10SM BKN005 14/14 A2974 RMK AO2 LTG DSNT ALQDS,null
1R7,2011-04-26 08:35,-90.4093,31.6058,149.00,71.60,69.80,94.06,160.00,5.00,null,29.76,null,6.00,null,FEW,   ,   ,   ,1900.00,null,null,null,BR,null,null,null,null,null,null,72.88,K1R7 260835Z AUTO 16005KT 6SM BR FEW019 22/21 A2976 RMK AO2 LTG DSNT W,null
MYT,2011-04-26 08:35,-89.6150,28.2206,0.00,77.00,73.40,88.67,170.00,10.00,null,29.75,null,1.50,null,CLR,   ,   ,   ,null,null,null,null,HZ,null,null,null,null,null,null,78.57,KMYT 260835Z AUTO 17010KT 1 1/2SM HZ CLR 25/23 A2975 RMK A01,null
GTR,2011-04-26 08:35,-88.5914,33.4503,80.00,71.60,66.20,83.09,150.00,10.00,null,29.76,null,10.00,null,FEW,BKN,OVC,   ,2700.00,3800.00,8000.00,null,null,null,null,null,null,null,null,71.60,KGTR 260835Z 15010KT 10SM FEW027 BKN038 OVC080 22/19 A2976 RMK AO1,null
HKS,2011-04-26 08:36,-90.2225,32.3348,104.00,73.40,68.00,83.21,190.00,9.00,null,29.76,null,10.00,null,FEW,SCT,SCT,   ,2400.00,3500.00,4500.00,null,VCTS,null,null,null,null,null,null,73.40,KHKS 260836Z AUTO 19009KT 10SM VCTS FEW024 SCT035 SCT045 23/20 A2976 RMK AO2 LTG DSNT E-SW TSE0754B07E22B30,null
TUP,2011-04-26 08:36,-88.7711,34.2608,110.00,60.80,57.20,87.92,160.00,12.00,0.01,29.71,null,8.00,18.00,BKN,BKN,OVC,   ,400.00,2300.00,6500.00,null,-RA,null,null,null,null,null,null,60.80,KTUP 260836Z AUTO 16012G18KT 8SM -RA BKN004 BKN023 OVC065 16/14 A2971 RMK AO2 TSE22 P0001,null
PQL,2011-04-26 08:36,-88.5319,30.4636,5.00,75.20,69.80,83.32,170.00,4.00,null,29.80,null,10.00,null,FEW,BKN,BKN,   ,2200.00,2700.00,3300.00,null,null,null,null,null,null,null,null,76.34,KPQL 260836Z AUTO 17004KT 10SM FEW022 BKN027 BKN033 24/21 A2980 RMK AO2,null
TUP,2011-04-26 08:53,-88.7711,34.2608,110.00,60.00,58.00,92.56,170.00,5.00,0.01,29.73,1006.20,10.00,null,BKN,OVC,   ,   ,400.00,2300.00,null,null,-RA,null,null,null,null,null,null,60.08,KTUP 260853Z AUTO 17005KT 10SM -RA BKN004 OVC023 16/14 A2973 RMK AO2 TSE22 SLP062 P0001 60064 T01560144 58020,null
HKS,2011-04-26 08:53,-90.2225,32.3348,104.00,73.00,68.00,84.22,170.00,10.00,null,29.75,1006.40,10.00,null,BKN,   ,   ,   ,4300.00,null,null,null,VCTS,null,null,null,null,null,null,73.04,KHKS 260853Z AUTO 17010KT 10SM VCTS BKN043 23/20 A2975 RMK AO2 LTG DSNT SE-SW TSE0754B07E22B30 SLP064 T02280200 55006,null
GPT,2011-04-26 08:53,-89.0701,30.4073,9.00,77.00,70.00,78.96,170.00,10.00,null,29.77,1008.00,10.00,18.00,FEW,BKN,BKN,   ,1900.00,2900.00,5000.00,null,null,null,null,null,null,null,null,78.11,KGPT 260853Z AUTO 17010G18KT 10SM FEW019 BKN029 BKN050 25/21 A2977 RMK AO2 SLP080 T02500211 58012,null
MCB,2011-04-26 08:53,-90.4700,31.1800,126.00,73.00,70.00,90.14,170.00,7.00,null,29.75,1006.80,10.00,null,BKN,BKN,OVC,   ,1500.00,2500.00,8000.00,null,null,null,null,null,null,null,null,74.28,KMCB 260853Z AUTO 17007KT 10SM BKN015 BKN025 OVC080 23/21 A2975 RMK AO2 LTG DSNT N SLP068 T02280211 55009,null
GWO,2011-04-26 08:53,-90.0847,33.4943,47.00,64.00,63.00,96.28,110.00,12.00,null,29.62,1002.80,10.00,null,BKN,OVC,   ,   ,2900.00,3700.00,null,null,null,null,null,null,null,null,null,64.04,KGWO 260853Z AUTO 11012KT 10SM BKN029 OVC037 18/17 A2962 RMK AO2 SLP028 60025 T01780172 58039,null
GLH,2011-04-26 08:53,-90.9856,33.4829,40.00,66.00,65.00,96.31,150.00,3.00,null,29.59,1002.50,10.00,null,CLR,   ,   ,   ,null,null,null,null,null,null,null,null,null,null,null,66.02,KGLH 260853Z AUTO 15003KT 10SM CLR 19/18 A2959 RMK AO2 LTG DSNT N SLP025 60006 T01890183 56028,null
HBG,2011-04-26 08:53,-89.2529,31.2649,46.00,70.00,67.00,90.02,140.00,3.00,null,29.78,1008.10,10.00,null,FEW,SCT,BKN,   ,2400.00,3700.00,4900.00,null,null,null,null,null,null,null,null,69.98,KHBG 260853Z AUTO 14003KT 10SM FEW024 SCT037 BKN049 21/19 A2978 RMK AO2 SLP081 T02110194 56010 TSNO,null
PQL,2011-04-26 08:53,-88.5319,30.4636,5.00,75.00,70.00,84.34,170.00,5.00,null,29.80,1009.20,10.00,null,FEW,SCT,BKN,   ,1900.00,2300.00,2900.00,null,null,null,null,null,null,null,null,76.19,KPQL 260853Z AUTO 17005KT 10SM FEW019 SCT023 BKN029 24/21 A2980 RMK AO2 SLP092 T02390211 56014,null
JAN,2011-04-26 08:54,-90.0800,32.3200,101.00,73.00,69.00,87.41,0.00,3.00,null,29.75,1007.00,10.00,null,FEW,SCT,BKN,   ,1400.00,4000.00,10000.00,null,null,null,null,null,null,null,null,74.15,KJAN 260854Z VRB03KT 10SM FEW014 SCT040 BKN100 23/21 A2975 RMK AO2 SLP070 T02280206 55005,null
OLV,2011-04-26 08:55,-89.7869,34.9787,122.50,59.00,59.00,100.00,170.00,17.00,null,29.66,null,5.00,null,FEW,BKN,OVC,   ,2000.00,5000.00,7000.00,null,null,null,null,null,null,null,null,59.00,KOLV 260855Z AUTO 17017KT 5SM FEW020 BKN050 OVC070 15/15 A2966 RMK A01 P000,null
HEZ,2011-04-26 08:55,-91.2973,31.6137,83.00,71.60,59.00,64.48,330.00,17.00,0.20,29.76,null,6.00,36.00,FEW,OVC,   ,   ,1300.00,2500.00,null,null,TS,null,null,null,null,null,null,71.60,KHEZ 260855Z AUTO 33017G36KT 6SM TS FEW013 OVC025 22/15 A2976 RMK AO1 LTG DSNT ALQDS TSB22 P0020 60020 52017,null
GTR,2011-04-26 08:55,-88.5914,33.4503,80.00,71.60,68.00,88.43,150.00,12.00,null,29.74,null,10.00,null,SCT,OVC,   ,   ,2700.00,3500.00,null,null,null,null,null,null,null,null,null,72.62,KGTR 260855Z 15012KT 10SM SCT027 OVC035 22/20 A2974 RMK AO1 57027,null
PIB,2011-04-26 08:55,-89.3371,31.4671,91.00,69.80,64.40,82.98,150.00,3.00,null,29.79,null,10.00,null,BKN,BKN,OVC,   ,1600.00,2500.00,3600.00,null,null,null,null,null,null,null,null,69.80,KPIB 260855Z AUTO 15003KT 10SM BKN016 BKN025 OVC036 21/18 A2979 RMK AO1 57010,null
UOX,2011-04-26 08:55,-89.5368,34.3843,137.80,57.20,57.20,100.00,340.00,4.00,null,29.77,null,10.00,null,OVC,   ,   ,   ,600.00,null,null,null,null,null,null,null,null,null,null,57.20,KUOX 260855Z AUTO 34004KT 10SM OVC006 14/14 A2977 RMK AO2 LTG DSNT W-NE,null
BIX,2011-04-26 08:55,-88.9244,30.4104,10.00,77.40,71.60,82.34,190.00,14.00,0.00,29.77,1008.40,10.00,null,SCT,null,null,null,2200.00,null,null,null,null,null,null,null,null,null,null,77.40,KBIX 260855Z AUTO 19014KT 10SM SCT022 25/22 A2977 RMK AO2 SLP084 T02520220 56019 IEM_GHCNH,null
1R7,2011-04-26 08:55,-90.4093,31.6058,149.00,71.60,69.80,94.06,160.00,7.00,null,29.76,null,6.00,null,FEW,FEW,   ,   ,1600.00,2100.00,null,null,BR,null,null,null,null,null,null,72.88,K1R7 260855Z AUTO 16007KT 6SM BR FEW016 FEW021 22/21 A2976 RMK AO2 LTG DSNT W,null
MEI,2011-04-26 08:58,-88.7511,32.3347,94.00,71.60,68.00,88.43,170.00,11.00,null,29.77,null,10.00,null,BKN,OVC,   ,   ,1400.00,1800.00,null,null,null,null,null,null,null,null,null,72.62,KMEI 260858Z AUTO 17011KT 10SM BKN014 OVC018 22/20 A2977,null
PQL,2011-04-26 09:09,-88.5319,30.4636,5.00,75.20,69.80,83.32,170.00,7.00,null,29.79,null,10.00,null,FEW,SCT,BKN,   ,2100.00,3300.00,4800.00,null,null,null,null,null,null,null,null,76.34,KPQL 260909Z AUTO 17007KT 10SM FEW021 SCT033 BKN048 24/21 A2979 RMK AO2,null
CRX,2011-04-26 09:15,-88.6035,34.9150,129.00,59.00,57.20,93.74,180.00,6.00,null,29.75,null,10.00,null,OVC,   ,   ,   ,600.00,null,null,null,null,null,null,null,null,null,null,59.00,KCRX 260915Z AUTO 18006KT 10SM OVC006 15/14 A2975 RMK AO2 LTG DSNT ALQDS,null
MIS,2011-04-26 09:15,-88.8420,29.2960,32.00,84.20,71.60,65.95,220.00,16.00,null,29.77,null,3.00,21.00,   ,   ,   ,   ,null,null,null,null,HZ,null,null,null,null,null,null,89.60,KMIS 260915Z AUTO 22016G21KT 3SM HZ 29/22 A2977 RMK A01,null
UOX,2011-04-26 09:15,-89.5368,34.3843,137.80,57.20,57.20,100.00,null,null,null,29.74,null,10.00,null,SCT,OVC,   ,   ,600.00,3100.00,null,null,null,null,null,null,null,null,null,57.20,KUOX 260915Z AUTO 00000KT 10SM SCT006 OVC031 14/14 A2974 RMK AO2 LTG DSNT ALQDS,null
MYT,2011-04-26 09:15,-89.6150,28.2206,0.00,77.00,73.40,88.67,170.00,12.00,null,29.75,null,1.50,null,SCT,   ,   ,   ,2700.00,null,null,null,HZ,null,null,null,null,null,null,78.57,KMYT 260915Z AUTO 17012KT 1 1/2SM HZ SCT027 25/23 A2975 RMK A01,null
1R7,2011-04-26 09:15,-90.4093,31.6058,149.00,71.60,69.80,94.06,160.00,6.00,null,29.75,null,5.00,null,FEW,SCT,   ,   ,1600.00,2200.00,null,null,VCTS BR,null,null,null,null,null,null,72.88,K1R7 260915Z AUTO 16006KT 5SM VCTS BR FEW016 SCT022 22/21 A2975 RMK AO2 LTG DSNT W AND NW,null
GTR,2011-04-26 09:15,-88.5914,33.4503,80.00,71.60,68.00,88.43,150.00,12.00,null,29.73,null,10.00,null,SCT,BKN,OVC,   ,1300.00,3000.00,3600.00,null,null,null,null,null,null,null,null,72.62,KGTR 260915Z 15012KT 10SM SCT013 BKN030 OVC036 22/20 A2973 RMK AO1,null
M16,2011-04-26 09:15,-90.4105,32.3045,75.30,73.40,68.00,83.21,150.00,4.00,null,29.73,null,9.00,null,OVC,   ,   ,   ,3700.00,null,null,null,TS,null,null,null,null,null,null,73.40,KM16 260915Z AUTO 15004KT 9SM TS OVC037 23/20 A2973 RMK AO2 LTG DSNT SW-N,null
TUP,2011-04-26 09:15,-88.7711,34.2608,110.00,60.80,57.20,87.92,160.00,7.00,T,29.71,null,10.00,null,SCT,BKN,OVC,   ,400.00,6000.00,9000.00,null,null,null,null,null,null,null,null,60.80,KTUP 260915Z AUTO 16007KT 10SM SCT004 BKN060 OVC090 16/14 A2971 RMK AO2 RAE0857 P0000,null
DLP,2011-04-26 09:15,-89.5472,29.1214,0.00,77.00,73.40,88.67,160.00,17.00,null,29.75,null,7.00,null,CLR,   ,   ,   ,null,null,null,null,null,null,null,null,null,null,null,78.57,KDLP 260915Z AUTO 16017KT 7SM CLR 25/23 A2975 RMK A01,null
HEZ,2011-04-26 09:15,-91.2973,31.6137,83.00,64.40,60.80,88.09,160.00,19.00,0.68,29.70,null,5.00,24.00,BKN,BKN,OVC,   ,1100.00,2200.00,4900.00,null,TS,null,null,null,null,null,null,64.40,KHEZ 260915Z AUTO 16019G24KT 5SM TS BKN011 BKN022 OVC049 18/16 A2970 RMK AO1 LTG DSNT ALQDS P0068,null
PIB,2011-04-26 09:15,-89.3371,31.4671,91.00,69.80,64.40,82.98,150.00,4.00,null,29.78,null,10.00,null,SCT,BKN,OVC,   ,1600.00,3600.00,4300.00,null,null,null,null,null,null,null,null,69.80,KPIB 260915Z AUTO 15004KT 10SM SCT016 BKN036 OVC043 21/18 A2978 RMK AO1,null
OLV,2011-04-26 09:15,-89.7869,34.9787,122.50,59.00,59.00,100.00,180.00,13.00,null,29.67,null,7.00,18.00,FEW,BKN,OVC,   ,3200.00,4900.00,8000.00,null,null,null,null,null,null,null,null,59.00,KOLV 260915Z AUTO 18013G18KT 7SM FEW032 BKN049 OVC080 15/15 A2967 RMK A01 P000,null
MCB,2011-04-26 09:16,-90.4700,31.1800,126.00,73.40,69.80,88.51,160.00,8.00,null,29.75,null,10.00,null,FEW,SCT,OVC,   ,1700.00,2100.00,11000.00,null,null,null,null,null,null,null,null,74.60,KMCB 260916Z AUTO 16008KT 10SM FEW017 SCT021 OVC110 23/21 A2975 RMK AO2,null
HKS,2011-04-26 09:22,-90.2225,32.3348,104.00,73.40,68.00,83.21,180.00,8.00,null,29.73,null,10.00,null,SCT,   ,   ,   ,4900.00,null,null,null,null,null,null,null,null,null,null,73.40,KHKS 260922Z AUTO 18008KT 10SM SCT049 23/20 A2973 RMK AO2 LTG DSNT E-S TSE16,null
GLH,2011-04-26 09:24,-90.9856,33.4829,40.00,64.40,64.40,100.00,350.00,11.00,null,29.61,null,10.00,null,BKN,   ,   ,   ,1200.00,null,null,null,null,null,null,null,null,null,null,64.40,KGLH 260924Z AUTO 35011KT 10SM BKN012 18/18 A2961 RMK AO2 WSHFT 0906 LTG DSNT NE,null
GWO,2011-04-26 09:25,-90.0847,33.4943,47.00,66.20,64.40,93.92,120.00,7.00,null,29.62,null,10.00,null,SCT,OVC,   ,   ,2700.00,3600.00,null,null,null,null,null,null,null,null,null,66.20,KGWO 260925Z AUTO 12007KT 10SM SCT027 OVC036 19/18 A2962 RMK AO2,null
GPT,2011-04-26 09:26,-89.0701,30.4073,9.00,77.00,69.80,78.48,170.00,10.00,null,29.78,null,10.00,16.00,SCT,BKN,BKN,   ,2300.00,3000.00,3600.00,null,null,null,null,null,null,null,null,78.09,KGPT 260926Z AUTO 17010G16KT 10SM SCT023 BKN030 BKN036 25/21 A2978 RMK AO2,null
DLP,2011-04-26 09:35,-89.5472,29.1214,0.00,78.80,73.40,83.55,160.00,19.00,null,29.75,null,6.00,null,CLR,   ,   ,   ,null,null,null,null,HZ,null,null,null,null,null,null,82.03,KDLP 260935Z AUTO 16019KT 6SM HZ CLR 26/23 A2975 RMK A01,null
1R7,2011-04-26 09:35,-90.4093,31.6058,149.00,73.40,69.80,88.51,180.00,7.00,null,29.77,null,6.00,null,BKN,BKN,   ,   ,1400.00,2000.00,null,null,BR,null,null,null,null,null,null,74.60,K1R7 260935Z AUTO 18007KT 6SM BR BKN014 BKN020 23/21 A2977 RMK AO2 LTG DSNT SW-NW,null
HEZ,2011-04-26 09:35,-91.2973,31.6137,83.00,64.40,60.80,88.09,150.00,15.00,0.70,29.73,null,10.00,22.00,FEW,SCT,BKN,   ,1200.00,3600.00,7500.00,null,TS,null,null,null,null,null,null,64.40,KHEZ 260935Z AUTO 15015G22KT 10SM TS FEW012 SCT036 BKN075 18/16 A2973 RMK AO1 LTG DSNT ALQDS P0070,null
MIS,2011-04-26 09:35,-88.8420,29.2960,32.00,82.40,71.60,69.90,220.00,14.00,null,29.78,null,3.00,null,CLR,   ,   ,   ,null,null,null,null,HZ,null,null,null,null,null,null,87.18,KMIS 260935Z AUTO 22014KT 3SM HZ CLR 28/22 A2978 RMK A01,null
PIB,2011-04-26 09:35,-89.3371,31.4671,91.00,69.80,64.40,82.98,180.00,3.00,null,29.78,null,10.00,null,FEW,BKN,OVC,   ,1800.00,2300.00,2800.00,null,null,null,null,null,null,null,null,69.80,KPIB 260935Z AUTO 18003KT 10SM FEW018 BKN023 OVC028 21/18 A2978 RMK AO1,null
M16,2011-04-26 09:35,-90.4105,32.3045,75.30,71.60,68.00,88.43,160.00,5.00,null,29.74,null,5.00,null,BKN,OVC,   ,   ,3900.00,4700.00,null,null,-TSRA,null,null,null,null,null,null,72.62,KM16 260935Z AUTO 16005KT 5SM -TSRA BKN039 OVC047 22/20 A2974 RMK AO2 LTG DSNT ALQDS,null
OLV,2011-04-26 09:35,-89.7869,34.9787,122.50,57.20,57.20,100.00,180.00,17.00,null,29.67,null,2.00,22.00,SCT,BKN,OVC,   ,600.00,2900.00,4400.00,null,null,null,null,null,null,null,null,57.20,KOLV 260935Z AUTO 18017G22KT 2SM SCT006 BKN029 OVC044 14/14 A2967,null
GTR,2011-04-26 09:35,-88.5914,33.4503,80.00,71.60,68.00,88.43,150.00,12.00,null,29.72,null,10.00,20.00,SCT,BKN,OVC,   ,1300.00,1900.00,8000.00,null,null,null,null,null,null,null,null,72.62,KGTR 260935Z 15012G20KT 10SM SCT013 BKN019 OVC080 22/20 A2972 RMK AO1,null
CRX,2011-04-26 09:35,-88.6035,34.9150,129.00,59.00,57.20,93.74,30.00,4.00,0.03,29.77,null,7.00,null,OVC,   ,   ,   ,800.00,null,null,null,VCTS RA,null,null,null,null,null,null,59.00,KCRX 260935Z AUTO 03004KT 7SM VCTS RA OVC008 15/14 A2977 RMK AO2 LTG DSNT ALQDS P0003,null
MYT,2011-04-26 09:35,-89.6150,28.2206,0.00,77.00,73.40,88.67,170.00,13.00,null,29.74,null,1.50,18.00,SCT,   ,   ,   ,2700.00,null,null,null,HZ,null,null,null,null,null,null,78.57,KMYT 260935Z AUTO 17013G18KT 1 1/2SM HZ SCT027 25/23 A2974 RMK A01,null
CKM,2011-04-26 09:35,-90.5123,34.2997,52.70,62.60,59.00,88.00,210.00,9.00,0.28,29.68,null,3.00,null,SCT,BKN,OVC,   ,500.00,3200.00,3900.00,null,null,null,null,null,null,null,null,62.60,KCKM 260935Z AUTO 21009KT 3SM SCT005 BKN032 OVC039 17/15 A2968 RMK AO1 P0028,null
GLH,2011-04-26 09:39,-90.9856,33.4829,40.00,64.40,62.60,93.88,10.00,11.00,null,29.61,null,10.00,null,SCT,BKN,BKN,   ,1200.00,2200.00,3500.00,null,null,null,null,null,null,null,null,64.40,KGLH 260939Z AUTO 01011KT 10SM SCT012 BKN022 BKN035 18/17 A2961 RMK AO2 WSHFT 0906,null
PQL,2011-04-26 09:41,-88.5319,30.4636,5.00,75.20,69.80,83.32,170.00,3.00,null,29.80,null,10.00,null,SCT,BKN,BKN,   ,1800.00,2300.00,3400.00,null,null,null,null,null,null,null,null,76.34,KPQL 260941Z AUTO 17003KT 10SM SCT018 BKN023 BKN034 24/21 A2980 RMK AO2,null
GLH,2011-04-26 09:48,-90.9856,33.4829,40.00,64.40,62.60,93.88,30.00,10.00,null,29.60,null,10.00,null,FEW,SCT,   ,   ,1400.00,2200.00,null,null,null,null,null,null,null,null,null,64.40,KGLH 260948Z AUTO 03010KT 10SM FEW014 SCT022 18/17 A2960 RMK AO2 WSHFT 0906,null
CBM,2011-04-26 09:52,-88.4438,33.6438,67.00,64.40,59.00,82.62,30.00,6.00,null,29.74,1007.00,10.00,null,OVC,   ,   ,   ,1400.00,null,null,null,null,null,null,null,null,null,null,64.40,KCBM 260952Z AUTO 03006KT 10SM OVC014 18/15 A2974 RMK AO2 CIG 014V018 SLP070 $,null
GWO,2011-04-26 09:53,-90.0847,33.4943,47.00,70.00,66.00,87.26,130.00,4.00,null,29.60,1002.00,9.00,null,FEW,   ,   ,   ,2700.00,null,null,null,null,null,null,null,null,null,null,69.98,KGWO 260953Z AUTO 13004KT 9SM FEW027 21/19 A2960 RMK AO2 SLP020 T02110189,null
TUP,2011-04-26 09:53,-88.7711,34.2608,110.00,60.00,58.00,92.56,170.00,6.00,0.01,29.72,1005.90,8.00,null,SCT,BKN,BKN,   ,5000.00,6000.00,7000.00,null,-RA,null,null,null,null,null,null,60.08,KTUP 260953Z AUTO 17006KT 8SM -RA SCT050 BKN060 BKN070 16/14 A2972 RMK AO2 RAE0857B48 SLP059 P0001 T01560144,null
HBG,2011-04-26 09:53,-89.2529,31.2649,46.00,70.00,67.00,90.02,null,null,null,29.78,1008.00,10.00,null,BKN,   ,   ,   ,8500.00,null,null,null,null,null,null,null,null,null,null,69.98,KHBG 260953Z AUTO 00000KT 10SM BKN085 21/19 A2978 RMK AO2 SLP080 T02110194 TSNO,null
GLH,2011-04-26 09:53,-90.9856,33.4829,40.00,64.00,63.00,96.28,30.00,9.00,null,29.61,1003.10,10.00,null,FEW,   ,   ,   ,1400.00,null,null,null,null,null,null,null,null,null,null,64.04,KGLH 260953Z AUTO 03009KT 10SM FEW014 18/17 A2961 RMK AO2 WSHFT 0906 SLP031 T01780172,null
GPT,2011-04-26 09:53,-89.0701,30.4073,9.00,77.00,69.00,76.57,180.00,10.00,null,29.78,1008.20,10.00,null,FEW,SCT,BKN,   ,2300.00,3000.00,8500.00,null,null,null,null,null,null,null,null,77.00,KGPT 260953Z AUTO 18010KT 10SM FEW023 SCT030 BKN085 25/21 A2978 RMK AO2 SLP082 T02500206,null
HKS,2011-04-26 09:53,-90.2225,32.3348,104.00,72.00,69.00,90.66,170.00,8.00,T,29.74,1006.20,8.00,null,FEW,OVC,   ,   ,100.00,4700.00,null,null,-RA,null,null,null,null,null,null,73.12,KHKS 260953Z AUTO 17008KT 8SM -RA FEW001 OVC047 22/21 A2974 RMK AO2 LTG DSNT E-SW TSE16RAB48 SLP062 P0000 T02220206,null
MCB,2011-04-26 09:53,-90.4700,31.1800,126.00,73.00,69.00,87.41,180.00,9.00,null,29.76,1007.00,10.00,null,BKN,   ,   ,   ,11000.00,null,null,null,null,null,null,null,null,null,null,74.15,KMCB 260953Z AUTO 18009KT 10SM BKN110 23/21 A2976 RMK AO2 LTG DSNT SW-NW SLP070 T02280206,null
PQL,2011-04-26 09:53,-88.5319,30.4636,5.00,75.00,70.00,84.34,170.00,5.00,null,29.80,1009.20,10.00,null,FEW,SCT,BKN,   ,1800.00,2400.00,4300.00,null,null,null,null,null,null,null,null,76.19,KPQL 260953Z AUTO 17005KT 10SM FEW018 SCT024 BKN043 24/21 A2980 RMK AO2 SLP092 T02390211,null
JAN,2011-04-26 09:54,-90.0800,32.3200,101.00,73.00,69.00,87.41,180.00,5.00,null,29.74,1006.70,10.00,null,FEW,OVC,   ,   ,1700.00,4400.00,null,null,TS,null,null,null,null,null,null,74.15,KJAN 260954Z 18005KT 10SM TS FEW017 OVC044CB 23/21 A2974 RMK AO2 TSB50 SLP067 OCNL LTGICCC SW-NW TS SW-NW MOV NE T02280206,null
CRX,2011-04-26 09:55,-88.6035,34.9150,129.00,59.00,57.20,93.74,180.00,6.00,0.20,29.78,null,2.50,null,FEW,BKN,OVC,   ,300.00,800.00,6000.00,null,+TSRA,null,null,null,null,null,null,59.00,KCRX 260955Z AUTO 18006KT 2 1/2SM +TSRA FEW003 BKN008 OVC060 15/14 A2978 RMK AO2 LTG DSNT ALQDS P0020,null
OLV,2011-04-26 09:55,-89.7869,34.9787,122.50,57.20,57.20,100.00,170.00,13.00,null,29.65,null,5.00,20.00,FEW,BKN,OVC,   ,200.00,4200.00,7000.00,null,null,null,null,null,null,null,null,57.20,KOLV 260955Z AUTO 17013G20KT 5SM FEW002 BKN042 OVC070 14/14 A2965 RMK A01 P006,null
GTR,2011-04-26 09:55,-88.5914,33.4503,80.00,71.60,68.00,88.43,150.00,15.00,null,29.73,null,10.00,20.00,SCT,BKN,OVC,   ,1300.00,2100.00,3900.00,null,null,null,null,null,null,null,null,72.62,KGTR 260955Z 15015G20KT 10SM SCT013 BKN021 OVC039 22/20 A2973 RMK AO1,null
CKM,2011-04-26 09:55,-90.5123,34.2997,52.70,60.80,59.00,93.79,120.00,14.00,0.53,29.63,null,2.50,null,SCT,BKN,OVC,   ,300.00,3600.00,11000.00,null,null,null,null,null,null,null,null,60.80,KCKM 260955Z AUTO 12014KT 2 1/2SM SCT003 BKN036 OVC110 16/15 A2963 RMK AO1 P0053,null
PIB,2011-04-26 09:55,-89.3371,31.4671,91.00,69.80,64.40,82.98,170.00,4.00,null,29.78,null,10.00,null,FEW,OVC,   ,   ,1600.00,2500.00,null,null,null,null,null,null,null,null,null,69.80,KPIB 260955Z AUTO 17004KT 10SM FEW016 OVC025 21/18 A2978 RMK AO1,null
M16,2011-04-26 09:55,-90.4105,32.3045,75.30,71.60,68.00,88.43,220.00,11.00,0.15,29.76,null,1.25,null,SCT,BKN,OVC,   ,100.00,1200.00,3200.00,null,TSRA,null,null,null,null,null,null,72.62,KM16 260955Z AUTO 22011KT 020V030 1 1/4SM TSRA SCT001 BKN012 OVC032 22/20 A2976 RMK AO2 P0015,null
UOX,2011-04-26 09:55,-89.5368,34.3843,137.80,57.20,57.20,100.00,70.00,7.00,null,29.73,null,10.00,null,FEW,OVC,   ,   ,300.00,2700.00,null,null,-RA,null,null,null,null,null,null,57.20,KUOX 260955Z AUTO 07007KT 10SM -RA FEW003 OVC027 14/14 A2973 RMK AO2 LTG DSNT W-NE,null
MYT,2011-04-26 09:55,-89.6150,28.2206,0.00,77.00,73.40,88.67,170.00,11.00,null,29.76,null,1.50,null,BKN,   ,   ,   ,2900.00,null,null,null,HZ,null,null,null,null,null,null,78.57,KMYT 260955Z AUTO 17011KT 1 1/2SM HZ BKN029 25/23 A2976 RMK A01,null
HEZ,2011-04-26 09:55,-91.2973,31.6137,83.00,62.60,57.20,82.50,140.00,17.00,0.71,29.68,null,10.00,null,SCT,SCT,BKN,   ,3600.00,5500.00,7500.00,null,TS,null,null,null,null,null,null,62.60,KHEZ 260955Z AUTO 14017KT 10SM TS SCT036 SCT055 BKN075 17/14 A2968 RMK AO1 LTG DSNT ALQDS P0071,null
BIX,2011-04-26 09:55,-88.9244,30.4104,10.00,77.36,71.42,81.95,190.00,13.00,null,29.78,1008.70,10.00,22.00,SCT,SCT,   ,   ,2100.00,2700.00,null,null,null,null,null,null,null,null,null,78.65,KBIX 260955Z AUTO 19013G22KT 10SM SCT021 SCT027 25/22 A2978 RMK AO2 SLP087 T02520219,null
CBM,2011-04-26 09:55,-88.4438,33.6438,67.00,64.22,59.18,83.68,360.00,4.00,null,29.74,1007.00,10.00,null,OVC,   ,   ,   ,1400.00,null,null,null,null,null,null,null,null,null,null,64.22,KCBM 260955Z AUTO 36004KT 10SM OVC014 18/15 A2974 RMK AO2 SLP070 T01790151 $,null
MIS,2011-04-26 09:55,-88.8420,29.2960,32.00,82.40,71.60,69.90,220.00,15.00,null,29.78,null,3.00,21.00,CLR,   ,   ,   ,null,null,null,null,HZ,null,null,null,null,null,null,87.18,KMIS 260955Z AUTO 22015G21KT 3SM HZ CLR 28/22 A2978 RMK A01,null
DLP,2011-04-26 09:55,-89.5472,29.1214,0.00,77.00,73.40,88.67,160.00,14.00,null,29.76,null,7.00,23.00,CLR,   ,   ,   ,null,null,null,null,null,null,null,null,null,null,null,78.57,KDLP 260955Z AUTO 16014G23KT 7SM CLR 25/23 A2976 RMK A01,null
1R7,2011-04-26 09:55,-90.4093,31.6058,149.00,73.40,69.80,88.51,180.00,5.00,null,29.78,null,6.00,null,BKN,   ,   ,   ,1400.00,null,null,null,BR,null,null,null,null,null,null,74.60,K1R7 260955Z AUTO 18005KT 6SM BR BKN014 23/21 A2978 RMK AO2 LTG DSNT SW-N,null
NMM,2011-04-26 09:56,-88.5556,32.5521,97.00,72.00,66.00,81.57,0.00,5.00,null,29.76,1008.40,10.00,15.00,BKN,BKN,OVC,   ,1500.00,2600.00,5000.00,null,null,null,null,null,null,null,null,71.96,KNMM 260956Z AUTO VRB05G15KT 10SM BKN015 BKN026 OVC050 22/19 A2976 RMK AO2 SLP084 T02220189,null
MEI,2011-04-26 09:58,-88.7511,32.3347,94.00,71.00,68.00,90.06,170.00,10.00,null,29.76,1007.50,10.00,null,OVC,   ,   ,   ,1200.00,null,null,null,null,null,null,null,null,null,null,72.10,KMEI 260958Z AUTO 17010KT 10SM OVC012 22/20 A2976 RMK AO2 SLP075 T02170200,null
MCB,2011-04-26 10:03,-90.4700,31.1800,126.00,73.40,69.80,88.51,190.00,6.00,null,29.77,null,10.00,null,FEW,BKN,   ,   ,1700.00,11000.00,null,null,VCTS,null,null,null,null,null,null,74.60,KMCB 261003Z AUTO 19006KT 10SM VCTS FEW017 BKN110 23/21 A2977 RMK AO2 LTG DSNT SW-NW TSB0957 PRESRR,null
TUP,2011-04-26 10:09,-88.7711,34.2608,110.00,60.80,57.20,87.92,150.00,8.00,T,29.71,null,10.00,null,FEW,SCT,BKN,   ,500.00,4700.00,8000.00,null,null,null,null,null,null,null,null,60.80,KTUP 261009Z AUTO 15008KT 10SM FEW005 SCT047 BKN080 16/14 A2971 RMK AO2 RAE02 P0000,null
HKS,2011-04-26 10:12,-90.2225,32.3348,104.00,71.60,69.80,94.06,210.00,8.00,0.05,29.77,null,3.00,null,BKN,OVC,   ,   ,100.00,4500.00,null,null,RA BR,null,null,null,null,null,null,72.88,KHKS 261012Z AUTO 21008KT 3SM RA BR BKN001 OVC045 22/21 A2977 RMK AO2 LTG DSNT SE P0005,null
MIS,2011-04-26 10:15,-88.8420,29.2960,32.00,84.20,71.60,65.95,220.00,14.00,null,29.80,null,3.00,21.00,   ,   ,   ,   ,null,null,null,null,HZ,null,null,null,null,null,null,89.60,KMIS 261015Z AUTO 22014G21KT 3SM HZ 29/22 A2980 RMK A01,null
UOX,2011-04-26 10:15,-89.5368,34.3843,137.80,57.20,57.20,100.00,80.00,4.00,null,29.72,null,7.00,null,FEW,SCT,OVC,   ,200.00,2100.00,2700.00,null,-RA,null,null,null,null,null,null,57.20,KUOX 261015Z AUTO 08004KT 010V010 7SM -RA FEW002 SCT021 OVC027 14/14 A2972 RMK AO2 LTG DSNT W-NE,null
OLV,2011-04-26 10:15,-89.7869,34.9787,122.50,57.20,57.20,100.00,170.00,14.00,null,29.64,null,5.00,22.00,FEW,BKN,OVC,   ,2600.00,4400.00,7000.00,null,null,null,null,null,null,null,null,57.20,KOLV 261015Z AUTO 17014G22KT 5SM FEW026 BKN044 OVC070 14/14 A2964 RMK A01 P002,null
HEZ,2011-04-26 10:15,-91.2973,31.6137,83.00,62.60,57.20,82.50,140.00,21.00,null,29.60,null,10.00,33.00,FEW,FEW,SCT,   ,3500.00,5000.00,7000.00,null,VCTS,null,null,null,null,null,null,62.60,KHEZ 261015Z AUTO 14021G33KT 10SM VCTS FEW035 FEW050 SCT070 17/14 A2960 RMK AO1 LTG DSNT NE TSE09B10,null
GTR,2011-04-26 10:15,-88.5914,33.4503,80.00,71.60,68.00,88.43,150.00,13.00,null,29.72,null,10.00,19.00,SCT,BKN,OVC,   ,1300.00,2100.00,3200.00,null,null,null,null,null,null,null,null,72.62,KGTR 261015Z 15013G19KT 10SM SCT013 BKN021 OVC032 22/20 A2972 RMK AO1,null
PIB,2011-04-26 10:15,-89.3371,31.4671,91.00,69.80,64.40,82.98,null,null,null,29.80,null,10.00,null,SCT,BKN,OVC,   ,2000.00,2600.00,3900.00,null,null,null,null,null,null,null,null,69.80,KPIB 261015Z AUTO 00000KT 10SM SCT020 BKN026 OVC039 21/18 A2980 RMK AO1,null
1R7,2011-04-26 10:15,-90.4093,31.6058,149.00,73.40,69.80,88.51,150.00,5.00,null,29.76,null,5.00,null,BKN,BKN,   ,   ,1600.00,2200.00,null,null,VCTS BR,null,null,null,null,null,null,74.60,K1R7 261015Z AUTO 15005KT 5SM VCTS BR BKN016 BKN022 23/21 A2976 RMK AO2 LTG DSNT ALQDS,null
CRX,2011-04-26 10:15,-88.6035,34.9150,129.00,59.00,57.20,93.74,160.00,9.00,0.14,29.78,null,2.50,null,BKN,BKN,OVC,   ,300.00,800.00,3700.00,null,-TSRA,null,null,null,null,null,null,59.00,KCRX 261015Z AUTO 16009KT 2 1/2SM -TSRA BKN003 BKN008 OVC037 15/14 A2978 RMK AO2 LTG DSNT ALQDS P0014,null
M16,2011-04-26 10:15,-90.4105,32.3045,75.30,68.00,64.40,88.26,160.00,16.00,0.02,29.65,null,3.00,31.00,FEW,SCT,BKN,   ,100.00,1000.00,2200.00,null,-TSRA,null,null,null,null,null,null,68.00,KM16 261015Z AUTO 16016G31KT 010V020 3SM -TSRA FEW001 SCT010 BKN022 20/18 A2965 RMK AO2 LTG DSNT ALQDS P0002,null
MYT,2011-04-26 10:15,-89.6150,28.2206,0.00,77.00,71.60,83.44,170.00,13.00,null,29.75,null,1.50,null,BKN,   ,   ,   ,2800.00,null,null,null,HZ,null,null,null,null,null,null,78.32,KMYT 261015Z AUTO 17013KT 1 1/2SM HZ BKN028 25/22 A2975 RMK A01,null
CKM,2011-04-26 10:15,-90.5123,34.2997,52.70,60.80,59.00,93.79,120.00,13.00,null,29.62,null,10.00,null,FEW,SCT,   ,   ,3400.00,11000.00,null,null,null,null,null,null,null,null,null,60.80,KCKM 261015Z AUTO 12013KT 10SM FEW034 SCT110 16/15 A2962 RMK AO1,null
DLP,2011-04-26 10:15,-89.5472,29.1214,0.00,77.00,73.40,88.67,160.00,15.00,null,29.76,null,7.00,22.00,CLR,   ,   ,   ,null,null,null,null,null,null,null,null,null,null,null,78.57,KDLP 261015Z AUTO 16015G22KT 7SM CLR 25/23 A2976 RMK A01,null
MCB,2011-04-26 10:18,-90.4700,31.1800,126.00,73.40,69.80,88.51,190.00,7.00,null,29.78,null,10.00,null,FEW,SCT,BKN,   ,2000.00,6500.00,9500.00,null,VCTS,null,null,null,null,null,null,74.60,KMCB 261018Z AUTO 19007KT 10SM VCTS FEW020 SCT065 BKN095 23/21 A2978 RMK AO2 LTG DSNT SW-N TSB0957E12B18,null
CBM,2011-04-26 10:20,-88.4438,33.6438,67.00,66.20,60.80,82.74,0.00,3.00,null,29.72,1006.50,10.00,null,OVC,   ,   ,   ,1500.00,null,null,null,null,null,null,null,null,null,null,66.20,KCBM 261020Z AUTO VRB03KT 10SM OVC015 19/16 A2972 RMK AO2 CIG 014V019 SLP065 $,null
HKS,2011-04-26 10:23,-90.2225,32.3348,104.00,71.60,69.80,94.06,140.00,21.00,0.15,29.70,null,2.00,26.00,OVC,   ,   ,   ,100.00,null,null,null,+RA BR,null,null,null,26.00,150.00,2011-04-26 10:23,72.88,KHKS 261023Z AUTO 14021G26KT 2SM +RA BR OVC001 22/21 A2970 RMK AO2 PK WND 15026/1023 PRESFR P0015,null
TUP,2011-04-26 10:25,-88.7711,34.2608,110.00,60.80,57.20,87.92,140.00,3.00,null,29.72,null,10.00,null,FEW,BKN,BKN,   ,500.00,2000.00,7000.00,null,null,null,null,null,null,null,null,60.80,KTUP 261025Z AUTO 14003KT 10SM FEW005 BKN020 BKN070 16/14 A2972,null
CKM,2011-04-26 10:35,-90.5123,34.2997,52.70,62.60,59.00,88.00,130.00,7.00,0.01,29.64,null,9.00,null,FEW,SCT,BKN,   ,4800.00,7000.00,10000.00,null,null,null,null,null,null,null,null,62.60,KCKM 261035Z AUTO 13007KT 9SM FEW048 SCT070 BKN100 17/15 A2964 RMK AO1 P0001,null
JAN,2011-04-26 10:35,-90.0800,32.3200,101.00,71.60,69.80,94.06,130.00,7.00,0.09,29.73,null,2.00,null,FEW,BKN,BKN,   ,1700.00,4600.00,9000.00,null,TSRA BR,null,null,null,null,null,null,72.88,KJAN 261035Z 13007KT 2SM TSRA BR FEW017 BKN046CB BKN090 22/21 A2973 RMK AO2 RAB07 PRESFR FRQ LTGICCCCG OHD TS OHD MOV NE P0009,null
UOX,2011-04-26 10:35,-89.5368,34.3843,137.80,57.20,57.20,100.00,null,null,null,29.70,null,10.00,null,BKN,OVC,   ,   ,2200.00,2700.00,null,null,null,null,null,null,null,null,null,57.20,KUOX 261035Z AUTO 00000KT 10SM BKN022 OVC027 14/14 A2970 RMK AO2 LTG DSNT ALQDS,null
PIB,2011-04-26 10:35,-89.3371,31.4671,91.00,69.80,64.40,82.98,150.00,3.00,null,29.80,null,10.00,null,FEW,SCT,OVC,   ,1900.00,2500.00,3400.00,null,null,null,null,null,null,null,null,69.80,KPIB 261035Z AUTO 15003KT 10SM FEW019 SCT025 OVC034 21/18 A2980 RMK AO1,null
M16,2011-04-26 10:35,-90.4105,32.3045,75.30,69.80,68.00,94.01,140.00,14.00,0.02,29.63,null,9.00,24.00,CLR,   ,   ,   ,null,null,null,null,TS,null,null,null,null,null,null,69.80,KM16 261035Z AUTO 14014G24KT 9SM TS CLR 21/20 A2963 RMK AO2 LTG DSNT ALQDS P0002,null
MIS,2011-04-26 10:35,-88.8420,29.2960,32.00,82.40,71.60,69.90,220.00,17.00,null,29.79,null,3.00,null,CLR,   ,   ,   ,null,null,null,null,HZ,null,null,null,null,null,null,87.18,KMIS 261035Z AUTO 22017KT 3SM HZ CLR 28/22 A2979 RMK A01,null
OLV,2011-04-26 10:35,-89.7869,34.9787,122.50,57.20,57.20,100.00,200.00,10.00,null,29.63,null,9.00,null,FEW,SCT,SCT,   ,2500.00,4500.00,6000.00,null,null,null,null,null,null,null,null,57.20,KOLV 261035Z AUTO 20010KT 9SM FEW025 SCT045 SCT060 14/14 A2963 RMK A01 P002,null
HEZ,2011-04-26 10:35,-91.2973,31.6137,83.00,62.60,57.20,82.50,200.00,6.00,null,29.61,null,10.00,27.00,FEW,   ,   ,   ,12000.00,null,null,null,null,null,null,null,null,null,null,62.60,KHEZ 261035Z AUTO 20006G27KT 150V240 10SM FEW120 17/14 A2961 RMK AO1 LTG DSNT E TSE09B10E25,null
CRX,2011-04-26 10:35,-88.6035,34.9150,129.00,59.00,57.20,93.74,160.00,6.00,0.25,29.76,null,4.00,null,BKN,BKN,OVC,   ,300.00,3800.00,4400.00,null,TSRA,null,null,null,null,null,null,59.00,KCRX 261035Z AUTO 16006KT 4SM TSRA BKN003 BKN038 OVC044 15/14 A2976 RMK AO2 P0025,null
GTR,2011-04-26 10:35,-88.5914,33.4503,80.00,71.60,68.00,88.43,160.00,16.00,null,29.72,null,10.00,20.00,SCT,OVC,   ,   ,1300.00,1900.00,null,null,null,null,null,null,null,null,null,72.62,KGTR 261035Z 16016G20KT 10SM SCT013 OVC019 22/20 A2972 RMK AO1,null
1R7,2011-04-26 10:35,-90.4093,31.6058,149.00,66.20,64.40,93.92,250.00,16.00,0.30,29.83,null,0.75,35.00,BKN,BKN,OVC,   ,200.00,1000.00,2000.00,null,+TSRA,null,null,null,null,null,null,66.20,K1R7 261035Z AUTO 25016G35KT 3/4SM +TSRA BKN002 BKN010 OVC020 19/18 A2983 RMK AO2 P0030,null
MYT,2011-04-26 10:35,-89.6150,28.2206,0.00,78.80,71.60,78.62,180.00,13.00,null,29.76,null,1.50,null,SCT,   ,   ,   ,3000.00,null,null,null,HZ,null,null,null,null,null,null,81.70,KMYT 261035Z AUTO 18013KT 1 1/2SM HZ SCT030 26/22 A2976 RMK A01,null
HKS,2011-04-26 10:35,-90.2225,32.3348,104.00,71.60,69.80,94.06,150.00,23.00,0.18,29.67,null,4.00,30.00,BKN,BKN,   ,   ,100.00,600.00,null,null,-RA BR,null,null,null,30.00,150.00,2011-04-26 10:34,72.88,KHKS 261035Z AUTO 15023G30KT 4SM -RA BR BKN001 BKN006 22/21 A2967 RMK AO2 PK WND 15030/1034 WSHFT 1021 P0018,null
DLP,2011-04-26 10:35,-89.5472,29.1214,0.00,78.80,73.40,83.55,160.00,17.00,null,29.77,null,7.00,null,CLR,   ,   ,   ,null,null,null,null,null,null,null,null,null,null,null,82.03,KDLP 261035Z AUTO 16017KT 7SM CLR 26/23 A2977 RMK A01,null
CBM,2011-04-26 10:38,-88.4438,33.6438,67.00,71.60,66.20,83.09,170.00,14.00,null,29.72,1006.30,10.00,20.00,OVC,   ,   ,   ,1500.00,null,null,null,null,null,null,null,null,null,null,71.60,KCBM 261038Z AUTO 17014G20KT 10SM OVC015 22/19 A2972 RMK AO2 WSHFT 1023 CIG 014V019 SLP063 $,null
MCB,2011-04-26 10:39,-90.4700,31.1800,126.00,62.60,59.00,88.00,300.00,14.00,0.23,29.85,null,1.75,28.00,SCT,BKN,OVC,   ,1400.00,4300.00,6500.00,null,+TSRA BR,null,null,null,32.00,310.00,2011-04-26 10:29,62.60,KMCB 261039Z AUTO 30014G28KT 1 3/4SM +TSRA BR SCT014 BKN043 OVC065 17/15 A2985 RMK AO2 PK WND 31032/1029 WSHFT 1025 LTG DSNT ALQDS TSB0957E12B18RAB28 PRESRR P0023,null
JAN,2011-04-26 10:43,-90.0800,32.3200,101.00,71.60,69.80,94.06,140.00,17.00,0.10,29.70,null,4.00,22.00,FEW,BKN,OVC,   ,1700.00,2400.00,4600.00,null,-TSRA BR,null,null,null,null,null,null,72.88,KJAN 261043Z 14017G22KT 4SM -TSRA BR FEW017 BKN024CB OVC046 22/21 A2970 RMK AO2 RAB07 PRESFR FRQ LTGICCCCG OHD TS OHD MOV NE P0010,null
TUP,2011-04-26 10:43,-88.7711,34.2608,110.00,60.80,57.20,87.92,20.00,9.00,T,29.74,null,9.00,null,BKN,OVC,   ,   ,500.00,1800.00,null,null,-RA,null,null,null,null,null,null,60.80,KTUP 261043Z 02009KT 9SM -RA BKN005 OVC018 16/14 A2974 RMK AO2 RAE02B31 CIG 003V009 P0000,null
HKS,2011-04-26 10:49,-90.2225,32.3348,104.00,71.60,66.20,83.09,170.00,25.00,0.18,29.66,null,10.00,35.00,SCT,SCT,   ,   ,100.00,10000.00,null,null,-RA,null,null,null,35.00,150.00,2011-04-26 10:44,71.60,KHKS 261049Z AUTO 17025G35KT 10SM -RA SCT001 SCT100 22/19 A2966 RMK AO2 PK WND 15035/1044 WSHFT 1021 LTG DSNT SE P0018,null
GTR,2011-04-26 10:50,-88.5914,33.4503,80.00,71.60,68.00,88.43,150.00,16.00,null,29.71,null,10.00,21.00,BKN,OVC,   ,   ,1300.00,2100.00,null,null,null,null,null,null,null,null,null,72.62,KGTR 261050Z 15016G21KT 10SM BKN013 OVC021 22/20 A2971,null
MCB,2011-04-26 10:50,-90.4700,31.1800,126.00,62.60,60.80,93.83,290.00,6.00,0.36,29.84,null,2.00,19.00,BKN,BKN,OVC,   ,1600.00,4000.00,5000.00,null,+TSRA BR,null,null,null,32.00,310.00,2011-04-26 10:29,62.60,KMCB 261050Z AUTO 29006G19KT 2SM +TSRA BR BKN016 BKN040 OVC050 17/16 A2984 RMK AO2 PK WND 31032/1029 WSHFT 1025 LTG DSNT ALQDS TSB0957E12B18RAB28 P0036,null
MCB,2011-04-26 10:51,-90.4700,31.1800,126.00,62.00,60.00,93.22,290.00,5.00,0.37,29.84,1009.90,2.00,null,BKN,BKN,OVC,   ,1600.00,4000.00,5000.00,null,+TSRA BR,null,null,null,32.00,310.00,2011-04-26 10:29,62.06,KMCB 261051Z AUTO 29005KT 2SM +TSRA BR BKN016 BKN040 OVC050 17/16 A2984 RMK AO2 PK WND 31032/1029 WSHFT 1025 LTG DSNT ALQDS TSB0957E12B18RAB28 SLP099 P0037 T01670156,null
PQL,2011-04-26 10:53,-88.5319,30.4636,5.00,75.00,70.00,84.34,160.00,6.00,null,29.80,1009.30,10.00,null,SCT,SCT,BKN,   ,2000.00,2500.00,3100.00,null,null,null,null,null,null,null,null,76.19,KPQL 261053Z AUTO 16006KT 10SM SCT020 SCT025 BKN031 24/21 A2980 RMK AO2 SLP093 T02390211,null
HKS,2011-04-26 10:53,-90.2225,32.3348,104.00,71.00,66.00,84.10,160.00,31.00,0.18,29.65,1003.00,10.00,43.00,FEW,SCT,   ,   ,100.00,10000.00,null,null,-RA,null,null,null,43.00,170.00,2011-04-26 10:53,71.06,KHKS 261053Z AUTO 16031G43KT 10SM -RA FEW001 SCT100 22/19 A2965 RMK AO2 PK WND 17043/1053 WSHFT 1021 LTG DSNT SE SLP030 P0018 T02170189,null
GWO,2011-04-26 10:53,-90.0847,33.4943,47.00,66.00,64.00,93.33,40.00,5.00,null,29.64,1003.40,7.00,null,CLR,   ,   ,   ,null,null,null,null,null,null,null,null,null,null,null,66.02,KGWO 261053Z AUTO 04005KT 7SM CLR 19/18 A2964 RMK AO2 SLP034 T01890178,null
HBG,2011-04-26 10:53,-89.2529,31.2649,46.00,70.00,67.00,90.02,null,null,null,29.80,1008.60,10.00,null,FEW,BKN,   ,   ,3800.00,9000.00,null,null,null,null,null,null,null,null,null,69.98,KHBG 261053Z AUTO 00000KT 10SM FEW038 BKN090 21/19 A2980 RMK AO2 SLP086 T02110194 TSNO,null
GLH,2011-04-26 10:53,-90.9856,33.4829,40.00,64.00,63.00,96.28,80.00,6.00,null,29.61,1003.20,10.00,null,CLR,   ,   ,   ,null,null,null,null,null,null,null,null,null,null,null,64.04,KGLH 261053Z AUTO 08006KT 10SM CLR 18/17 A2961 RMK AO2 SLP032 T01780172,null
GPT,2011-04-26 10:53,-89.0701,30.4073,9.00,77.00,70.00,78.96,190.00,9.00,null,29.79,1008.80,10.00,14.00,FEW,SCT,BKN,   ,2000.00,2600.00,3800.00,null,null,null,null,null,null,null,null,78.11,KGPT 261053Z 19009G14KT 10SM FEW020 SCT026 BKN038 25/21 A2979 RMK AO2 SLP088 T02500211,null
M16,2011-04-26 10:55,-90.4105,32.3045,75.30,69.80,60.80,73.09,150.00,21.00,0.02,29.60,null,10.00,42.00,CLR,   ,   ,   ,null,null,null,null,TS,null,null,null,null,null,null,69.80,KM16 261055Z AUTO 15021G42KT 10SM TS CLR 21/16 A2960 RMK AO2 LTG DSNT ALQDS P0002,null
MIS,2011-04-26 10:55,-88.8420,29.2960,32.00,82.40,71.60,69.90,220.00,14.00,null,29.80,null,3.00,20.00,   ,   ,   ,   ,null,null,null,null,HZ,null,null,null,null,null,null,87.18,KMIS 261055Z AUTO 22014G20KT 3SM HZ 28/22 A2980 RMK A01,null
GTR,2011-04-26 10:55,-88.5914,33.4503,80.00,71.60,68.00,88.43,160.00,15.00,null,29.71,null,10.00,21.00,BKN,OVC,   ,   ,1500.00,2100.00,null,null,null,null,null,null,null,null,null,72.62,KGTR 261055Z 16015G21KT 10SM BKN015 OVC021 22/20 A2971 RMK AO1,null
UOX,2011-04-26 10:55,-89.5368,34.3843,137.80,57.20,57.20,100.00,null,null,null,29.70,null,10.00,null,OVC,   ,   ,   ,2200.00,null,null,null,null,null,null,null,null,null,null,57.20,KUOX 261055Z AUTO 00000KT 10SM OVC022 14/14 A2970 RMK AO2 LTG DSNT W-NE,null
HEZ,2011-04-26 10:55,-91.2973,31.6137,83.00,62.60,57.20,82.50,170.00,9.00,null,29.65,null,10.00,17.00,CLR,   ,   ,   ,null,null,null,null,null,null,null,null,null,null,null,62.60,KHEZ 261055Z AUTO 17009G17KT 10SM CLR 17/14 A2965 RMK AO1 TSE09B10E25,null
PIB,2011-04-26 10:55,-89.3371,31.4671,91.00,69.80,64.40,82.98,140.00,3.00,null,29.80,null,10.00,null,FEW,SCT,BKN,   ,2000.00,2800.00,3400.00,null,null,null,null,null,null,null,null,69.80,KPIB 261055Z AUTO 14003KT 10SM FEW020 SCT028 BKN034 21/18 A2980 RMK AO1,null
CKM,2011-04-26 10:55,-90.5123,34.2997,52.70,60.80,59.00,93.79,120.00,11.00,0.01,29.63,null,9.00,null,FEW,SCT,BKN,   ,3200.00,4800.00,6500.00,null,null,null,null,null,null,null,null,60.80,KCKM 261055Z AUTO 12011KT 9SM FEW032 SCT048 BKN065 16/15 A2963 RMK AO1 P0001,null
BIX,2011-04-26 10:55,-88.9244,30.4104,10.00,77.00,71.60,83.44,200.00,14.00,null,29.80,1009.10,10.00,19.00,SCT,   ,   ,   ,2300.00,null,null,null,null,null,null,null,null,null,null,78.32,KBIX 261055Z AUTO 20014G19KT 10SM SCT023 25/22 A2980 RMK AO2 SLP091 T02500220,null
OLV,2011-04-26 10:55,-89.7869,34.9787,122.50,57.20,57.20,100.00,180.00,7.00,null,29.64,null,9.00,null,FEW,   ,   ,   ,7500.00,null,null,null,null,null,null,null,null,null,null,57.20,KOLV 261055Z AUTO 18007KT 9SM FEW075 14/14 A2964 RMK A01 P002,null
MYT,2011-04-26 10:55,-89.6150,28.2206,0.00,78.80,71.60,78.62,170.00,13.00,null,29.76,null,1.75,null,CLR,   ,   ,   ,null,null,null,null,HZ,null,null,null,null,null,null,81.70,KMYT 261055Z AUTO 17013KT 1 3/4SM HZ CLR 26/22 A2976 RMK A01,null
CBM,2011-04-26 10:55,-88.4438,33.6438,67.00,72.14,66.74,83.13,160.00,16.00,null,29.70,1005.70,10.00,22.00,BKN,   ,   ,   ,1500.00,null,null,null,null,null,null,null,null,null,null,72.14,KCBM 261055Z AUTO 16016G22KT 10SM BKN015 22/19 A2970 RMK AO2 WSHFT 1023 CIG 014V019 SLP057 T02230193 $,null
DLP,2011-04-26 10:55,-89.5472,29.1214,0.00,78.80,73.40,83.55,160.00,20.00,null,29.77,null,6.00,null,CLR,   ,   ,   ,null,null,null,null,HZ,null,null,null,null,null,null,82.03,KDLP 261055Z AUTO 16020KT 6SM HZ CLR 26/23 A2977 RMK A01,null
1R7,2011-04-26 10:55,-90.4093,31.6058,149.00,64.40,62.60,93.88,290.00,3.00,0.42,29.83,null,3.00,null,FEW,BKN,OVC,   ,200.00,3100.00,4800.00,null,VCTS RA,null,null,null,null,null,null,64.40,K1R7 261055Z AUTO 29003KT 3SM VCTS RA FEW002 BKN031 OVC048 18/17 A2983 RMK AO2 P0042,null
CRX,2011-04-26 10:55,-88.6035,34.9150,129.00,59.00,57.20,93.74,150.00,9.00,0.33,29.75,null,4.00,null,FEW,BKN,OVC,   ,300.00,3800.00,4700.00,null,TSRA,null,null,null,null,null,null,59.00,KCRX 261055Z AUTO 15009KT 4SM TSRA FEW003 BKN038 OVC047 15/14 A2975 RMK AO2 P0033,null
NMM,2011-04-26 10:56,-88.5556,32.5521,97.00,72.00,66.00,81.57,170.00,7.00,null,29.78,1009.10,10.00,14.00,OVC,   ,   ,   ,1500.00,null,null,null,null,null,null,null,null,null,null,71.96,KNMM 261056Z AUTO 17007G14KT 10SM OVC015 22/19 A2978 RMK AO2 SLP091 T02220189,null
MEI,2011-04-26 10:58,-88.7511,32.3347,94.00,71.00,68.00,90.06,170.00,10.00,null,29.79,1008.20,10.00,null,BKN,BKN,   ,   ,1200.00,9000.00,null,null,null,null,null,null,null,null,null,72.10,KMEI 261058Z 17010KT 10SM BKN012 BKN090 22/20 A2979 RMK AO2 SLP082 T02170200,null
JAN,2011-04-26 11:01,-90.0800,32.3200,101.00,71.60,66.20,83.09,180.00,13.00,0.02,29.71,null,6.00,36.00,FEW,BKN,OVC,   ,1200.00,4600.00,10000.00,null,-TSRA BR,null,null,null,34.00,160.00,2011-04-26 10:55,71.60,KJAN 261101Z 18013G36KT 6SM -TSRA BR FEW012 BKN046CB OVC100 22/19 A2971 RMK AO2 PK WND 16034/1055 OCNL LTGICCC OHD TS OHD MOV NE P0002,null
TUP,2011-04-26 11:04,-88.7711,34.2608,110.00,60.80,57.20,87.92,70.00,11.00,null,29.73,null,10.00,null,SCT,OVC,   ,   ,500.00,1400.00,null,null,null,null,null,null,null,null,null,60.80,KTUP 261104Z 07011KT 10SM SCT005 OVC014 16/14 A2973 RMK AO2,null
CKM,2011-04-26 11:15,-90.5123,34.2997,52.70,62.60,59.00,88.00,110.00,13.00,null,29.62,null,10.00,null,BKN,BKN,BKN,   ,4100.00,5500.00,6500.00,null,null,null,null,null,null,null,null,62.60,KCKM 261115Z AUTO 11013KT 10SM BKN041 BKN055 BKN065 17/15 A2962 RMK AO1,null
OLV,2011-04-26 11:15,-89.7869,34.9787,122.50,57.20,57.20,100.00,180.00,6.00,null,29.64,null,10.00,null,FEW,   ,   ,   ,7500.00,null,null,null,null,null,null,null,null,null,null,57.20,KOLV 261115Z AUTO 18006KT 10SM FEW075 14/14 A2964 RMK A01 P000,null
DLP,2011-04-26 11:15,-89.5472,29.1214,0.00,78.80,73.40,83.55,160.00,21.00,null,29.78,null,6.00,26.00,CLR,   ,   ,   ,null,null,null,null,HZ,null,null,null,null,null,null,82.03,KDLP 261115Z AUTO 16021G26KT 6SM HZ CLR 26/23 A2978 RMK A01,null
HEZ,2011-04-26 11:15,-91.2973,31.6137,83.00,62.60,57.20,82.50,240.00,9.00,null,29.71,null,10.00,19.00,CLR,   ,   ,   ,null,null,null,null,null,null,null,null,null,null,null,62.60,KHEZ 261115Z AUTO 24009G19KT 10SM CLR 17/14 A2971 RMK AO1,null
NMM,2011-04-26 11:15,-88.5556,32.5521,97.00,71.60,66.20,83.09,0.00,5.00,null,29.79,null,10.00,null,BKN,OVC,   ,   ,1300.00,3300.00,null,null,null,null,null,null,null,null,null,71.60,KNMM 261115Z AUTO VRB05KT 10SM BKN013 OVC033 22/19 A2979 RMK AO2,null
CRX,2011-04-26 11:15,-88.6035,34.9150,129.00,59.00,57.20,93.74,140.00,9.00,0.03,29.73,null,7.00,null,FEW,SCT,BKN,   ,300.00,3700.00,4700.00,null,VCTS -RA,null,null,null,null,null,null,59.00,KCRX 261115Z AUTO 14009KT 7SM VCTS -RA FEW003 SCT037 BKN047 15/14 A2973 RMK AO2 LTG DSNT ALQDS P0003,null
PIB,2011-04-26 11:15,-89.3371,31.4671,91.00,69.80,64.40,82.98,150.00,5.00,null,29.81,null,10.00,null,FEW,OVC,   ,   ,2900.00,9000.00,null,null,null,null,null,null,null,null,null,69.80,KPIB 261115Z AUTO 15005KT 10SM FEW029 OVC090 21/18 A2981 RMK AO1 LTG DSNT W,null
M16,2011-04-26 11:15,-90.4105,32.3045,75.30,66.20,59.00,77.60,150.00,22.00,null,29.61,null,8.00,38.00,FEW,SCT,   ,   ,2600.00,4100.00,null,null,VCTS,null,null,null,null,null,null,66.20,KM16 261115Z AUTO 15022G38KT 8SM VCTS FEW026 SCT041 19/15 A2961 RMK AO2 LTG DSNT ALQDS,null
MIS,2011-04-26 11:15,-88.8420,29.2960,32.00,84.20,73.40,70.08,220.00,14.00,null,29.80,null,3.00,20.00,   ,   ,   ,   ,null,null,null,null,HZ,null,null,null,null,null,null,90.94,KMIS 261115Z AUTO 22014G20KT 3SM HZ 29/23 A2980 RMK A01,null
UOX,2011-04-26 11:15,-89.5368,34.3843,137.80,59.00,57.20,93.74,130.00,3.00,null,29.69,null,9.00,null,BKN,OVC,   ,   ,2200.00,2700.00,null,null,-RA,null,null,null,null,null,null,59.00,KUOX 261115Z AUTO 13003KT 9SM -RA BKN022 OVC027 15/14 A2969 RMK AO2 LTG DSNT ALQDS,null
MYT,2011-04-26 11:15,-89.6150,28.2206,0.00,78.80,71.60,78.62,170.00,12.00,null,29.77,null,1.50,null,CLR,   ,   ,   ,null,null,null,null,HZ,null,null,null,null,null,null,81.70,KMYT 261115Z AUTO 17012KT 1 1/2SM HZ CLR 26/22 A2977 RMK A01,null
MCB,2011-04-26 11:25,-90.4700,31.1800,126.00,62.60,60.80,93.83,140.00,9.00,0.21,29.84,null,5.00,null,OVC,   ,   ,   ,2600.00,null,null,null,TSRA BR,null,null,null,null,null,null,62.60,KMCB 261125Z AUTO 14009KT 5SM TSRA BR OVC026 17/16 A2984 RMK AO2 LTG DSNT ALQDS P0021,null
CBM,2011-04-26 11:26,-88.4438,33.6438,67.00,71.60,66.20,83.09,170.00,20.00,null,29.68,1005.10,10.00,31.00,SCT,BKN,   ,   ,1600.00,2100.00,null,null,null,null,null,null,31.00,160.00,2011-04-26 11:19,71.60,KCBM 261126Z AUTO 17020G31KT 10SM SCT016 BKN021 22/19 A2968 RMK AO2 PK WND 16031/1119 SLP051 $,null
CBM,2011-04-26 11:30,-88.4438,33.6438,67.00,71.60,66.20,83.09,170.00,17.00,null,29.69,1005.50,10.00,29.00,BKN,   ,   ,   ,1800.00,null,null,null,null,null,null,null,31.00,160.00,2011-04-26 11:19,71.60,KCBM 261130Z AUTO 17017G29KT 10SM BKN018 22/19 A2969 RMK AO2 PK WND 16031/1119 CIG 015V023 SLP055 $,null
NMM,2011-04-26 11:31,-88.5556,32.5521,97.00,71.60,66.20,83.09,160.00,7.00,null,29.79,null,10.00,null,SCT,BKN,OVC,   ,1500.00,3300.00,10000.00,null,null,null,null,null,null,null,null,71.60,KNMM 261131Z AUTO 16007KT 130V190 10SM SCT015 BKN033 OVC100 22/19 A2979 RMK AO2,null
BIX,2011-04-26 11:31,-88.9244,30.4104,10.00,77.00,71.60,83.44,200.00,13.00,null,29.82,1010.10,10.00,18.00,SCT,BKN,BKN,   ,1800.00,2400.00,4400.00,null,null,null,null,null,null,null,null,78.32,KBIX 261131Z AUTO 20013G18KT 10SM SCT018 BKN024 BKN044 25/22 A2982 RMK AO2 SLP101,null
MIS,2011-04-26 11:35,-88.8420,29.2960,32.00,84.20,71.60,65.95,220.00,17.00,null,29.81,null,2.00,22.00,   ,   ,   ,   ,null,null,null,null,HZ,null,null,null,null,null,null,89.60,KMIS 261135Z AUTO 22017G22KT 2SM HZ 29/22 A2981 RMK A01,null
MYT,2011-04-26 11:35,-89.6150,28.2206,0.00,78.80,71.60,78.62,170.00,14.00,null,29.77,null,1.50,20.00,CLR,   ,   ,   ,null,null,null,null,HZ,null,null,null,null,null,null,81.70,KMYT 261135Z AUTO 17014G20KT 1 1/2SM HZ CLR 26/22 A2977 RMK A01,null
UOX,2011-04-26 11:35,-89.5368,34.3843,137.80,57.20,57.20,100.00,120.00,5.00,null,29.68,null,10.00,null,SCT,BKN,OVC,   ,2000.00,3200.00,3900.00,null,null,null,null,null,null,null,null,57.20,KUOX 261135Z AUTO 12005KT 10SM SCT020 BKN032 OVC039 14/14 A2968 RMK AO2 LTG DSNT ALQDS,null
1R7,2011-04-26 11:35,-90.4093,31.6058,149.00,62.60,62.60,100.00,100.00,10.00,0.05,29.74,null,2.50,18.00,FEW,BKN,OVC,   ,300.00,3100.00,4700.00,null,VCTS -RA,null,null,null,null,null,null,62.60,K1R7 261135Z AUTO 10010G18KT 2 1/2SM VCTS -RA FEW003 BKN031 OVC047 17/17 A2974 RMK AO2 LTG DSNT ALQDS P0005,null
OLV,2011-04-26 11:35,-89.7869,34.9787,122.50,57.20,57.20,100.00,170.00,7.00,null,29.65,null,8.00,null,CLR,   ,   ,   ,null,null,null,null,null,null,null,null,null,null,null,57.20,KOLV 261135Z AUTO 17007KT 8SM CLR 14/14 A2965 RMK A01 P000,null
HEZ,2011-04-26 11:35,-91.2973,31.6137,83.00,62.60,57.20,82.50,200.00,6.00,null,29.71,null,10.00,null,CLR,   ,   ,   ,null,null,null,null,null,null,null,null,null,null,null,62.60,KHEZ 261135Z AUTO 20006KT 10SM CLR 17/14 A2971 RMK AO1 LTG DSNT SE,null
CRX,2011-04-26 11:35,-88.6035,34.9150,129.00,59.00,57.20,93.74,140.00,7.00,0.04,29.73,null,10.00,null,BKN,OVC,   ,   ,6500.00,7500.00,null,null,VCTS,null,null,null,null,null,null,59.00,KCRX 261135Z AUTO 14007KT 10SM VCTS BKN065 OVC075 15/14 A2973 RMK AO2 LTG DSNT ALQDS P0004,null
DLP,2011-04-26 11:35,-89.5472,29.1214,0.00,78.80,73.40,83.55,160.00,20.00,null,29.78,null,5.00,null,CLR,   ,   ,   ,null,null,null,null,HZ,null,null,null,null,null,null,82.03,KDLP 261135Z AUTO 16020KT 5SM HZ CLR 26/23 A2978 RMK A01,null
CKM,2011-04-26 11:35,-90.5123,34.2997,52.70,62.60,59.00,88.00,110.00,12.00,null,29.65,null,10.00,18.00,BKN,OVC,   ,   ,3700.00,4500.00,null,null,null,null,null,null,null,null,null,62.60,KCKM 261135Z AUTO 11012G18KT 10SM BKN037 OVC045 17/15 A2965 RMK AO1,null
PIB,2011-04-26 11:35,-89.3371,31.4671,91.00,69.80,64.40,82.98,150.00,6.00,null,29.82,null,10.00,null,FEW,BKN,BKN,   ,2600.00,8000.00,11000.00,null,null,null,null,null,null,null,null,69.80,KPIB 261135Z AUTO 15006KT 10SM FEW026 BKN080 BKN110 21/18 A2982 RMK AO1 LTG DSNT W,null
M16,2011-04-26 11:35,-90.4105,32.3045,75.30,66.20,59.00,77.60,150.00,19.00,null,29.59,null,10.00,28.00,FEW,   ,   ,   ,2900.00,null,null,null,VCTS,null,null,null,null,null,null,66.20,KM16 261135Z AUTO 15019G28KT 10SM VCTS FEW029 19/15 A2959 RMK AO2 LTG DSNT NE-S,null
CBM,2011-04-26 11:36,-88.4438,33.6438,67.00,71.60,66.20,83.09,170.00,16.00,null,29.71,1005.90,10.00,27.00,SCT,BKN,   ,   ,1700.00,2300.00,null,null,null,null,null,null,31.00,160.00,2011-04-26 11:19,71.60,KCBM 261136Z AUTO 17016G27KT 10SM SCT017 BKN023 22/19 A2971 RMK AO2 PK WND 16031/1119 CIG 016 RWY31C PRESRR SLP059 $,null
CBM,2011-04-26 11:37,-88.4438,33.6438,67.00,71.60,66.20,83.09,170.00,16.00,null,29.70,1005.90,10.00,25.00,BKN,BKN,   ,   ,1700.00,2600.00,null,null,null,null,null,null,31.00,160.00,2011-04-26 11:19,71.60,KCBM 261137Z AUTO 17016G25KT 10SM BKN017 BKN026 22/19 A2970 RMK AO2 PK WND 16031/1119 CIG 015V022 SLP059 $,null
CBM,2011-04-26 11:38,-88.4438,33.6438,67.00,71.60,66.20,83.09,170.00,15.00,null,29.71,1006.10,10.00,25.00,SCT,BKN,   ,   ,1700.00,2300.00,null,null,null,null,null,null,31.00,160.00,2011-04-26 11:19,71.60,KCBM 261138Z AUTO 17015G25KT 10SM SCT017 BKN023 22/19 A2971 RMK AO2 PK WND 16031/1119 CIG 016 RWY31C PRESRR SLP061 $,null
TUP,2011-04-26 11:38,-88.7711,34.2608,110.00,60.80,57.20,87.92,70.00,9.00,T,29.71,null,10.00,null,OVC,   ,   ,   ,1200.00,null,null,null,TS,null,null,null,null,null,null,60.80,KTUP 261138Z 07009KT 10SM TS OVC012 16/14 A2971 RMK AO2 TSB32RAB30E35 P0000,null
BIX,2011-04-26 11:38,-88.9244,30.4104,10.00,77.00,71.60,83.44,200.00,11.00,null,29.83,1010.20,10.00,null,SCT,BKN,BKN,   ,2000.00,3400.00,4400.00,null,null,null,null,null,null,null,null,78.32,KBIX 261138Z AUTO 20011KT 10SM SCT020 BKN034 BKN044 25/22 A2983 RMK AO2 SCT V BKN SLP102,null
CBM,2011-04-26 11:39,-88.4438,33.6438,67.00,71.60,66.20,83.09,180.00,15.00,null,29.72,1006.20,10.00,25.00,BKN,BKN,   ,   ,1700.00,2600.00,null,null,null,null,null,null,31.00,160.00,2011-04-26 11:19,71.60,KCBM 261139Z AUTO 18015G25KT 10SM BKN017 BKN026 22/19 A2972 RMK AO2 PK WND 16031/1119 CIG 015V022 PRESRR SLP062 $,null
BIX,2011-04-26 11:40,-88.9244,30.4104,10.00,77.00,71.60,83.44,200.00,11.00,null,29.83,1010.10,10.00,null,BKN,BKN,BKN,   ,2000.00,3400.00,4400.00,null,null,null,null,null,null,null,null,78.32,KBIX 261140Z AUTO 20011KT 10SM BKN020 BKN034 BKN044 25/22 A2983 RMK AO2 CIG 018V024 SLP101,null
CBM,2011-04-26 11:41,-88.4438,33.6438,67.00,71.60,66.20,83.09,190.00,13.00,null,29.71,1006.10,10.00,23.00,SCT,BKN,   ,   ,1700.00,2300.00,null,null,null,null,null,null,31.00,160.00,2011-04-26 11:19,71.60,KCBM 261141Z AUTO 19013G23KT 10SM SCT017 BKN023 22/19 A2971 RMK AO2 PK WND 16031/1119 SCT V BKN CIG 016 RWY31C PRESRR SLP061 $,null
CBM,2011-04-26 11:42,-88.4438,33.6438,67.00,71.60,66.20,83.09,180.00,13.00,null,29.71,1006.10,10.00,23.00,BKN,BKN,   ,   ,1700.00,2600.00,null,null,null,null,null,null,31.00,160.00,2011-04-26 11:19,71.60,KCBM 261142Z AUTO 18013G23KT 10SM BKN017 BKN026 22/19 A2971 RMK AO2 PK WND 16031/1119 CIG 015V022 PRESRR SLP061 $,null
CBM,2011-04-26 11:43,-88.4438,33.6438,67.00,71.60,66.20,83.09,170.00,13.00,null,29.71,1006.00,10.00,22.00,BKN,BKN,   ,   ,1700.00,2600.00,null,null,-RA,null,null,null,31.00,160.00,2011-04-26 11:19,71.60,KCBM 261143Z AUTO 17013G22KT 10SM -RA BKN017 BKN026 22/19 A2971 RMK AO2 PK WND 16031/1119 RAB1143 CIG 015V022 SLP060 $,null
GTR,2011-04-26 11:50,-88.5914,33.4503,80.00,71.60,68.00,88.43,170.00,19.00,null,29.71,null,10.00,32.00,SCT,BKN,OVC,   ,1400.00,2100.00,2600.00,null,null,null,null,null,null,null,null,72.62,KGTR 261150Z 17019G32KT 10SM SCT014 BKN021 OVC026 22/20 A2971,null
OLV,2011-04-26 11:50,-89.7869,34.9787,122.50,57.20,57.20,100.00,180.00,10.00,null,29.64,null,8.00,null,FEW,BKN,OVC,   ,6000.00,13000.00,25000.00,null,null,null,null,null,null,null,null,57.20,KOLV 261150Z 18010KT 8SM FEW060 BKN130 OVC250 14/14 A2964,null
PQL,2011-04-26 11:53,-88.5319,30.4636,5.00,76.00,70.00,81.85,170.00,5.00,null,29.84,1010.70,10.00,null,FEW,SCT,BKN,   ,2100.00,2700.00,3500.00,null,null,null,null,null,null,null,null,77.06,KPQL 261153Z 17005KT 10SM FEW021 SCT027 BKN035 24/21 A2984 RMK AO2 SLP107 T02440211 10244 20239 53015,null
GLH,2011-04-26 11:53,-90.9856,33.4829,40.00,63.00,63.00,100.00,90.00,4.00,null,29.64,1004.30,8.00,null,CLR,   ,   ,   ,null,null,null,null,null,null,null,null,null,null,null,62.96,KGLH 261153Z 09004KT 8SM CLR 17/17 A2964 RMK AO2 SLP043 60006 70161 T01720172 10189 20167 53013,null
MCB,2011-04-26 11:53,-90.4700,31.1800,126.00,62.00,61.00,96.25,220.00,5.00,0.33,29.81,1008.80,5.00,16.00,OVC,   ,   ,   ,2900.00,null,null,null,VCTS RA BR,null,null,null,null,null,null,62.06,KMCB 261153Z AUTO 22005G16KT 5SM VCTS RA BR OVC029 17/16 A2981 RMK AO2 LTG DSNT ALQDS SLP088 P0033 60070 70070 T01670161 10233 20167 50019,null
TUP,2011-04-26 11:53,-88.7711,34.2608,110.00,61.00,59.00,93.12,70.00,6.00,T,29.72,1006.00,10.00,null,OVC,null,null,null,1200.00,null,null,null,VCTS,null,null,null,null,null,null,61.00,KTUP 261153Z 07006KT 10SM VCTS OVC012 16/15 A2972 RMK AO2 TSB32RAB30E35 SLP060 P0000 60065 70065 T01610150 10206 20150 58003,null
HKS,2011-04-26 11:53,-90.2225,32.3348,104.00,66.00,60.00,81.15,130.00,28.00,0.03,29.60,1001.60,10.00,34.00,SCT,BKN,BKN,   ,100.00,4900.00,7500.00,null,-RA,null,null,null,42.00,150.00,2011-04-26 10:55,66.02,KHKS 261153Z 13028G34KT 10SM -RA SCT001 BKN049 BKN075 19/16 A2960 RMK AO2 PK WND 15042/1055 SLP016 P0003 60021 70021 T01890156 10228 20189 56046,null
GWO,2011-04-26 11:53,-90.0847,33.4943,47.00,66.00,65.00,96.31,70.00,3.00,null,29.65,1004.00,5.00,null,CLR,   ,   ,   ,null,null,null,null,BR,null,null,null,null,null,null,66.02,KGWO 261153Z AUTO 07003KT 5SM BR CLR 19/18 A2965 RMK AO2 SLP040 60025 70056 T01890183 10217 20161 53012,null
HBG,2011-04-26 11:53,-89.2529,31.2649,46.00,70.00,67.00,90.02,140.00,5.00,null,29.81,1009.20,10.00,null,FEW,SCT,   ,   ,9000.00,11000.00,null,null,null,null,null,null,null,null,null,69.98,KHBG 261153Z AUTO 14005KT 10SM FEW090 SCT110 21/19 A2981 RMK AO2 SLP092 T02110194 10228 20206 53012 TSNO,null
GPT,2011-04-26 11:53,-89.0701,30.4073,9.00,78.00,70.00,76.19,180.00,7.00,null,29.83,1010.00,10.00,null,FEW,SCT,BKN,   ,2400.00,4000.00,9000.00,null,null,null,null,null,null,null,null,80.33,KGPT 261153Z 18007KT 10SM FEW024 SCT040 BKN090 26/21 A2983 RMK AO2 SLP100 70027 T02560211 10256 20250 53020,null
BIX,2011-04-26 11:54,-88.9244,30.4104,10.00,77.00,71.60,83.44,200.00,12.00,null,29.84,1010.50,10.00,null,SCT,SCT,BKN,   ,1900.00,2400.00,4400.00,null,null,null,null,null,null,null,null,78.32,KBIX 261154Z AUTO 20012KT 10SM SCT019 SCT024 BKN044 25/22 A2984 RMK AO2 SLP105,null
JAN,2011-04-26 11:54,-90.0800,32.3200,101.00,66.00,62.00,87.05,120.00,25.00,0.09,29.66,1003.90,6.00,31.00,FEW,OVC,   ,   ,1500.00,3100.00,null,null,TSRA BR,null,null,null,34.00,160.00,2011-04-26 10:55,66.02,KJAN 261154Z 12025G31KT 6SM TSRA BR FEW015 OVC031CB 19/17 A2966 RMK AO2 PK WND 16034/1055 SLP039 OCNL LTGICCCCG NE-SE TS NE-SE MOV NE P0009 60019 70019 T01890167 10228 20189 56031,null
CBM,2011-04-26 11:54,-88.4438,33.6438,67.00,71.60,66.20,83.09,200.00,12.00,null,29.72,1006.50,10.00,19.00,BKN,BKN,   ,   ,1600.00,2400.00,null,null,null,null,null,null,31.00,160.00,2011-04-26 11:19,71.60,KCBM 261154Z AUTO 20012G19KT 10SM BKN016 BKN024 22/19 A2972 RMK AO2 PK WND 16031/1119 RAB1143E1154 CIG 015V020 SLP065 $,null
CRX,2011-04-26 11:55,-88.6035,34.9150,129.00,59.00,57.20,93.74,150.00,7.00,0.05,29.73,null,7.00,null,FEW,BKN,OVC,   ,4500.00,5000.00,6500.00,null,-RA,null,null,null,null,null,null,59.00,KCRX 261155Z AUTO 15007KT 7SM -RA FEW045 BKN050 OVC065 15/14 A2973 RMK AO2 LTG DSNT ALQDS P0005,null
PIB,2011-04-26 11:55,-89.3371,31.4671,91.00,69.80,64.40,82.98,250.00,5.00,null,29.85,null,8.00,null,FEW,BKN,OVC,   ,1600.00,8000.00,11000.00,null,null,null,null,null,null,null,null,69.80,KPIB 261155Z AUTO 25005KT 8SM FEW016 BKN080 OVC110 21/18 A2985 RMK AO1 LTG DSNT SW 10220 20210 52020,null
M16,2011-04-26 11:55,-90.4105,32.3045,75.30,68.00,57.20,68.35,250.00,12.00,null,29.71,null,10.00,21.00,CLR,   ,   ,   ,null,null,null,null,VCTS,null,null,null,null,null,null,68.00,KM16 261155Z AUTO 25012G21KT 10SM VCTS CLR 20/14 A2971 RMK AO2 LTG DSNT E AND SE,null
DLP,2011-04-26 11:55,-89.5472,29.1214,0.00,78.80,73.40,83.55,160.00,17.00,null,29.79,null,5.00,25.00,CLR,   ,   ,   ,null,null,null,null,HZ,null,null,null,null,null,null,82.03,KDLP 261155Z AUTO 16017G25KT 5SM HZ CLR 26/23 A2979 RMK A01,null
UOX,2011-04-26 11:55,-89.5368,34.3843,137.80,57.20,57.20,100.00,120.00,3.00,null,29.69,null,10.00,null,BKN,BKN,BKN,   ,1800.00,2200.00,3100.00,null,null,null,null,null,null,null,null,57.20,KUOX 261155Z AUTO 12003KT 10SM BKN018 BKN022 BKN031 14/14 A2969 RMK AO2,null
HEZ,2011-04-26 11:55,-91.2973,31.6137,83.00,62.60,59.00,88.00,160.00,6.00,null,29.71,null,10.00,null,CLR,   ,   ,   ,null,null,null,null,null,null,null,null,null,null,null,62.60,KHEZ 261155Z AUTO 16006KT 10SM CLR 17/15 A2971 RMK AO1 60091 70091 10240 20170 57017,null
MIS,2011-04-26 11:55,-88.8420,29.2960,32.00,84.20,71.60,65.95,220.00,16.00,null,29.82,null,2.50,22.00,   ,   ,   ,   ,null,null,null,null,HZ,null,null,null,null,null,null,89.60,KMIS 261155Z AUTO 22016G22KT 2 1/2SM HZ 29/22 A2982 RMK A01,null
1R7,2011-04-26 11:55,-90.4093,31.6058,149.00,62.60,62.60,100.00,110.00,8.00,0.06,29.70,null,5.00,18.00,FEW,SCT,BKN,   ,300.00,2200.00,4500.00,null,BR,null,null,null,null,null,null,62.60,K1R7 261155Z AUTO 11008G18KT 5SM BR FEW003 SCT022 BKN045 17/17 A2970 RMK AO2 LTG DSNT ALQDS P0006,null
CBM,2011-04-26 11:55,-88.4438,33.6438,67.00,72.32,66.56,82.11,210.00,12.00,T,29.72,1006.50,10.00,19.00,BKN,BKN,   ,   ,1600.00,2300.00,null,null,null,null,null,null,31.00,160.00,2011-04-26 11:19,72.32,KCBM 261155Z AUTO 21012G19KT 10SM BKN016 BKN023 22/19 A2972 RMK AO2 PK WND 16031/1119 RAB1143E1154 CIG 015V020 BKN023 V OVC SLP065 P0000 60000 T02240192 10227 20179 55007 $,null
CKM,2011-04-26 11:55,-90.5123,34.2997,52.70,62.60,59.00,88.00,110.00,10.00,null,29.65,null,10.00,null,BKN,   ,   ,   ,3700.00,null,null,null,null,null,null,null,null,null,null,62.60,KCKM 261155Z AUTO 11010KT 10SM BKN037 17/15 A2965 RMK AO1,null
MYT,2011-04-26 11:55,-89.6150,28.2206,0.00,78.80,71.60,78.62,170.00,14.00,null,29.78,null,1.75,null,CLR,   ,   ,   ,null,null,null,null,HZ,null,null,null,null,null,null,81.70,KMYT 261155Z AUTO 17014KT 1 3/4SM HZ CLR 26/22 A2978 RMK A01,null
HSA,2011-04-26 11:55,-89.4546,30.3678,7.00,73.40,73.40,100.00,190.00,9.00,null,29.82,null,7.00,null,SCT,BKN,   ,   ,8500.00,9000.00,null,null,null,null,null,null,null,null,null,75.14,KHSA 261155Z 19009KT 7SM SCT085 BKN090 23/23 A2982,null
BIX,2011-04-26 11:55,-88.9244,30.4104,10.00,77.72,71.24,80.48,210.00,12.00,null,29.84,1010.50,10.00,null,SCT,SCT,BKN,   ,1900.00,2400.00,3400.00,null,null,null,null,null,null,null,null,78.97,KBIX 261155Z AUTO 21012KT 10SM SCT019 SCT024 BKN034 25/22 A2984 RMK AO2 SLP105 T02540218 10254 20250 53021,null
NMM,2011-04-26 11:56,-88.5556,32.5521,97.00,73.00,66.00,78.65,170.00,8.00,null,29.79,1009.40,10.00,14.00,FEW,SCT,BKN,   ,1500.00,8500.00,11000.00,null,null,null,null,null,null,null,null,73.04,KNMM 261156Z AUTO 17008G14KT 130V190 10SM FEW015 SCT085 BKN110 23/19 A2979 RMK AO2 SLP094 T02280189 10228 20222 53006,null
MEI,2011-04-26 11:58,-88.7511,32.3347,94.00,71.00,68.00,90.06,180.00,13.00,null,29.80,1008.70,9.00,19.00,BKN,BKN,   ,   ,1200.00,9000.00,null,null,null,null,null,null,null,null,null,72.10,KMEI 261158Z 18013G19KT 9SM BKN012 BKN090 22/20 A2980 RMK AO2 SLP087 60000 T02170200 10222 20217 53010,null
MCB,2011-04-26 11:59,-90.4700,31.1800,126.00,62.60,60.80,93.83,null,null,0.01,29.80,null,5.00,null,BKN,OVC,   ,   ,3300.00,11000.00,null,null,-RA BR,null,null,null,null,null,null,62.60,KMCB 261159Z AUTO 00000KT 5SM -RA BR BKN033 OVC110 17/16 A2980 RMK AO2 LTG DSNT ALQDS TSE59 P0001,null
TUP,2011-04-26 12:00,-88.7711,34.2608,110.00,60.80,59.00,93.79,60.00,4.00,null,29.72,null,10.00,null,OVC,   ,   ,   ,1200.00,null,null,null,null,null,null,null,null,null,null,60.80,KTUP 261200Z 06004KT 10SM OVC012 16/15 A2972 RMK AO2 TSE1154,null
NMM,2011-04-26 12:05,-88.5556,32.5521,97.00,73.40,66.20,78.19,180.00,8.00,null,29.80,null,10.00,14.00,SCT,BKN,   ,   ,1500.00,11000.00,null,null,null,null,null,null,null,null,null,73.40,KNMM 261205Z 18008G14KT 10SM SCT015 BKN110 23/19 A2980 RMK AO2 SVR T2 SET,null
PQL,2011-04-26 12:06,-88.5319,30.4636,5.00,75.20,69.80,83.32,160.00,3.00,null,29.85,null,10.00,null,FEW,BKN,BKN,   ,2300.00,2900.00,3800.00,null,null,null,null,null,null,null,null,76.34,KPQL 261206Z 16003KT 10SM FEW023 BKN029 BKN038 24/21 A2985 RMK AO2,null
NMM,2011-04-26 12:13,-88.5556,32.5521,97.00,73.40,66.20,78.19,180.00,8.00,null,29.81,null,10.00,14.00,BKN,BKN,BKN,   ,1300.00,2300.00,9500.00,null,null,null,null,null,null,null,null,73.40,KNMM 261213Z 18008G14KT 10SM BKN013 BKN023 BKN095 23/19 A2981 RMK AO2 SVR T2 SET,null
MCB,2011-04-26 12:13,-90.4700,31.1800,126.00,62.60,60.80,93.83,130.00,6.00,0.03,29.80,null,4.00,null,BKN,OVC,   ,   ,4700.00,11000.00,null,null,VCTS -RA BR,null,null,null,null,null,null,62.60,KMCB 261213Z AUTO 13006KT 4SM VCTS -RA BR BKN047 OVC110 17/16 A2980 RMK AO2 LTG DSNT E AND SE TSE1159B07 P0003,null
HKS,2011-04-26 12:14,-90.2225,32.3348,104.00,66.20,60.80,82.74,250.00,16.00,T,29.72,null,10.00,25.00,CLR,   ,   ,   ,null,null,null,null,null,null,null,null,32.00,130.00,2011-04-26 11:54,66.20,KHKS 261214Z 25016G25KT 10SM CLR 19/16 A2972 RMK AO2 PK WND 13032/1154 WSHFT 1159 RAE00 PRESRR P0000,null
MIS,2011-04-26 12:15,-88.8420,29.2960,32.00,84.20,71.60,65.95,220.00,16.00,null,29.83,null,2.50,21.00,   ,   ,   ,   ,null,null,null,null,HZ,null,null,null,null,null,null,89.60,KMIS 261215Z AUTO 22016G21KT 2 1/2SM HZ 29/22 A2983 RMK A01,null
HEZ,2011-04-26 12:15,-91.2973,31.6137,83.00,60.80,57.20,87.92,190.00,5.00,null,29.73,null,10.00,null,CLR,   ,   ,   ,null,null,null,null,null,null,null,null,null,null,null,60.80,KHEZ 261215Z AUTO 19005KT 10SM CLR 16/14 A2973 RMK AO1,null
M16,2011-04-26 12:15,-90.4105,32.3045,75.30,66.20,59.00,77.60,220.00,5.00,null,29.70,null,10.00,null,CLR,   ,   ,   ,null,null,null,null,null,null,null,null,null,null,null,66.20,KM16 261215Z AUTO 22005KT 10SM CLR 19/15 A2970 RMK AO2 LTG DSNT E-S,null
DLP,2011-04-26 12:15,-89.5472,29.1214,0.00,80.60,73.40,78.76,150.00,20.00,null,29.79,null,5.00,25.00,CLR,   ,   ,   ,null,null,null,null,HZ,null,null,null,null,null,null,85.32,KDLP 261215Z AUTO 15020G25KT 5SM HZ CLR 27/23 A2979 RMK A01,null
UOX,2011-04-26 12:15,-89.5368,34.3843,137.80,59.00,57.20,93.74,null,null,null,29.69,null,8.00,null,FEW,   ,   ,   ,1600.00,null,null,null,null,null,null,null,null,null,null,59.00,KUOX 261215Z AUTO 00000KT 8SM FEW016 15/14 A2969 RMK AO2 LTG DSNT E AND W,null
1R7,2011-04-26 12:15,-90.4093,31.6058,149.00,62.60,60.80,93.83,130.00,8.00,null,29.73,null,9.00,18.00,CLR,   ,   ,   ,null,null,null,null,null,null,null,null,null,null,null,62.60,K1R7 261215Z AUTO 13008G18KT 9SM CLR 17/16 A2973 RMK AO2 LTG DSNT ALQDS,null
MYT,2011-04-26 12:15,-89.6150,28.2206,0.00,78.80,71.60,78.62,170.00,13.00,null,29.79,null,1.75,null,CLR,   ,   ,   ,null,null,null,null,HZ,null,null,null,null,null,null,81.70,KMYT 261215Z AUTO 17013KT 1 3/4SM HZ CLR 26/22 A2979 RMK A01,null
CRX,2011-04-26 12:15,-88.6035,34.9150,129.00,59.00,57.20,93.74,160.00,9.00,0.01,29.73,null,10.00,null,FEW,SCT,BKN,   ,300.00,3900.00,4500.00,null,null,null,null,null,null,null,null,59.00,KCRX 261215Z AUTO 16009KT 10SM FEW003 SCT039 BKN045 15/14 A2973 RMK AO2 LTG DSNT ALQDS P0001,null
PIB,2011-04-26 12:15,-89.3371,31.4671,91.00,69.80,64.40,82.98,290.00,13.00,0.05,29.88,null,8.00,18.00,FEW,SCT,BKN,   ,1300.00,2600.00,4800.00,null,VCTS,null,null,null,null,null,null,69.80,KPIB 261215Z AUTO 29013G18KT 8SM VCTS FEW013 SCT026 BKN048 21/18 A2988 RMK AO1 LTG DSNT SW TSB07 P0005,null
CKM,2011-04-26 12:15,-90.5123,34.2997,52.70,62.60,60.80,93.83,110.00,8.00,null,29.67,null,10.00,null,BKN,OVC,   ,   ,3200.00,4000.00,null,null,null,null,null,null,null,null,null,62.60,KCKM 261215Z AUTO 11008KT 10SM BKN032 OVC040 17/16 A2967 RMK AO1,null
JAN,2011-04-26 12:16,-90.0800,32.3200,101.00,64.40,60.80,88.09,140.00,18.00,0.03,29.67,null,7.00,25.00,FEW,OVC,   ,   ,1500.00,2800.00,null,null,null,null,null,null,34.00,120.00,2011-04-26 11:59,64.40,KJAN 261216Z 14018G25KT 7SM FEW015 OVC028CB 18/16 A2967 RMK AO2 PK WND 12034/1159 TSE10RAE13 PRESRR TS MOV NE CBMAM E-S MOV NE P0003,null
PQL,2011-04-26 12:24,-88.5319,30.4636,5.00,75.20,69.80,83.32,180.00,5.00,null,29.86,null,10.00,null,FEW,SCT,BKN,   ,2000.00,2700.00,4400.00,null,null,null,null,null,null,null,null,76.34,KPQL 261224Z 18005KT 10SM FEW020 SCT027 BKN044 24/21 A2986 RMK AO2,null
HKS,2011-04-26 12:25,-90.2225,32.3348,104.00,64.40,60.80,88.09,160.00,9.00,T,29.70,null,10.00,null,CLR,   ,   ,   ,null,null,null,null,null,null,null,null,32.00,130.00,2011-04-26 11:54,64.40,KHKS 261225Z 16009KT 10SM CLR 18/16 A2970 RMK AO2 PK WND 13032/1154 WSHFT 1205 RAE00 P0000,null
MCB,2011-04-26 12:28,-90.4700,31.1800,126.00,62.60,62.60,100.00,140.00,15.00,0.06,29.77,null,3.00,19.00,BKN,OVC,   ,   ,4300.00,11000.00,null,null,RA BR,null,null,null,null,null,null,62.60,KMCB 261228Z AUTO 14015G19KT 3SM RA BR BKN043 OVC110 17/17 A2977 RMK AO2 LTG DSNT E TSE1159B07E22 PRESFR P0006,null
JAN,2011-04-26 12:29,-90.0800,32.3200,101.00,66.20,60.80,82.74,170.00,8.00,0.03,29.70,null,10.00,18.00,SCT,   ,   ,   ,2600.00,null,null,null,null,null,null,null,34.00,120.00,2011-04-26 11:59,66.20,KJAN 261229Z 17008G18KT 10SM SCT026 19/16 A2970 RMK AO2 PK WND 12034/1159 TSE10RAE13 PRESRR TS MOV NE P0003,null
CBM,2011-04-26 12:32,-88.4438,33.6438,67.00,73.40,66.20,78.19,190.00,14.00,null,29.69,1005.20,10.00,22.00,OVC,   ,   ,   ,1600.00,null,null,null,-RA,null,null,null,null,null,null,73.40,KCBM 261232Z AUTO 19014G22KT 10SM -RA OVC016 23/19 A2969 RMK AO2 RAB1232 CIG 015V020 SLP052 $,null
M16,2011-04-26 12:35,-90.4105,32.3045,75.30,66.20,57.20,72.74,200.00,6.00,null,29.73,null,10.00,null,CLR,   ,   ,   ,null,null,null,null,null,null,null,null,null,null,null,66.20,KM16 261235Z AUTO 20006KT 10SM CLR 19/14 A2973 RMK AO2 LTG DSNT NE AND E,null
UOX,2011-04-26 12:35,-89.5368,34.3843,137.80,59.00,59.00,100.00,null,null,null,29.70,null,9.00,null,SCT,SCT,   ,   ,1200.00,3500.00,null,null,null,null,null,null,null,null,null,59.00,KUOX 261235Z AUTO 00000KT 9SM SCT012 SCT035 15/15 A2970 RMK AO2,null
TUP,2011-04-26 12:35,-88.7711,34.2608,110.00,60.80,59.00,93.79,60.00,6.00,null,29.71,null,10.00,null,OVC,   ,   ,   ,800.00,null,null,null,null,null,null,null,null,null,null,60.80,KTUP 261235Z 06006KT 10SM OVC008 16/15 A2971 RMK AO2 TSE1154 CIG 007V012,null
DLP,2011-04-26 12:35,-89.5472,29.1214,0.00,80.60,73.40,78.76,150.00,18.00,null,29.79,null,5.00,25.00,CLR,   ,   ,   ,null,null,null,null,HZ,null,null,null,null,null,null,85.32,KDLP 261235Z AUTO 15018G25KT 5SM HZ CLR 27/23 A2979 RMK A01,null
1R7,2011-04-26 12:35,-90.4093,31.6058,149.00,64.40,60.80,88.09,160.00,6.00,null,29.76,null,9.00,null,CLR,   ,   ,   ,null,null,null,null,null,null,null,null,null,null,null,64.40,K1R7 261235Z AUTO 16006KT 9SM CLR 18/16 A2976 RMK AO2 LTG DSNT NE-SE,null
CKM,2011-04-26 12:35,-90.5123,34.2997,52.70,62.60,60.80,93.83,350.00,4.00,null,29.68,null,10.00,null,BKN,OVC,   ,   ,2900.00,3900.00,null,null,null,null,null,null,null,null,null,62.60,KCKM 261235Z AUTO 35004KT 10SM BKN029 OVC039 17/16 A2968 RMK AO1,null
MIS,2011-04-26 12:35,-88.8420,29.2960,32.00,84.20,71.60,65.95,220.00,17.00,null,29.83,null,2.50,null,   ,   ,   ,   ,null,null,null,null,HZ,null,null,null,null,null,null,89.60,KMIS 261235Z AUTO 22017KT 2 1/2SM HZ 29/22 A2983 RMK A01,null
PIB,2011-04-26 12:35,-89.3371,31.4671,91.00,64.40,57.20,77.45,220.00,5.00,0.31,29.89,null,5.00,null,FEW,SCT,BKN,   ,2600.00,3400.00,4800.00,null,VCTS,null,null,null,null,null,null,64.40,KPIB 261235Z AUTO 22005KT 5SM VCTS FEW026 SCT034 BKN048 18/14 A2989 RMK AO1 LTG DSNT ALQDS TSB07 P0031,null
MYT,2011-04-26 12:35,-89.6150,28.2206,0.00,78.80,71.60,78.62,170.00,12.00,null,29.79,null,1.75,null,CLR,   ,   ,   ,null,null,null,null,HZ,null,null,null,null,null,null,81.70,KMYT 261235Z AUTO 17012KT 1 3/4SM HZ CLR 26/22 A2979 RMK A01,null
CRX,2011-04-26 12:35,-88.6035,34.9150,129.00,59.00,57.20,93.74,140.00,8.00,0.01,29.72,null,10.00,null,BKN,BKN,OVC,   ,3300.00,4100.00,5000.00,null,VCTS,null,null,null,null,null,null,59.00,KCRX 261235Z AUTO 14008KT 10SM VCTS BKN033 BKN041 OVC050 15/14 A2972 RMK AO2 LTG DSNT ALQDS P0001,null
HEZ,2011-04-26 12:35,-91.2973,31.6137,83.00,62.60,57.20,82.50,180.00,5.00,null,29.74,null,10.00,null,CLR,   ,   ,   ,null,null,null,null,null,null,null,null,null,null,null,62.60,KHEZ 261235Z AUTO 18005KT 10SM CLR 17/14 A2974 RMK AO1,null
NMM,2011-04-26 12:40,-88.5556,32.5521,97.00,73.40,66.20,78.19,0.00,6.00,null,29.83,null,10.00,null,BKN,OVC,   ,   ,1500.00,2000.00,null,null,null,null,null,null,null,null,null,73.40,KNMM 261240Z VRB06KT 10SM BKN015 OVC020 23/19 A2983 RMK AO2 SVR T2 SET,null
CBM,2011-04-26 12:42,-88.4438,33.6438,67.00,73.40,66.20,78.19,190.00,7.00,null,29.67,1004.60,10.00,23.00,OVC,   ,   ,   ,1600.00,null,null,null,null,null,null,null,null,null,null,73.40,KCBM 261242Z AUTO 19007G23KT 130V230 10SM OVC016 23/19 A2967 RMK AO2 RAB1232E1242 CIG 015V020 SLP046 $,null
CBM,2011-04-26 12:43,-88.4438,33.6438,67.00,73.40,66.20,78.19,160.00,12.00,null,29.69,1005.20,10.00,33.00,OVC,   ,   ,   ,1600.00,null,null,null,-RA,null,null,null,33.00,210.00,2011-04-26 12:43,73.40,KCBM 261243Z 16012G33KT 10SM -RA OVC016 23/19 A2969 RMK A02A PK WND 21033/1243 RWY 31C RAB1232 CIG 015V020 SLP052 $,null
MEI,2011-04-26 12:45,-88.7511,32.3347,94.00,71.60,69.80,94.06,190.00,9.00,T,29.84,null,7.00,null,OVC,   ,   ,   ,1000.00,null,null,null,-TSRA,null,null,null,null,null,null,72.88,KMEI 261245Z 19009KT 7SM -TSRA OVC010 22/21 A2984 RMK AO2 TSB39RAB18 CIG 008V015 FREQ LTGICCCCG OHD MOV E SE P0000,null
CBM,2011-04-26 12:47,-88.4438,33.6438,67.00,73.40,66.20,78.19,220.00,12.00,null,29.69,1005.20,10.00,33.00,OVC,   ,   ,   ,1600.00,null,null,null,-RA,null,null,null,27.00,210.00,2011-04-26 12:44,73.40,KCBM 261247Z COR 22012G33KT 10SM -RA OVC016 23/19 A2969 RMK AO2 PK WND 21027/1244 PK WND 21033/1243 RWY 31C RAB1232 CIG 015V020 SLP052 $,null
OLV,2011-04-26 12:50,-89.7869,34.9787,122.50,60.80,60.80,100.00,270.00,5.00,null,29.68,null,5.00,null,SCT,BKN,OVC,   ,2100.00,3000.00,9500.00,null,-RA BR,null,null,null,null,null,null,60.80,KOLV 261250Z 27005KT 5SM -RA BR SCT021 BKN030 OVC095 16/16 A2968,null
GTR,2011-04-26 12:50,-88.5914,33.4503,80.00,71.60,68.00,88.43,180.00,21.00,null,29.69,null,10.00,32.00,SCT,BKN,OVC,   ,2000.00,9500.00,10000.00,null,null,null,null,null,null,null,null,72.62,KGTR 261250Z 18021G32KT 10SM SCT020 BKN095 OVC100 22/20 A2969,null
HSA,2011-04-26 12:51,-89.4546,30.3678,7.00,73.40,73.40,100.00,230.00,8.00,null,29.86,null,5.00,null,BKN,   ,   ,   ,1900.00,null,null,null,-TSRA,null,null,null,null,null,null,75.14,KHSA 261251Z 23008KT 5SM -TSRA BKN019 23/23 A2986 RMK TSB49 OVHD MVG NE,null
GPT,2011-04-26 12:53,-89.0701,30.4073,9.00,78.00,70.00,76.19,190.00,8.00,null,29.86,1011.10,9.00,14.00,FEW,OVC,   ,   ,2500.00,9000.00,null,null,null,null,null,null,null,null,null,80.33,KGPT 261253Z 19008G14KT 9SM FEW025 OVC090 26/21 A2986 RMK AO2 LTG DSNT W AND NW PRESRR SLP111 T02560211,null
GWO,2011-04-26 12:53,-90.0847,33.4943,47.00,66.00,65.00,96.31,null,null,null,29.67,1004.50,4.00,null,CLR,   ,   ,   ,null,null,null,null,BR,null,null,null,null,null,null,66.02,KGWO 261253Z AUTO 00000KT 4SM BR CLR 19/18 A2967 RMK AO2 SLP045 T01890183,null
MCB,2011-04-26 12:53,-90.4700,31.1800,126.00,66.00,62.00,87.05,0.00,6.00,0.08,29.78,1007.90,10.00,15.00,SCT,   ,   ,   ,5000.00,null,null,null,null,null,null,null,31.00,140.00,2011-04-26 12:29,66.02,KMCB 261253Z AUTO VRB06G15KT 10SM SCT050 19/17 A2978 RMK AO2 PK WND 14031/1229 TSE1159B07E22RAE44 SLP079 P0008 T01890167,null
TUP,2011-04-26 12:53,-88.7711,34.2608,110.00,61.00,59.00,93.19,60.00,4.00,null,29.72,1005.80,10.00,null,BKN,OVC,   ,   ,800.00,1300.00,null,null,null,null,null,null,null,null,null,60.98,KTUP 261253Z 06004KT 10SM BKN008 OVC013 16/15 A2972 RMK AO2 TSE1154 CIG 006V012 SLP058 T01610150,null
HBG,2011-04-26 12:53,-89.2529,31.2649,46.00,65.00,61.00,87.00,300.00,7.00,0.15,29.88,1011.40,2.00,null,FEW,BKN,OVC,   ,1400.00,3500.00,5000.00,null,+RA BR,null,null,null,null,null,null,64.94,KHBG 261253Z AUTO 30007KT 2SM +RA BR FEW014 BKN035 OVC050 18/16 A2988 RMK AO2 VIS 1V5 RAB16 SLP114 P0015 T01830161 TSNO,null
GLH,2011-04-26 12:53,-90.9856,33.4829,40.00,64.00,63.00,96.28,150.00,3.00,null,29.65,1004.70,8.00,null,CLR,   ,   ,   ,null,null,null,null,null,null,null,null,null,null,null,64.04,KGLH 261253Z 15003KT 8SM CLR 18/17 A2965 RMK AO2 SLP047 T01780172,null
PQL,2011-04-26 12:53,-88.5319,30.4636,5.00,76.00,70.00,81.85,160.00,8.00,null,29.86,1011.20,10.00,null,FEW,SCT,SCT,   ,2100.00,2800.00,4800.00,null,null,null,null,null,null,null,null,77.06,KPQL 261253Z 16008KT 10SM FEW021 SCT028 SCT048 24/21 A2986 RMK AO2 SLP112 T02440211,null
HKS,2011-04-26 12:53,-90.2225,32.3348,104.00,66.00,61.00,83.79,220.00,8.00,T,29.75,1006.60,10.00,null,CLR,   ,   ,   ,null,null,null,null,null,null,null,null,32.00,130.00,2011-04-26 11:54,66.02,KHKS 261253Z 22008KT 10SM CLR 19/16 A2975 RMK AO2 PK WND 13032/1154 WSHFT 1205 RAE00 SLP066 P0000 T01890161,null
JAN,2011-04-26 12:54,-90.0800,32.3200,101.00,66.00,61.00,83.79,170.00,5.00,0.03,29.74,1006.60,10.00,null,SCT,   ,   ,   ,2600.00,null,null,null,null,null,null,null,34.00,120.00,2011-04-26 11:59,66.02,KJAN 261254Z 17005KT 10SM SCT026 19/16 A2974 RMK AO2 PK WND 12034/1159 TSE10RAE13 PRESRR SLP066 TS MOV NE P0003 T01890161,null
DLP,2011-04-26 12:55,-89.5472,29.1214,0.00,80.60,73.40,78.76,150.00,15.00,null,29.81,null,6.00,22.00,FEW,   ,   ,   ,8500.00,null,null,null,HZ,null,null,null,null,null,null,85.32,KDLP 261255Z AUTO 15015G22KT 6SM HZ FEW085 27/23 A2981 RMK A01,null
M16,2011-04-26 12:55,-90.4105,32.3045,75.30,66.20,59.00,77.60,160.00,8.00,null,29.74,null,10.00,null,CLR,   ,   ,   ,null,null,null,null,null,null,null,null,null,null,null,66.20,KM16 261255Z AUTO 16008KT 10SM CLR 19/15 A2974 RMK AO2,null
MYT,2011-04-26 12:55,-89.6150,28.2206,0.00,78.80,71.60,78.62,170.00,11.00,null,29.80,null,1.50,null,CLR,   ,   ,   ,null,null,null,null,HZ,null,null,null,null,null,null,81.70,KMYT 261255Z AUTO 17011KT 1 1/2SM HZ CLR 26/22 A2980 RMK A01,null
UTA,2011-04-26 12:55,-90.3467,34.6811,59.00,62.60,59.00,88.00,140.00,7.00,null,29.66,null,10.00,null,   ,   ,   ,   ,null,null,null,null,null,null,null,null,null,null,null,62.60,KUTA 261255Z AUTO 14007KT 10SM 17/15 A2966 RMK AO2,null
BIX,2011-04-26 12:55,-88.9244,30.4104,10.00,78.44,72.00,80.54,200.00,12.00,null,29.85,1010.90,10.00,null,FEW,   ,   ,   ,2000.00,null,null,null,null,null,null,null,null,null,null,81.14,KBIX 261255Z AUTO 20012KT 10SM FEW020 26/22 A2985 RMK AO2 SLP109 T02580222,null
1R7,2011-04-26 12:55,-90.4093,31.6058,149.00,64.40,60.80,88.09,160.00,7.00,null,29.78,null,10.00,null,CLR,   ,   ,   ,null,null,null,null,null,null,null,null,null,null,null,64.40,K1R7 261255Z AUTO 16007KT 10SM CLR 18/16 A2978 RMK AO2,null
PIB,2011-04-26 12:55,-89.3371,31.4671,91.00,64.40,57.20,77.45,null,null,0.38,29.88,null,10.00,null,FEW,SCT,OVC,   ,3400.00,6000.00,7000.00,null,TS,null,null,null,null,null,null,64.40,KPIB 261255Z AUTO 00000KT 10SM TS FEW034 SCT060 OVC070 18/14 A2988 RMK AO1 LTG DSNT ALQDS TSB07 P0038,null
UOX,2011-04-26 12:55,-89.5368,34.3843,137.80,59.00,59.00,100.00,140.00,3.00,null,29.69,null,9.00,null,FEW,FEW,   ,   ,1200.00,3500.00,null,null,null,null,null,null,null,null,null,59.00,KUOX 261255Z AUTO 14003KT 9SM FEW012 FEW035 15/15 A2969 RMK AO2,null
MIS,2011-04-26 12:55,-88.8420,29.2960,32.00,84.20,71.60,65.95,220.00,15.00,null,29.84,null,2.50,null,   ,   ,   ,   ,null,null,null,null,HZ,null,null,null,null,null,null,89.60,KMIS 261255Z AUTO 22015KT 2 1/2SM HZ 29/22 A2984 RMK A01,null
CBM,2011-04-26 12:55,-88.4438,33.6438,67.00,73.00,67.00,81.65,260.00,9.00,T,29.71,1006.00,10.00,27.00,OVC,   ,   ,   ,1600.00,null,null,null,-RA,null,null,null,27.00,210.00,2011-04-26 12:44,73.04,KCBM 261255Z 26009G27KT 210V280 10SM -RA OVC016 23/20 A2971 RMK AO2A PK WND 21027/1244 PK WND 21013G33/1247 RWY 31C RAB1232 CIG 015V020 PRESRR SLP060 P0000 T02280195 $,null
CKM,2011-04-26 12:55,-90.5123,34.2997,52.70,64.40,62.60,93.88,80.00,7.00,null,29.67,null,9.00,null,SCT,BKN,BKN,   ,800.00,2700.00,3300.00,null,null,null,null,null,null,null,null,64.40,KCKM 261255Z AUTO 08007KT 9SM SCT008 BKN027 BKN033 18/17 A2967 RMK AO1,null
HEZ,2011-04-26 12:55,-91.2973,31.6137,83.00,62.60,57.20,82.50,180.00,7.00,null,29.75,null,10.00,null,CLR,   ,   ,   ,null,null,null,null,null,null,null,null,null,null,null,62.60,KHEZ 261255Z AUTO 18007KT 10SM CLR 17/14 A2975 RMK AO1,null
CRX,2011-04-26 12:55,-88.6035,34.9150,129.00,59.00,57.20,93.74,140.00,8.00,0.01,29.71,null,10.00,null,SCT,BKN,BKN,   ,2800.00,3300.00,5000.00,null,VCTS,null,null,null,null,null,null,59.00,KCRX 261255Z AUTO 14008KT 10SM VCTS SCT028 BKN033 BKN050 15/14 A2971 RMK AO2 LTG DSNT NE AND NW P0001,null
NMM,2011-04-26 12:56,-88.5556,32.5521,97.00,73.00,67.00,81.14,190.00,6.00,T,29.83,1010.70,10.00,null,BKN,OVC,   ,   ,1500.00,2000.00,null,null,-RA,null,null,null,null,null,null,73.04,KNMM 261256Z 19006KT 10SM -RA BKN015CB OVC020 23/19 A2983 RMK AO2 RAB44 SLP107 OCNL LTGIC DSNT W CB DSNT W SVR T1 SET P0000 T02280194,null
CBM,2011-04-26 12:57,-88.4438,33.6438,67.00,73.40,68.00,83.21,260.00,9.00,null,29.70,1005.90,10.00,21.00,OVC,   ,   ,   ,1600.00,null,null,null,null,null,null,null,null,null,null,73.40,KCBM 261257Z 26009G21KT 10SM OVC016 23/20 A2970 RMK AO2A RAE1257 CIG 015V019 SLP059 $,null
MEI,2011-04-26 12:58,-88.7511,32.3347,94.00,71.00,69.00,93.47,180.00,10.00,0.01,29.83,1009.80,5.00,null,BKN,OVC,   ,   ,1000.00,8000.00,null,null,TSRA BR,null,null,null,null,null,null,72.26,KMEI 261258Z 18010KT 5SM TSRA BR BKN010 OVC080 22/21 A2983 RMK AO2 TSB39RAB18 SLP098 FREQ LTGICCCCG OHD MOV E SE P0001 T02170206,null
HBG,2011-04-26 13:03,-89.2529,31.2649,46.00,64.40,62.60,93.88,310.00,7.00,0.04,29.88,null,5.00,null,FEW,SCT,OVC,   ,2300.00,3300.00,5000.00,null,RA BR,null,null,null,null,null,null,64.40,KHBG 261303Z AUTO 31007KT 5SM RA BR FEW023 SCT033 OVC050 18/17 A2988 RMK AO2 P0004 TSNO,null
MEI,2011-04-26 13:05,-88.7511,32.3347,94.00,71.60,69.80,94.06,220.00,18.00,0.01,29.84,null,1.50,28.00,BKN,OVC,   ,   ,1000.00,1900.00,null,null,TSRA BR,null,null,null,28.00,200.00,2011-04-26 13:05,72.88,KMEI 261305Z 22018G28KT 190V270 1 1/2SM R01/4000VP6000FT TSRA BR BKN010 OVC019 22/21 A2984 RMK AO2 PK WND 20028/1305 FRQ LTIBICIICG OHD MOV E SE P0001,null
HSA,2011-04-26 13:10,-89.4546,30.3678,7.00,68.00,68.00,100.00,180.00,13.00,null,29.85,null,7.00,null,BKN,   ,   ,   ,3000.00,null,null,null,null,null,null,null,null,null,null,68.00,KHSA 261310Z 18013KT 7SM BKN030 20/20 A2985 RMK TSE05 TS MOV NE,null
BIX,2011-04-26 13:10,-88.9244,30.4104,10.00,78.80,71.60,78.62,200.00,12.00,null,29.86,null,10.00,null,SCT,BKN,OVC,   ,1900.00,2600.00,9000.00,null,null,null,null,null,null,null,null,81.70,KBIX 261310Z 20012KT 10SM SCT019 BKN026 OVC090 26/22 A2986 RMK AO2A,null
NMM,2011-04-26 13:10,-88.5556,32.5521,97.00,71.60,66.20,83.09,0.00,4.00,T,29.83,null,8.00,null,OVC,   ,   ,   ,1500.00,null,null,null,-TSRA,null,null,null,null,null,null,71.60,KNMM 261310Z VRB04KT 8SM -TSRA OVC015CB 22/19 A2983 RMK AO2 TSB04 OCNL LTGICCC VC W TS VC W MOV E SVR T1 SET P0000,null
MEI,2011-04-26 13:12,-88.7511,32.3347,94.00,69.80,66.20,88.34,280.00,13.00,0.10,29.85,null,1.25,30.00,BKN,BKN,OVC,   ,1000.00,2500.00,7500.00,null,TSRA BR,null,null,null,30.00,190.00,2011-04-26 13:06,69.80,KMEI 261312Z 28013G30KT 1 1/4SM R01/4000VP6000FT TSRA BR BKN010 BKN025 OVC075 21/19 A2985 RMK AO2 PK WND 19030/1306 WSHFT 1258 FRQ LTGICCCCG OHD MOV E SE P0010,null
UTA,2011-04-26 13:15,-90.3467,34.6811,59.00,64.40,60.80,88.09,140.00,7.00,null,29.65,null,10.00,null,SCT,SCT,   ,   ,3900.00,5000.00,null,null,null,null,null,null,null,null,null,64.40,KUTA 261315Z AUTO 14007KT 10SM SCT039 SCT050 18/16 A2965 RMK AO2 LTG DSNT NE AND E,null
PIB,2011-04-26 13:15,-89.3371,31.4671,91.00,64.40,57.20,77.45,180.00,3.00,0.02,29.86,null,7.00,null,FEW,SCT,BKN,   ,7000.00,8000.00,9500.00,null,VCTS,null,null,null,null,null,null,64.40,KPIB 261315Z AUTO 18003KT 7SM VCTS FEW070 SCT080 BKN095 18/14 A2986 RMK AO1 LTG DSNT ALQDS P0002,null
DLP,2011-04-26 13:15,-89.5472,29.1214,0.00,80.60,73.40,78.76,150.00,18.00,null,29.81,null,6.00,null,CLR,   ,   ,   ,null,null,null,null,HZ,null,null,null,null,null,null,85.32,KDLP 261315Z AUTO 15018KT 6SM HZ CLR 27/23 A2981 RMK A01,null
HEZ,2011-04-26 13:15,-91.2973,31.6137,83.00,62.60,59.00,88.00,190.00,7.00,null,29.75,null,10.00,null,CLR,   ,   ,   ,null,null,null,null,null,null,null,null,null,null,null,62.60,KHEZ 261315Z AUTO 19007KT 10SM CLR 17/15 A2975 RMK AO1,null
CRX,2011-04-26 13:15,-88.6035,34.9150,129.00,60.80,57.20,87.92,150.00,6.00,null,29.72,null,10.00,null,FEW,   ,   ,   ,2600.00,null,null,null,null,null,null,null,null,null,null,60.80,KCRX 261315Z AUTO 15006KT 10SM FEW026 16/14 A2972 RMK AO2,null
M16,2011-04-26 13:15,-90.4105,32.3045,75.30,66.20,59.00,77.60,150.00,6.00,null,29.74,null,10.00,null,CLR,   ,   ,   ,null,null,null,null,null,null,null,null,null,null,null,66.20,KM16 261315Z AUTO 15006KT 10SM CLR 19/15 A2974 RMK AO2,null
CKM,2011-04-26 13:15,-90.5123,34.2997,52.70,64.40,62.60,93.88,90.00,8.00,null,29.67,null,9.00,null,FEW,FEW,   ,   ,800.00,2700.00,null,null,null,null,null,null,null,null,null,64.40,KCKM 261315Z AUTO 09008KT 9SM FEW008 FEW027 18/17 A2967 RMK AO1,null
MYT,2011-04-26 13:15,-89.6150,28.2206,0.00,78.80,73.40,83.55,170.00,12.00,null,29.80,null,1.75,null,CLR,   ,   ,   ,null,null,null,null,HZ,null,null,null,null,null,null,82.03,KMYT 261315Z AUTO 17012KT 1 3/4SM HZ CLR 26/23 A2980 RMK A01,null
UOX,2011-04-26 13:15,-89.5368,34.3843,137.80,60.80,59.00,93.79,null,null,null,29.70,null,9.00,null,CLR,   ,   ,   ,null,null,null,null,null,null,null,null,null,null,null,60.80,KUOX 261315Z AUTO 00000KT 9SM CLR 16/15 A2970 RMK AO2 LTG DSNT N AND NE,null
MIS,2011-04-26 13:15,-88.8420,29.2960,32.00,84.20,71.60,65.95,220.00,16.00,null,29.85,null,2.50,null,   ,   ,   ,   ,null,null,null,null,HZ,null,null,null,null,null,null,89.60,KMIS 261315Z AUTO 22016KT 2 1/2SM HZ 29/22 A2985 RMK A01,null
1R7,2011-04-26 13:15,-90.4093,31.6058,149.00,64.40,60.80,88.09,150.00,4.00,null,29.77,null,9.00,null,CLR,   ,   ,   ,null,null,null,null,null,null,null,null,null,null,null,64.40,K1R7 261315Z AUTO 15004KT 9SM CLR 18/16 A2977 RMK AO2 LTG DSNT NE AND SE,null
MEI,2011-04-26 13:15,-88.7511,32.3347,94.00,68.00,64.40,88.26,260.00,7.00,0.12,29.85,null,2.50,30.00,SCT,BKN,OVC,   ,1000.00,2800.00,7000.00,null,TSRA BR,null,null,null,30.00,190.00,2011-04-26 13:06,68.00,KMEI 261315Z 26007G30KT 2 1/2SM TSRA BR SCT010 BKN028 OVC070 20/18 A2985 RMK AO2 PK WND 19030/1306 WSHFT 1258 FRQ LTGICCCCG OHD MOV E SE P0012,null
HBG,2011-04-26 13:18,-89.2529,31.2649,46.00,64.40,62.60,93.88,null,null,0.14,29.88,null,1.50,null,SCT,OVC,   ,   ,2000.00,5500.00,null,null,+RA BR,null,null,null,null,null,null,64.40,KHBG 261318Z AUTO 00000KT 1 1/2SM +RA BR SCT020 OVC055 18/17 A2988 RMK AO2 P0014 TSNO,null
NMM,2011-04-26 13:20,-88.5556,32.5521,97.00,71.60,66.20,83.09,250.00,8.00,0.01,29.86,null,1.00,null,BKN,BKN,OVC,   ,1300.00,1800.00,7000.00,null,-RA,null,null,null,null,null,null,71.60,KNMM 261320Z 25008KT 200V280 1SM -RA BKN013 BKN018CB OVC070 22/19 A2986 RMK AO2 SFC VIS 6 TSB04E20 PRESRR OCNL LTGICCC VC W-NW TS VC W-NW MOV E SVR T1 SET P0001,null
MEI,2011-04-26 13:22,-88.7511,32.3347,94.00,66.20,62.60,88.18,null,null,0.12,29.85,null,4.00,null,FEW,BKN,OVC,   ,1200.00,2800.00,7000.00,null,-TSRA BR,null,null,null,30.00,190.00,2011-04-26 13:06,66.20,KMEI 261322Z 00000KT 4SM -TSRA BR FEW012 BKN028 OVC070 19/17 A2985 RMK AO2 PK WND 19030/1306 WSHFT 1258 FRQ LTGICCCCG OHD MOV E SE P0012,null
BIX,2011-04-26 13:22,-88.9244,30.4104,10.00,78.80,71.60,78.62,200.00,11.00,null,29.86,1011.20,10.00,null,SCT,BKN,BKN,OVC,2100.00,2700.00,5500.00,9000.00,-RA,null,null,null,null,null,null,81.70,KBIX 261322Z 20011KT 10SM -RA SCT021 BKN027 BKN055 OVC090 26/22 A2986 RMK AO2A RAB1322 SLP112,null
TUP,2011-04-26 13:24,-88.7711,34.2608,110.00,62.60,60.80,93.83,100.00,3.00,null,29.71,null,10.00,null,SCT,   ,   ,   ,800.00,null,null,null,null,null,null,null,null,null,null,62.60,KTUP 261324Z 10003KT 10SM SCT008 17/16 A2971 RMK AO2,null
MEI,2011-04-26 13:25,-88.7511,32.3347,94.00,66.20,64.40,93.92,160.00,5.00,0.13,29.84,null,4.00,null,FEW,BKN,OVC,   ,900.00,3200.00,7000.00,null,TSRA BR,null,null,null,30.00,190.00,2011-04-26 13:06,66.20,KMEI 261325Z 16005KT 4SM TSRA BR FEW009 BKN032 OVC070 19/18 A2984 RMK AO2 PK WND 19030/1306 WSHFT 1258 FRQ LTGICCCCG OHD MOV E SE P0013,null
NMM,2011-04-26 13:27,-88.5556,32.5521,97.00,68.00,62.60,82.86,250.00,8.00,0.14,29.85,null,1.00,26.00,BKN,BKN,OVC,   ,1300.00,1800.00,7000.00,null,+TSRA,null,null,null,26.00,270.00,2011-04-26 13:22,68.00,KNMM 261327Z 25008G26KT 210V290 1SM +TSRA BKN013 BKN018CB OVC070 20/17 A2985 RMK AO2 PK WND 27026/1322 TSB04E20B21 OCNL LTGICCC VC W-NW TS VC W-NW MOV E SVR T1 SET P0014,null
GPT,2011-04-26 13:27,-89.0701,30.4073,9.00,75.20,69.80,83.32,220.00,5.00,0.03,29.85,null,4.00,14.00,FEW,BKN,OVC,   ,2000.00,3900.00,11000.00,null,VCTS RA,null,null,null,null,null,null,76.34,KGPT 261327Z 22005G14KT 4SM VCTS RA FEW020 BKN039 OVC110 24/21 A2985 RMK AO2 LTG DSNT ALQDS TSB27RAB15 P0003,null
HBG,2011-04-26 13:28,-89.2529,31.2649,46.00,64.40,62.60,93.88,null,null,0.17,29.88,null,2.00,null,BKN,OVC,   ,   ,2800.00,5500.00,null,null,RA BR,null,null,null,null,null,null,64.40,KHBG 261328Z AUTO 00000KT 2SM RA BR BKN028 OVC055 18/17 A2988 RMK AO2 P0017 TSNO,null
M16,2011-04-26 13:35,-90.4105,32.3045,75.30,66.20,60.80,82.74,160.00,7.00,null,29.75,null,10.00,null,CLR,   ,   ,   ,null,null,null,null,VCTS,null,null,null,null,null,null,66.20,KM16 261335Z AUTO 16007KT 10SM VCTS CLR 19/16 A2975 RMK AO2 LTG DSNT SE,null
PIB,2011-04-26 13:35,-89.3371,31.4671,91.00,64.40,59.00,82.62,130.00,11.00,0.06,29.85,null,10.00,null,FEW,SCT,BKN,   ,4500.00,7000.00,7500.00,null,null,null,null,null,null,null,null,64.40,KPIB 261335Z AUTO 13011KT 10SM FEW045 SCT070 BKN075 18/15 A2985 RMK AO1 LTG DSNT E TSE28 P0006,null
CRX,2011-04-26 13:35,-88.6035,34.9150,129.00,60.80,59.00,93.79,130.00,7.00,null,29.72,null,10.00,null,BKN,BKN,   ,   ,2100.00,2600.00,null,null,null,null,null,null,null,null,null,60.80,KCRX 261335Z AUTO 13007KT 10SM BKN021 BKN026 16/15 A2972 RMK AO2 LTG DSNT NE AND E,null
HEZ,2011-04-26 13:35,-91.2973,31.6137,83.00,64.40,59.00,82.62,190.00,8.00,null,29.74,null,10.00,null,CLR,   ,   ,   ,null,null,null,null,null,null,null,null,null,null,null,64.40,KHEZ 261335Z AUTO 19008KT 10SM CLR 18/15 A2974 RMK AO1,null
UOX,2011-04-26 13:35,-89.5368,34.3843,137.80,62.60,59.00,88.00,null,null,null,29.71,null,8.00,null,CLR,   ,   ,   ,null,null,null,null,null,null,null,null,null,null,null,62.60,KUOX 261335Z AUTO 00000KT 8SM CLR 17/15 A2971 RMK AO2,null
1R7,2011-04-26 13:35,-90.4093,31.6058,149.00,64.40,60.80,88.09,200.00,5.00,null,29.77,null,10.00,null,CLR,   ,   ,   ,null,null,null,null,null,null,null,null,null,null,null,64.40,K1R7 261335Z AUTO 20005KT 10SM CLR 18/16 A2977 RMK AO2,null
MIS,2011-04-26 13:35,-88.8420,29.2960,32.00,82.40,71.60,69.90,220.00,14.00,null,29.85,null,2.50,21.00,   ,   ,   ,   ,null,null,null,null,HZ,null,null,null,null,null,null,87.18,KMIS 261335Z AUTO 22014G21KT 2 1/2SM HZ 28/22 A2985 RMK A01,null
MYT,2011-04-26 13:35,-89.6150,28.2206,0.00,78.80,71.60,78.62,170.00,11.00,null,29.81,null,1.50,null,SCT,   ,   ,   ,3200.00,null,null,null,HZ,null,null,null,null,null,null,81.70,KMYT 261335Z AUTO 17011KT 1 1/2SM HZ SCT032 26/22 A2981 RMK A01,null
DLP,2011-04-26 13:35,-89.5472,29.1214,0.00,80.60,73.40,78.76,150.00,16.00,null,29.82,null,6.00,24.00,CLR,   ,   ,   ,null,null,null,null,HZ,null,null,null,null,null,null,85.32,KDLP 261335Z AUTO 15016G24KT 6SM HZ CLR 27/23 A2982 RMK A01,null
NMM,2011-04-26 13:43,-88.5556,32.5521,97.00,64.40,60.80,88.09,0.00,3.00,0.23,29.82,null,1.00,null,SCT,BKN,OVC,   ,1300.00,3800.00,7000.00,null,TSRA BR,null,null,null,26.00,270.00,2011-04-26 13:22,64.40,KNMM 261343Z VRB03KT 1SM TSRA BR SCT013CB BKN038 OVC070 18/16 A2982 RMK AO2 PK WND 27026/1322 TSB04E20B21 PRESFR OCNL LTGICCC OHD TS OHD MOV E SVR T1 SET P0023,null
MEI,2011-04-26 13:45,-88.7511,32.3347,94.00,64.40,62.60,93.88,160.00,13.00,0.15,29.79,null,7.00,null,BKN,OVC,   ,   ,3100.00,6500.00,null,null,-RA,null,null,null,30.00,190.00,2011-04-26 13:06,64.40,KMEI 261345Z 16013KT 7SM -RA BKN031 OVC065 18/17 A2979 RMK AO2 PK WND 19030/1306 WSHFT 1258 TSE39 TSE1339 P0015,null
BIX,2011-04-26 13:49,-88.9244,30.4104,10.00,77.00,71.60,83.44,220.00,15.00,null,29.86,null,10.00,null,BKN,BKN,OVC,   ,1800.00,2200.00,11000.00,null,VCTS -RA,null,null,null,null,null,null,78.32,KBIX 261349Z 22015KT 10SM VCTS -RA BKN018 BKN022 OVC110 25/22 A2986 RMK AO2A,null
OLV,2011-04-26 13:50,-89.7869,34.9787,122.50,62.60,62.60,100.00,170.00,10.00,null,29.67,null,7.00,null,SCT,BKN,OVC,   ,3300.00,4500.00,7000.00,null,null,null,null,null,null,null,null,62.60,KOLV 261350Z 17010KT 7SM SCT033 BKN045 OVC070 17/17 A2967,null
GTR,2011-04-26 13:50,-88.5914,33.4503,80.00,69.80,64.40,82.98,200.00,11.00,null,29.71,null,10.00,28.00,SCT,OVC,   ,   ,8000.00,11000.00,null,null,null,null,null,null,null,null,null,69.80,KGTR 261350Z 20011G28KT 10SM SCT080 OVC110 21/18 A2971,null
HBG,2011-04-26 13:51,-89.2529,31.2649,46.00,64.40,62.60,93.88,130.00,10.00,0.25,29.86,null,9.00,null,BKN,BKN,   ,   ,2600.00,11000.00,null,null,-RA,null,null,null,null,null,null,64.40,KHBG 261351Z AUTO 13010KT 9SM -RA BKN026 BKN110 18/17 A2986 RMK AO2 PRESFR P0025 TSNO,null
TUP,2011-04-26 13:53,-88.7711,34.2608,110.00,64.00,62.00,93.28,130.00,4.00,null,29.71,1005.60,9.00,null,FEW,SCT,   ,   ,500.00,9500.00,null,null,null,null,null,null,null,null,null,64.04,KTUP 261353Z 13004KT 9SM FEW005 SCT095 18/17 A2971 RMK AO2 SLP056 T01780167,null
HBG,2011-04-26 13:53,-89.2529,31.2649,46.00,65.00,63.00,93.30,130.00,11.00,0.25,29.85,1010.40,10.00,null,BKN,BKN,   ,   ,2600.00,11000.00,null,null,-RA,null,null,null,null,null,null,64.94,KHBG 261353Z AUTO 13011KT 10SM -RA BKN026 BKN110 18/17 A2985 RMK AO2 PRESFR SLP104 P0025 T01830172 TSNO,null
HKS,2011-04-26 13:53,-90.2225,32.3348,104.00,67.00,61.00,81.22,160.00,12.00,null,29.75,1006.50,10.00,17.00,CLR,   ,   ,   ,null,null,null,null,null,null,null,null,null,null,null,66.92,KHKS 261353Z 16012G17KT 10SM CLR 19/16 A2975 RMK AO2 SLP065 T01940161,null
GWO,2011-04-26 13:53,-90.0847,33.4943,47.00,73.00,66.00,78.65,200.00,16.00,null,29.70,1005.40,10.00,null,CLR,   ,   ,   ,null,null,null,null,null,null,null,null,null,null,null,73.04,KGWO 261353Z AUTO 20016KT 10SM CLR 23/19 A2970 RMK AO2 SLP054 T02280189,null
GLH,2011-04-26 13:53,-90.9856,33.4829,40.00,67.00,66.00,96.93,170.00,7.00,null,29.67,1005.40,9.00,null,CLR,   ,   ,   ,null,null,null,null,null,null,null,null,null,null,null,66.92,KGLH 261353Z 17007KT 9SM CLR 19/19 A2967 RMK AO2 SLP054 T01940189,null
PQL,2011-04-26 13:53,-88.5319,30.4636,5.00,77.00,70.00,78.96,180.00,4.00,null,29.87,1011.70,10.00,null,SCT,BKN,BKN,   ,2100.00,4300.00,5000.00,null,TS,null,null,null,null,null,null,78.11,KPQL 261353Z 18004KT 10SM TS SCT021 BKN043 BKN050 25/21 A2987 RMK AO2 LTG DSNT W AND NW TSB53 SLP117 T02500211,null
MCB,2011-04-26 13:53,-90.4700,31.1800,126.00,65.00,61.00,87.00,190.00,10.00,0.02,29.77,1007.70,10.00,null,FEW,   ,   ,   ,3700.00,null,null,null,null,null,null,null,39.00,160.00,2011-04-26 13:25,64.94,KMCB 261353Z AUTO 19010KT 10SM FEW037 18/16 A2977 RMK AO2 PK WND 16039/1325 RAB08E41 SLP077 P0002 T01830161,null
JAN,2011-04-26 13:54,-90.0800,32.3200,101.00,67.00,62.00,84.38,0.00,4.00,null,29.75,1007.10,10.00,null,FEW,   ,   ,   ,2600.00,null,null,null,null,null,null,null,null,null,null,66.92,KJAN 261354Z VRB04KT 10SM FEW026 19/17 A2975 RMK AO2 SLP071 T01940167,null
CBM,2011-04-26 13:54,-88.4438,33.6438,67.00,73.40,66.20,78.19,200.00,15.00,null,29.73,1006.60,10.00,19.00,SCT,BKN,   ,   ,1800.00,2600.00,null,null,null,null,null,null,null,null,null,73.40,KCBM 261354Z AUTO 20015G19KT 10SM SCT018 BKN026 23/19 A2973 RMK AO2 RAE1257 SLP066 $,null
CKM,2011-04-26 13:55,-90.5123,34.2997,52.70,64.40,64.40,100.00,130.00,10.00,null,29.67,null,8.00,null,CLR,   ,   ,   ,null,null,null,null,null,null,null,null,null,null,null,64.40,KCKM 261355Z AUTO 13010KT 8SM CLR 18/18 A2967 RMK AO1,null
DLP,2011-04-26 13:55,-89.5472,29.1214,0.00,80.60,73.40,78.76,160.00,18.00,null,29.82,null,6.00,24.00,CLR,   ,   ,   ,null,null,null,null,HZ,null,null,null,null,null,null,85.32,KDLP 261355Z AUTO 16018G24KT 6SM HZ CLR 27/23 A2982 RMK A01,null
MIS,2011-04-26 13:55,-88.8420,29.2960,32.00,82.40,71.60,69.90,220.00,15.00,null,29.84,null,2.50,21.00,   ,   ,   ,   ,null,null,null,null,HZ,null,null,null,null,null,null,87.18,KMIS 261355Z AUTO 22015G21KT 2 1/2SM HZ 28/22 A2984 RMK A01,null
UTA,2011-04-26 13:55,-90.3467,34.6811,59.00,66.20,62.60,88.18,140.00,10.00,null,29.65,null,10.00,null,CLR,   ,   ,   ,null,null,null,null,null,null,null,null,null,null,null,66.20,KUTA 261355Z AUTO 14010KT 10SM CLR 19/17 A2965 RMK AO2,null
M16,2011-04-26 13:55,-90.4105,32.3045,75.30,66.20,60.80,82.74,170.00,8.00,null,29.74,null,10.00,null,CLR,   ,   ,   ,null,null,null,null,null,null,null,null,null,null,null,66.20,KM16 261355Z AUTO 17008KT 010V020 10SM CLR 19/16 A2974 RMK AO2 LTG DSNT E,null
1R7,2011-04-26 13:55,-90.4093,31.6058,149.00,64.40,60.80,88.09,190.00,4.00,null,29.77,null,10.00,null,CLR,   ,   ,   ,null,null,null,null,null,null,null,null,null,null,null,64.40,K1R7 261355Z AUTO 19004KT 10SM CLR 18/16 A2977 RMK AO2 LTG DSNT E AND SE,null
MYT,2011-04-26 13:55,-89.6150,28.2206,0.00,78.80,71.60,78.62,180.00,11.00,null,29.81,null,1.75,null,CLR,   ,   ,   ,null,null,null,null,HZ,null,null,null,null,null,null,81.70,KMYT 261355Z AUTO 18011KT 1 3/4SM HZ CLR 26/22 A2981 RMK A01,null
HEZ,2011-04-26 13:55,-91.2973,31.6137,83.00,66.20,60.80,82.74,190.00,8.00,null,29.74,null,10.00,null,CLR,   ,   ,   ,null,null,null,null,null,null,null,null,null,null,null,66.20,KHEZ 261355Z AUTO 19008KT 10SM CLR 19/16 A2974 RMK AO1,null
UOX,2011-04-26 13:55,-89.5368,34.3843,137.80,62.60,60.80,93.83,null,null,null,29.72,null,10.00,null,CLR,   ,   ,   ,null,null,null,null,null,null,null,null,null,null,null,62.60,KUOX 261355Z AUTO 00000KT 10SM CLR 17/16 A2972 RMK AO2,null
BIX,2011-04-26 13:55,-88.9244,30.4104,10.00,76.46,70.52,81.89,230.00,14.00,T,29.86,1011.20,10.00,null,FEW,BKN,BKN,OVC,700.00,1800.00,2200.00,11000.00,-TSRA,null,null,null,null,null,null,77.65,KBIX 261355Z 23014KT 10SM -TSRA FEW007 BKN018CB BKN022 OVC110 25/21 A2986 RMK AO2A RAB1322 CLDS LWR RWY03 SLP112 P0000 T02470214,null
PIB,2011-04-26 13:55,-89.3371,31.4671,91.00,64.40,59.00,82.62,130.00,11.00,0.06,29.81,null,10.00,null,FEW,SCT,OVC,   ,5000.00,9500.00,12000.00,null,null,null,null,null,null,null,null,64.40,KPIB 261355Z AUTO 13011KT 10SM FEW050 SCT095 OVC120 18/15 A2981 RMK AO1 LTG DSNT E TSE28 P0006,null
CRX,2011-04-26 13:55,-88.6035,34.9150,129.00,62.60,59.00,88.00,140.00,6.00,null,29.73,null,10.00,null,BKN,OVC,   ,   ,1900.00,2400.00,null,null,null,null,null,null,null,null,null,62.60,KCRX 261355Z AUTO 14006KT 10SM BKN019 OVC024 17/15 A2973 RMK AO2,null
CBM,2011-04-26 13:55,-88.4438,33.6438,67.00,73.00,66.20,79.14,190.00,13.00,T,29.73,1006.60,10.00,19.00,SCT,BKN,   ,   ,1800.00,2600.00,null,null,null,null,null,null,null,null,null,73.04,KCBM 261355Z AUTO 19013G19KT 10SM SCT018 BKN026 23/19 A2973 RMK AO2 RAE1257 SLP066 P0000 T02280190 $,null
NMM,2011-04-26 13:56,-88.5556,32.5521,97.00,65.00,62.00,90.39,90.00,9.00,0.26,29.78,1009.10,1.00,null,SCT,BKN,OVC,   ,1300.00,3800.00,7000.00,null,TSRA BR,null,null,null,26.00,270.00,2011-04-26 13:22,64.94,KNMM 261356Z 09009KT 1SM TSRA BR SCT013CB BKN038 OVC070 18/17 A2978 RMK AO2 PK WND 27026/1322 TSB04E20B21 PRESFR SLP091 OCNL LTGICCC OHD TS OHD MOV E SVR T1 SET P0026 T01830167,null
CBM,2011-04-26 13:57,-88.4438,33.6438,67.00,73.40,66.20,78.19,180.00,12.00,null,29.71,1006.10,10.00,19.00,SCT,BKN,   ,   ,1800.00,2800.00,null,null,null,null,null,null,null,null,null,73.40,KCBM 261357Z AUTO 18012G19KT 10SM SCT018 BKN028 23/19 A2971 RMK AO2 CIG 026V030 CIG 021 RWY31C SLP061 $,null
MEI,2011-04-26 13:58,-88.7511,32.3347,94.00,64.00,63.00,96.28,150.00,18.00,0.16,29.78,1008.00,7.00,23.00,OVC,   ,   ,   ,2900.00,null,null,null,-RA,null,null,null,30.00,190.00,2011-04-26 13:06,64.04,KMEI 261358Z 15018G23KT 7SM -RA OVC029 18/17 A2978 RMK AO2 PK WND 19030/1306 WSHFT 1258 TSE39 SLP080 TSE1339 P0016 T01780172,null
HSA,2011-04-26 14:00,-89.4546,30.3678,7.00,69.80,69.80,100.00,250.00,4.00,null,29.86,null,10.00,null,BKN,   ,   ,   ,9500.00,null,null,null,null,null,null,null,null,null,null,69.80,KHSA 261400Z 25004KT 10SM BKN095 21/21 A2986,null
GPT,2011-04-26 14:01,-89.0701,30.4073,9.00,71.60,66.20,83.09,190.00,4.00,0.01,29.86,null,8.00,null,FEW,BKN,   ,   ,1800.00,8000.00,null,null,-TSRA,null,null,null,null,null,null,71.60,KGPT 261401Z 19004KT 8SM -TSRA FEW018 BKN080 22/19 A2986 RMK AO2 LTG DSNT ALQDS TSE1357B01 P0001,null
HBG,2011-04-26 14:01,-89.2529,31.2649,46.00,64.40,62.60,93.88,130.00,13.00,null,29.83,null,10.00,null,SCT,SCT,   ,   ,2000.00,11000.00,null,null,null,null,null,null,null,null,null,64.40,KHBG 261401Z AUTO 13013KT 10SM SCT020 SCT110 18/17 A2983 RMK AO2 RAE1354 PRESFR TSNO,null
CBM,2011-04-26 14:01,-88.4438,33.6438,67.00,73.40,66.20,78.19,180.00,20.00,null,29.70,1005.70,10.00,26.00,SCT,BKN,   ,   ,1800.00,2700.00,null,null,null,null,null,null,26.00,190.00,2011-04-26 14:00,73.40,KCBM 261401Z AUTO 18020G26KT 10SM SCT018 BKN027 23/19 A2970 RMK AO2 PK WND 19026/1400 CIG 026V030 BKN V SCT SLP057 $,null
NMM,2011-04-26 14:02,-88.5556,32.5521,97.00,64.40,62.60,93.88,110.00,7.00,0.01,29.78,null,6.00,null,SCT,BKN,OVC,   ,3800.00,9000.00,11000.00,null,-TSRA BR,null,null,null,null,null,null,64.40,KNMM 261402Z 11007KT 6SM -TSRA BR SCT038CB BKN090 OVC110 18/17 A2978 RMK AO2 OCNL LTGIC DSNT W TS DSNT W MOV W SVR T1 SET P0001,null
CBM,2011-04-26 14:02,-88.4438,33.6438,67.00,73.40,66.20,78.19,190.00,19.00,null,29.70,1005.80,10.00,26.00,SCT,SCT,   ,   ,1800.00,2700.00,null,null,null,null,null,null,26.00,190.00,2011-04-26 14:00,73.40,KCBM 261402Z AUTO 19019G26KT 10SM SCT018 SCT027 23/19 A2970 RMK AO2 PK WND 19026/1400 SLP058 $,null
MEI,2011-04-26 14:08,-88.7511,32.3347,94.00,64.40,62.60,93.88,150.00,27.00,0.01,29.73,null,10.00,35.00,BKN,BKN,OVC,   ,3300.00,5000.00,8000.00,null,-RA,null,null,null,35.00,150.00,2011-04-26 14:07,64.40,KMEI 261408Z 15027G35KT 10SM -RA BKN033 BKN050 OVC080 18/17 A2973 RMK AO2 PK WND 15035/1407 PRESFR P0001,null
BIX,2011-04-26 14:09,-88.9244,30.4104,10.00,73.40,68.00,83.21,250.00,11.00,null,29.88,1011.90,2.50,22.00,FEW,BKN,BKN,OVC,700.00,1800.00,2200.00,11000.00,+TSRA,null,null,null,null,null,null,73.40,KBIX 261409Z 25011G22KT 2 1/2SM +TSRA FEW007 BKN018CB BKN022 OVC110 23/20 A2988 RMK AO2A TSB1356 SLP119,null
GLH,2011-04-26 14:10,-90.9856,33.4829,40.00,69.80,66.20,88.34,170.00,10.00,null,29.68,null,10.00,null,BKN,   ,   ,   ,2400.00,null,null,null,null,null,null,null,null,null,null,69.80,KGLH 261410Z 17010KT 10SM BKN024 21/19 A2968 RMK AO2,null
NMM,2011-04-26 14:11,-88.5556,32.5521,97.00,64.40,62.60,93.88,130.00,6.00,0.01,29.78,null,10.00,null,FEW,BKN,OVC,   ,3500.00,9000.00,11000.00,null,null,null,null,null,null,null,null,64.40,KNMM 261411Z 13006KT 10SM FEW035 BKN090 OVC110 18/17 A2978 RMK AO2 TSE11RAE09 SVR T1 SET P0001,null
GPT,2011-04-26 14:13,-89.0701,30.4073,9.00,69.80,64.40,82.98,190.00,7.00,0.01,29.88,null,10.00,null,FEW,SCT,OVC,   ,2800.00,8000.00,9500.00,null,TS,null,null,null,null,null,null,69.80,KGPT 261413Z 19007KT 10SM TS FEW028 SCT080 OVC095 21/18 A2988 RMK AO2 LTG DSNT ALQDS TSE1357B01RAE13 FRQ LTGICCG S-E TS 5 S-E TS 5 S-E MOV E P0001,null
NMM,2011-04-26 14:13,-88.5556,32.5521,97.00,66.20,62.60,88.18,130.00,6.00,0.01,29.77,null,10.00,null,FEW,SCT,   ,   ,9000.00,11000.00,null,null,null,null,null,null,null,null,null,66.20,KNMM 261413Z 13006KT 10SM FEW090 SCT110 19/17 A2977 RMK AO2 TSE11B12E13RAE09 SVR T1 SET P0001,null
PIB,2011-04-26 14:15,-89.3371,31.4671,91.00,64.40,59.00,82.62,190.00,5.00,null,29.81,null,10.00,18.00,FEW,BKN,   ,   ,10000.00,12000.00,null,null,null,null,null,null,null,null,null,64.40,KPIB 261415Z AUTO 19005G18KT 10SM FEW100 BKN120 18/15 A2981 RMK AO1 LTG DSNT SE,null
MIS,2011-04-26 14:15,-88.8420,29.2960,32.00,84.20,71.60,65.95,220.00,15.00,null,29.84,null,2.50,null,   ,   ,   ,   ,null,null,null,null,HZ,null,null,null,null,null,null,89.60,KMIS 261415Z AUTO 22015KT 2 1/2SM HZ 29/22 A2984 RMK A01,null
CKM,2011-04-26 14:15,-90.5123,34.2997,52.70,66.20,64.40,93.92,130.00,11.00,null,29.67,null,9.00,null,CLR,   ,   ,   ,null,null,null,null,null,null,null,null,null,null,null,66.20,KCKM 261415Z AUTO 13011KT 9SM CLR 19/18 A2967 RMK AO1,null
UOX,2011-04-26 14:15,-89.5368,34.3843,137.80,64.40,62.60,93.88,null,null,null,29.72,null,10.00,null,SCT,   ,   ,   ,4100.00,null,null,null,null,null,null,null,null,null,null,64.40,KUOX 261415Z AUTO 00000KT 10SM SCT041 18/17 A2972 RMK AO2,null
CRX,2011-04-26 14:15,-88.6035,34.9150,129.00,62.60,59.00,88.00,140.00,7.00,null,29.72,null,10.00,null,OVC,   ,   ,   ,1900.00,null,null,null,null,null,null,null,null,null,null,62.60,KCRX 261415Z AUTO 14007KT 10SM OVC019 17/15 A2972 RMK AO2,null
HEZ,2011-04-26 14:15,-91.2973,31.6137,83.00,66.20,60.80,82.74,190.00,9.00,null,29.74,null,10.00,null,CLR,   ,   ,   ,null,null,null,null,null,null,null,null,null,null,null,66.20,KHEZ 261415Z AUTO 19009KT 150V220 10SM CLR 19/16 A2974 RMK AO1,null
UTA,2011-04-26 14:15,-90.3467,34.6811,59.00,68.00,62.60,82.86,140.00,14.00,null,29.66,null,10.00,19.00,CLR,   ,   ,   ,null,null,null,null,null,null,null,null,null,null,null,68.00,KUTA 261415Z AUTO 14014G19KT 10SM CLR 20/17 A2966 RMK AO2 LTG DSNT S,null
DLP,2011-04-26 14:15,-89.5472,29.1214,0.00,78.80,73.40,83.55,160.00,20.00,null,29.83,null,6.00,null,CLR,   ,   ,   ,null,null,null,null,HZ,null,null,null,null,null,null,82.03,KDLP 261415Z AUTO 16020KT 6SM HZ CLR 26/23 A2983 RMK A01,null
MYT,2011-04-26 14:15,-89.6150,28.2206,0.00,78.80,71.60,78.62,170.00,11.00,null,29.81,null,1.75,null,CLR,   ,   ,   ,null,null,null,null,HZ,null,null,null,null,null,null,81.70,KMYT 261415Z AUTO 17011KT 1 3/4SM HZ CLR 26/22 A2981 RMK A01,null
M16,2011-04-26 14:15,-90.4105,32.3045,75.30,68.00,60.80,77.75,170.00,6.00,null,29.74,null,10.00,null,CLR,   ,   ,   ,null,null,null,null,null,null,null,null,null,null,null,68.00,KM16 261415Z AUTO 17006KT 10SM CLR 20/16 A2974 RMK AO2,null
BIX,2011-04-26 14:17,-88.9244,30.4104,10.00,69.80,66.20,88.34,250.00,11.00,null,29.87,null,5.00,16.00,FEW,BKN,OVC,   ,700.00,1600.00,4900.00,null,-TSRA BR,null,null,null,null,null,null,69.80,KBIX 261417Z 25011G16KT 5SM -TSRA BR FEW007 BKN016CB OVC049 21/19 A2987 RMK AO2A,null
GPT,2011-04-26 14:17,-89.0701,30.4073,9.00,69.80,64.40,82.98,190.00,5.00,0.01,29.87,null,10.00,null,FEW,OVC,   ,   ,8000.00,9500.00,null,null,TS,null,null,null,null,null,null,69.80,KGPT 261417Z 19005KT 10SM TS FEW080 OVC095 21/18 A2987 RMK AO2 TSE1357B01E16B17RAE13 FRQ LTGICCG S-E TS 5 S-E TS 5 S-E MOV E P0001,null
GPT,2011-04-26 14:26,-89.0701,30.4073,9.00,69.80,64.40,82.98,260.00,3.00,0.01,29.86,null,10.00,null,OVC,   ,   ,   ,9000.00,null,null,null,null,null,null,null,null,null,null,69.80,KGPT 261426Z 26003KT 10SM OVC090 21/18 A2986 RMK AO2 TSE1357B01E16B17E24RAE13 TS MOVD E P0001,null
GLH,2011-04-26 14:28,-90.9856,33.4829,40.00,71.60,66.20,83.09,200.00,15.00,null,29.68,null,10.00,22.00,SCT,BKN,OVC,   ,2400.00,3100.00,3800.00,null,null,null,null,null,null,null,null,71.60,KGLH 261428Z 20015G22KT 10SM SCT024 BKN031 OVC038 22/19 A2968 RMK AO2,null
UOX,2011-04-26 14:35,-89.5368,34.3843,137.80,64.40,62.60,93.88,160.00,3.00,null,29.72,null,9.00,null,SCT,   ,   ,   ,3900.00,null,null,null,null,null,null,null,null,null,null,64.40,KUOX 261435Z AUTO 16003KT 9SM SCT039 18/17 A2972 RMK AO2,null
DLP,2011-04-26 14:35,-89.5472,29.1214,0.00,78.80,73.40,83.55,160.00,19.00,null,29.82,null,6.00,null,CLR,   ,   ,   ,null,null,null,null,HZ,null,null,null,null,null,null,82.03,KDLP 261435Z AUTO 16019KT 6SM HZ CLR 26/23 A2982 RMK A01,null
MYT,2011-04-26 14:35,-89.6150,28.2206,0.00,78.80,73.40,83.55,170.00,11.00,null,29.82,null,1.75,null,CLR,   ,   ,   ,null,null,null,null,HZ,null,null,null,null,null,null,82.03,KMYT 261435Z AUTO 17011KT 1 3/4SM HZ CLR 26/23 A2982 RMK A01,null
HEZ,2011-04-26 14:35,-91.2973,31.6137,83.00,68.00,62.60,82.86,180.00,8.00,null,29.73,null,10.00,null,CLR,   ,   ,   ,null,null,null,null,null,null,null,null,null,null,null,68.00,KHEZ 261435Z AUTO 18008KT 10SM CLR 20/17 A2973 RMK AO1,null
1R7,2011-04-26 14:35,-90.4093,31.6058,149.00,68.00,62.60,82.86,190.00,5.00,null,29.77,null,9.00,null,CLR,   ,   ,   ,null,null,null,null,null,null,null,null,null,null,null,68.00,K1R7 261435Z AUTO 19005KT 9SM CLR 20/17 A2977 RMK AO2,null
PIB,2011-04-26 14:35,-89.3371,31.4671,91.00,64.40,59.00,82.62,200.00,7.00,null,29.80,null,10.00,null,CLR,   ,   ,   ,null,null,null,null,null,null,null,null,null,null,null,64.40,KPIB 261435Z AUTO 20007KT 10SM CLR 18/15 A2980 RMK AO1,null
MIS,2011-04-26 14:35,-88.8420,29.2960,32.00,84.20,71.60,65.95,220.00,16.00,null,29.84,null,2.50,null,   ,   ,   ,   ,null,null,null,null,HZ,null,null,null,null,null,null,89.60,KMIS 261435Z AUTO 22016KT 2 1/2SM HZ 29/22 A2984 RMK A01,null
CKM,2011-04-26 14:35,-90.5123,34.2997,52.70,68.00,66.20,93.97,140.00,10.00,null,29.67,null,8.00,null,CLR,   ,   ,   ,null,null,null,null,null,null,null,null,null,null,null,68.00,KCKM 261435Z AUTO 14010KT 8SM CLR 20/19 A2967 RMK AO1,null
UTA,2011-04-26 14:35,-90.3467,34.6811,59.00,68.00,64.40,88.26,150.00,13.00,null,29.67,null,10.00,null,CLR,   ,   ,   ,null,null,null,null,null,null,null,null,null,null,null,68.00,KUTA 261435Z AUTO 15013KT 10SM CLR 20/18 A2967 RMK AO2,null
CRX,2011-04-26 14:35,-88.6035,34.9150,129.00,62.60,59.00,88.00,140.00,7.00,null,29.72,null,10.00,null,BKN,   ,   ,   ,1700.00,null,null,null,null,null,null,null,null,null,null,62.60,KCRX 261435Z AUTO 14007KT 10SM BKN017 17/15 A2972 RMK AO2,null
M16,2011-04-26 14:35,-90.4105,32.3045,75.30,68.00,60.80,77.75,190.00,8.00,null,29.75,null,10.00,null,CLR,   ,   ,   ,null,null,null,null,null,null,null,null,null,null,null,68.00,KM16 261435Z AUTO 19008KT 10SM CLR 20/16 A2975 RMK AO2,null
BIX,2011-04-26 14:47,-88.9244,30.4104,10.00,69.80,66.20,88.34,230.00,9.00,null,29.86,1011.50,10.00,null,FEW,SCT,BKN,OVC,1500.00,3000.00,6000.00,9500.00,null,null,null,null,null,null,null,69.80,KBIX 261447Z 23009KT 10SM FEW015 SCT030 BKN060 OVC095 21/19 A2986 RMK AO2A RAE1447 TSB1356 CLDS LWR RWY03 SLP115,null
GTR,2011-04-26 14:50,-88.5914,33.4503,80.00,69.80,60.80,73.09,230.00,7.00,null,29.76,null,10.00,null,CLR,   ,   ,   ,null,null,null,null,null,null,null,null,null,null,null,69.80,KGTR 261450Z 23007KT 10SM SKC 21/16 A2976,null
OLV,2011-04-26 14:50,-89.7869,34.9787,122.50,66.20,66.20,100.00,70.00,15.00,null,29.67,null,10.00,null,FEW,   ,   ,   ,5500.00,null,null,null,null,null,null,null,null,null,null,66.20,KOLV 261450Z 07015KT 10SM FEW055 19/19 A2967,null
GLH,2011-04-26 14:53,-90.9856,33.4829,40.00,73.00,67.00,81.14,190.00,15.00,null,29.67,1005.30,10.00,21.00,BKN,   ,   ,   ,4000.00,null,null,null,null,null,null,null,null,null,null,73.04,KGLH 261453Z 19015G21KT 10SM BKN040 23/19 A2967 RMK AO2 SLP053 T02280194 50011,null
HBG,2011-04-26 14:53,-89.2529,31.2649,46.00,68.00,64.00,87.16,160.00,11.00,null,29.81,1009.20,10.00,null,CLR,   ,   ,   ,null,null,null,null,null,null,null,null,null,null,null,68.00,KHBG 261453Z AUTO 16011KT 10SM CLR 20/18 A2981 RMK AO2 RAE1354 SLP092 60040 T02000178 58021 TSNO,null
GPT,2011-04-26 14:53,-89.0701,30.4073,9.00,72.00,65.00,78.57,null,null,0.01,29.85,1010.70,10.00,null,SCT,   ,   ,   ,11000.00,null,null,null,null,null,null,null,null,null,null,71.96,KGPT 261453Z 00000KT 10SM SCT110 22/18 A2985 RMK AO2 TSE1357B01E16B17E24RAE13 SLP107 TS MOVD E P0001 60018 T02220183 50006,null
GWO,2011-04-26 14:53,-90.0847,33.4943,47.00,74.00,64.00,71.22,210.00,11.00,null,29.71,1005.80,10.00,null,CLR,   ,   ,   ,null,null,null,null,null,null,null,null,null,null,null,73.94,KGWO 261453Z AUTO 21011KT 10SM CLR 23/18 A2971 RMK AO2 SLP058 T02330178 51018,null
PQL,2011-04-26 14:53,-88.5319,30.4636,5.00,73.00,70.00,90.14,0.00,4.00,0.06,29.88,1011.90,1.75,null,SCT,BKN,OVC,   ,2400.00,4600.00,8000.00,null,+TSRA BR,null,null,null,null,null,null,74.28,KPQL 261453Z VRB04KT 1 3/4SM +TSRA BR SCT024 BKN046 OVC080 23/21 A2988 RMK AO2 LTG DSNT SW-N RAB26 SLP119 P0006 60006 T02280211 51012,null
TUP,2011-04-26 14:53,-88.7711,34.2608,110.00,70.00,66.00,87.26,210.00,6.00,null,29.72,1006.10,9.00,null,FEW,   ,   ,   ,3100.00,null,null,null,null,null,null,null,null,null,null,69.98,KTUP 261453Z 21006KT 9SM FEW031 21/19 A2972 RMK AO2 SLP061 T02110189 53002,null
HKS,2011-04-26 14:53,-90.2225,32.3348,104.00,70.00,61.00,73.11,190.00,10.00,null,29.76,1006.80,10.00,null,   ,   ,   ,   ,null,null,null,null,null,null,null,null,null,null,null,69.98,KHKS 261453Z AUTO 19010KT 10SM 21/16 A2976 RMK AO2 SLP068 60000 T02110161 TSNO $,null
MCB,2011-04-26 14:53,-90.4700,31.1800,126.00,70.00,64.00,81.44,180.00,4.00,null,29.75,1007.00,10.00,null,CLR,   ,   ,   ,null,null,null,null,null,null,null,null,null,null,null,69.98,KMCB 261453Z AUTO 18004KT 10SM CLR 21/18 A2975 RMK AO2 SLP070 60010 T02110178 56018,null
JAN,2011-04-26 14:54,-90.0800,32.3200,101.00,70.00,62.00,75.96,0.00,6.00,null,29.75,1007.00,10.00,null,CLR,   ,   ,   ,null,null,null,null,null,null,null,null,null,null,null,69.98,KJAN 261454Z VRB06KT 10SM CLR 21/17 A2975 RMK AO2 SLP070 60003 T02110167 50031,null
PIB,2011-04-26 14:55,-89.3371,31.4671,91.00,64.40,59.00,82.62,160.00,12.00,null,29.79,null,10.00,null,SCT,   ,   ,   ,12000.00,null,null,null,null,null,null,null,null,null,null,64.40,KPIB 261455Z AUTO 16012KT 10SM SCT120 18/15 A2979 RMK AO1 60044 57020,null
MIS,2011-04-26 14:55,-88.8420,29.2960,32.00,82.40,71.60,69.90,220.00,16.00,null,29.84,null,2.50,22.00,   ,   ,   ,   ,null,null,null,null,HZ,null,null,null,null,null,null,87.18,KMIS 261455Z AUTO 22016G22KT 2 1/2SM HZ 28/22 A2984 RMK A01,null
DLP,2011-04-26 14:55,-89.5472,29.1214,0.00,80.60,73.40,78.76,160.00,14.00,null,29.83,null,6.00,23.00,CLR,   ,   ,   ,null,null,null,null,HZ,null,null,null,null,null,null,85.32,KDLP 261455Z AUTO 16014G23KT 6SM HZ CLR 27/23 A2983 RMK A01,null
1R7,2011-04-26 14:55,-90.4093,31.6058,149.00,69.80,62.60,77.90,170.00,7.00,null,29.77,null,9.00,null,CLR,   ,   ,   ,null,null,null,null,null,null,null,null,null,null,null,69.80,K1R7 261455Z AUTO 17007KT 9SM CLR 21/17 A2977 RMK AO2,null
BIX,2011-04-26 14:55,-88.9244,30.4104,10.00,69.62,66.20,88.89,250.00,5.00,0.07,29.85,1011.20,10.00,null,FEW,SCT,BKN,OVC,1500.00,3000.00,5000.00,9000.00,null,null,null,null,null,null,null,69.62,KBIX 261455Z 25005KT 10SM FEW015 SCT030 BKN050 OVC090 21/19 A2985 RMK AO2A RAE1447 TSB1356 CLDS LWR RWY03 SLP112 P0007 60007 T02090190 51006,null
UOX,2011-04-26 14:55,-89.5368,34.3843,137.80,66.20,62.60,88.18,null,null,null,29.72,null,10.00,null,FEW,   ,   ,   ,3200.00,null,null,null,null,null,null,null,null,null,null,66.20,KUOX 261455Z AUTO 00000KT 10SM FEW032 19/17 A2972 RMK AO2,null
CRX,2011-04-26 14:55,-88.6035,34.9150,129.00,64.40,60.80,88.09,160.00,7.00,null,29.73,null,10.00,null,FEW,SCT,BKN,   ,900.00,1500.00,4800.00,null,null,null,null,null,null,null,null,64.40,KCRX 261455Z AUTO 16007KT 10SM FEW009 SCT015 BKN048 18/16 A2973 RMK AO2,null
HEZ,2011-04-26 14:55,-91.2973,31.6137,83.00,71.60,62.60,73.27,180.00,8.00,null,29.73,null,10.00,null,CLR,   ,   ,   ,null,null,null,null,null,null,null,null,null,null,null,71.60,KHEZ 261455Z AUTO 18008KT 160V220 10SM CLR 22/17 A2973 RMK AO1 52007,null
UTA,2011-04-26 14:55,-90.3467,34.6811,59.00,69.80,64.40,82.98,150.00,12.00,null,29.67,null,10.00,null,SCT,   ,   ,   ,4700.00,null,null,null,null,null,null,null,null,null,null,69.80,KUTA 261455Z AUTO 15012KT 10SM SCT047 21/18 A2967 RMK AO2,null
M16,2011-04-26 14:55,-90.4105,32.3045,75.30,71.60,62.60,73.27,220.00,8.00,null,29.75,null,10.00,null,CLR,   ,   ,   ,null,null,null,null,null,null,null,null,null,null,null,71.60,KM16 261455Z AUTO 22008KT 10SM CLR 22/17 A2975 RMK AO2,null
CBM,2011-04-26 14:55,-88.4438,33.6438,67.00,72.50,60.44,65.84,220.00,6.00,null,29.74,1007.10,10.00,null,CLR,   ,   ,   ,null,null,null,null,null,null,null,null,26.00,200.00,2011-04-26 14:03,72.50,KCBM 261455Z AUTO 22006KT 10SM CLR 23/16 A2974 RMK AO2 PK WND 20026/1403 SLP071 60000 T02250158 53006 $,null
MYT,2011-04-26 14:55,-89.6150,28.2206,0.00,78.80,73.40,83.55,170.00,10.00,null,29.83,null,1.75,null,CLR,   ,   ,   ,null,null,null,null,HZ,null,null,null,null,null,null,82.03,KMYT 261455Z AUTO 17010KT 1 3/4SM HZ CLR 26/23 A2983 RMK A01,null
CKM,2011-04-26 14:55,-90.5123,34.2997,52.70,71.60,66.20,83.09,150.00,9.00,null,29.67,null,8.00,null,CLR,   ,   ,   ,null,null,null,null,null,null,null,null,null,null,null,71.60,KCKM 261455Z AUTO 15009KT 8SM CLR 22/19 A2967 RMK AO1,null
NMM,2011-04-26 14:56,-88.5556,32.5521,97.00,68.00,62.00,81.29,230.00,3.00,0.01,29.80,1009.80,10.00,null,FEW,SCT,BKN,   ,2000.00,11000.00,18000.00,null,null,null,null,null,null,null,null,68.00,KNMM 261456Z 23003KT 10SM FEW020 SCT110 BKN180 20/17 A2980 RMK AO2 TSE11B12E13RAE09 SLP098 SVR T2 SET P0001 60027 T02000167 51002,null
MEI,2011-04-26 14:58,-88.7511,32.3347,94.00,67.00,64.00,90.46,200.00,8.00,0.01,29.80,1008.70,10.00,null,CLR,   ,   ,   ,null,null,null,null,null,null,null,null,36.00,140.00,2011-04-26 14:13,66.92,KMEI 261458Z 20008KT 10SM CLR 19/18 A2980 RMK AO2 PK WND 14036/1413 RAE37 SLP087 P0001 60018 T01940178 58001,null
PQL,2011-04-26 15:00,-88.5319,30.4636,5.00,71.60,69.80,94.06,0.00,3.00,0.01,29.89,null,2.00,null,BKN,BKN,OVC,   ,1800.00,3000.00,8000.00,null,-TSRA BR,null,null,null,null,null,null,72.88,KPQL 261500Z VRB03KT 2SM -TSRA BR BKN018 BKN030 OVC080 22/21 A2989 RMK AO2 LTG DSNT ALQDS PRESRR P0001,null
PQL,2011-04-26 15:06,-88.5319,30.4636,5.00,69.80,68.00,94.01,220.00,9.00,0.24,29.90,null,0.75,17.00,BKN,BKN,OVC,   ,1400.00,2600.00,6000.00,null,+TSRA BR,null,null,null,null,null,null,69.80,KPQL 261506Z 22009G17KT 170V260 3/4SM +TSRA BR BKN014 BKN026 OVC060 21/20 A2990 RMK AO2 LTG DSNT ALQDS P0024,null
BIX,2011-04-26 15:09,-88.9244,30.4104,10.00,71.60,68.00,88.43,210.00,6.00,null,29.86,1011.40,10.00,null,OVC,   ,   ,   ,9000.00,null,null,null,TS,null,null,null,null,null,null,72.62,KBIX 261509Z AUTO 21006KT 10SM TS OVC090 22/20 A2986 RMK AO2 TSE1457B1509 SLP114,null
PQL,2011-04-26 15:09,-88.5319,30.4636,5.00,68.00,66.20,93.97,0.00,5.00,0.43,29.90,null,0.25,20.00,SCT,BKN,OVC,   ,800.00,1900.00,3900.00,null,+TSRA FG,null,null,null,null,null,null,68.00,KPQL 261509Z VRB05G20KT 1/4SM +TSRA FG SCT008 BKN019 OVC039 20/19 A2990 RMK AO2 LTG DSNT ALQDS P0043,null
1R7,2011-04-26 15:15,-90.4093,31.6058,149.00,73.40,62.60,68.94,190.00,8.00,null,29.77,null,9.00,null,CLR,   ,   ,   ,null,null,null,null,null,null,null,null,null,null,null,73.40,K1R7 261515Z AUTO 19008KT 9SM CLR 23/17 A2977 RMK AO2 LTG DSNT E AND SE,null
MIS,2011-04-26 15:15,-88.8420,29.2960,32.00,82.40,71.60,69.90,220.00,15.00,null,29.84,null,2.50,21.00,   ,   ,   ,   ,null,null,null,null,HZ,null,null,null,null,null,null,87.18,KMIS 261515Z AUTO 22015G21KT 2 1/2SM HZ 28/22 A2984 RMK A01,null
HEZ,2011-04-26 15:15,-91.2973,31.6137,83.00,71.60,64.40,78.04,190.00,6.00,null,29.73,null,10.00,null,CLR,   ,   ,   ,null,null,null,null,null,null,null,null,null,null,null,71.60,KHEZ 261515Z AUTO 19006KT 10SM CLR 22/18 A2973 RMK AO1,null
PIB,2011-04-26 15:15,-89.3371,31.4671,91.00,66.20,60.80,82.74,170.00,8.00,null,29.81,null,10.00,null,FEW,   ,   ,   ,12000.00,null,null,null,null,null,null,null,null,null,null,66.20,KPIB 261515Z AUTO 17008KT 10SM FEW120 19/16 A2981 RMK AO1,null
UTA,2011-04-26 15:15,-90.3467,34.6811,59.00,69.80,64.40,82.98,160.00,13.00,null,29.67,null,10.00,19.00,BKN,   ,   ,   ,4300.00,null,null,null,null,null,null,null,null,null,null,69.80,KUTA 261515Z AUTO 16013G19KT 10SM BKN043 21/18 A2967 RMK AO2,null
MYT,2011-04-26 15:15,-89.6150,28.2206,0.00,78.80,73.40,83.55,180.00,10.00,null,29.83,null,1.50,null,CLR,   ,   ,   ,null,null,null,null,HZ,null,null,null,null,null,null,82.03,KMYT 261515Z AUTO 18010KT 1 1/2SM HZ CLR 26/23 A2983 RMK A01,null
CRX,2011-04-26 15:15,-88.6035,34.9150,129.00,66.20,62.60,88.18,150.00,11.00,null,29.72,null,10.00,null,FEW,SCT,   ,   ,900.00,4800.00,null,null,null,null,null,null,null,null,null,66.20,KCRX 261515Z AUTO 15011KT 10SM FEW009 SCT048 19/17 A2972 RMK AO2,null
UOX,2011-04-26 15:15,-89.5368,34.3843,137.80,68.00,64.40,88.26,null,null,null,29.72,null,9.00,null,CLR,   ,   ,   ,null,null,null,null,null,null,null,null,null,null,null,68.00,KUOX 261515Z AUTO 00000KT 9SM CLR 20/18 A2972 RMK AO2,null
CKM,2011-04-26 15:15,-90.5123,34.2997,52.70,73.40,68.00,83.21,160.00,14.00,null,29.67,null,8.00,19.00,SCT,   ,   ,   ,3900.00,null,null,null,null,null,null,null,null,null,null,73.40,KCKM 261515Z AUTO 16014G19KT 8SM SCT039 23/20 A2967 RMK AO1,null
DLP,2011-04-26 15:15,-89.5472,29.1214,0.00,80.60,73.40,78.76,160.00,16.00,null,29.83,null,7.00,23.00,CLR,   ,   ,   ,null,null,null,null,null,null,null,null,null,null,null,85.32,KDLP 261515Z AUTO 16016G23KT 7SM CLR 27/23 A2983 RMK A01,null
M16,2011-04-26 15:15,-90.4105,32.3045,75.30,71.60,62.60,73.27,210.00,7.00,null,29.75,null,10.00,15.00,CLR,   ,   ,   ,null,null,null,null,null,null,null,null,null,null,null,71.60,KM16 261515Z AUTO 21007G15KT 10SM CLR 22/17 A2975 RMK AO2,null
PQL,2011-04-26 15:17,-88.5319,30.4636,5.00,66.20,66.20,100.00,null,null,0.59,29.90,null,0.50,null,BKN,BKN,OVC,   ,1100.00,1700.00,2300.00,null,+TSRA FG,null,null,null,null,null,null,66.20,KPQL 261517Z 00000KT 1/2SM +TSRA FG BKN011 BKN017 OVC023 19/19 A2990 RMK AO2 LTG DSNT N AND NE AND SW P0059,null
MYT,2011-04-26 15:35,-89.6150,28.2206,0.00,78.80,73.40,83.55,170.00,9.00,null,29.83,null,1.75,null,CLR,   ,   ,   ,null,null,null,null,HZ,null,null,null,null,null,null,82.03,KMYT 261535Z AUTO 17009KT 1 3/4SM HZ CLR 26/23 A2983 RMK A01,null
UOX,2011-04-26 15:35,-89.5368,34.3843,137.80,69.80,64.40,82.98,210.00,7.00,null,29.72,null,9.00,null,CLR,   ,   ,   ,null,null,null,null,null,null,null,null,null,null,null,69.80,KUOX 261535Z AUTO 21007KT 010V020 9SM CLR 21/18 A2972 RMK AO2,null
PIB,2011-04-26 15:35,-89.3371,31.4671,91.00,68.00,62.60,82.86,160.00,10.00,null,29.81,null,10.00,null,FEW,   ,   ,   ,900.00,null,null,null,null,null,null,null,null,null,null,68.00,KPIB 261535Z AUTO 16010KT 10SM FEW009 20/17 A2981 RMK AO1,null
PQL,2011-04-26 15:35,-88.5319,30.4636,5.00,66.20,64.40,93.92,150.00,6.00,0.74,29.90,null,3.00,null,OVC,   ,   ,   ,1600.00,null,null,null,-TSRA BR,null,null,null,null,null,null,66.20,KPQL 261535Z 15006KT 3SM -TSRA BR OVC016 19/18 A2990 RMK AO2 LTG DSNT NE AND S AND SW P0074,null
CRX,2011-04-26 15:35,-88.6035,34.9150,129.00,68.00,64.40,88.26,160.00,8.00,null,29.72,null,10.00,null,FEW,   ,   ,   ,900.00,null,null,null,null,null,null,null,null,null,null,68.00,KCRX 261535Z AUTO 16008KT 10SM FEW009 20/18 A2972 RMK AO2,null
1R7,2011-04-26 15:35,-90.4093,31.6058,149.00,75.20,62.60,64.91,170.00,8.00,null,29.77,null,10.00,null,CLR,   ,   ,   ,null,null,null,null,null,null,null,null,null,null,null,75.20,K1R7 261535Z AUTO 17008KT 10SM CLR 24/17 A2977 RMK AO2,null
DLP,2011-04-26 15:35,-89.5472,29.1214,0.00,80.60,73.40,78.76,160.00,13.00,null,29.84,null,6.00,18.00,CLR,   ,   ,   ,null,null,null,null,HZ,null,null,null,null,null,null,85.32,KDLP 261535Z AUTO 16013G18KT 6SM HZ CLR 27/23 A2984 RMK A01,null
MIS,2011-04-26 15:35,-88.8420,29.2960,32.00,84.20,73.40,70.08,220.00,14.00,null,29.85,null,2.50,19.00,   ,   ,   ,   ,null,null,null,null,HZ,null,null,null,null,null,null,90.94,KMIS 261535Z AUTO 22014G19KT 2 1/2SM HZ 29/23 A2985 RMK A01,null
UTA,2011-04-26 15:35,-90.3467,34.6811,59.00,71.60,64.40,78.04,170.00,13.00,null,29.68,null,10.00,19.00,BKN,   ,   ,   ,4100.00,null,null,null,null,null,null,null,null,null,null,71.60,KUTA 261535Z AUTO 17013G19KT 10SM BKN041 22/18 A2968 RMK AO2,null
M16,2011-04-26 15:35,-90.4105,32.3045,75.30,73.40,62.60,68.94,200.00,8.00,null,29.75,null,10.00,14.00,SCT,   ,   ,   ,4700.00,null,null,null,null,null,null,null,null,null,null,73.40,KM16 261535Z AUTO 20008G14KT 10SM SCT047 23/17 A2975 RMK AO2,null
CKM,2011-04-26 15:35,-90.5123,34.2997,52.70,73.40,68.00,83.21,170.00,14.00,null,29.68,null,9.00,21.00,SCT,OVC,   ,   ,1800.00,3700.00,null,null,null,null,null,null,null,null,null,73.40,KCKM 261535Z AUTO 17014G21KT 9SM SCT018 OVC037 23/20 A2968 RMK AO1,null
OLV,2011-04-26 15:49,-89.7869,34.9787,122.50,71.60,71.60,100.00,190.00,10.00,null,29.69,null,8.00,20.00,BKN,   ,   ,   ,5500.00,null,null,null,null,null,null,null,null,null,null,73.16,KOLV 261549Z 19010G20KT 8SM BKN055 22/22 A2969,null
GTR,2011-04-26 15:51,-88.5914,33.4503,80.00,73.40,64.40,73.44,180.00,11.00,null,29.78,null,10.00,null,CLR,   ,   ,   ,null,null,null,null,null,null,null,null,null,null,null,73.40,KGTR 261551Z 18011KT 10SM SKC 23/18 A2978,null
GWO,2011-04-26 15:53,-90.0847,33.4943,47.00,76.00,62.00,62.17,200.00,16.00,null,29.71,1005.80,10.00,22.00,CLR,   ,   ,   ,null,null,null,null,null,null,null,null,27.00,190.00,2011-04-26 15:19,75.92,KGWO 261553Z AUTO 20016G22KT 10SM CLR 24/17 A2971 RMK AO2 PK WND 19027/1519 SLP058 T02440167,null
GPT,2011-04-26 15:53,-89.0701,30.4073,9.00,74.00,66.00,76.31,180.00,5.00,null,29.86,1011.20,10.00,null,SCT,   ,   ,   ,8500.00,null,null,null,null,null,null,null,null,null,null,73.94,KGPT 261553Z 18005KT 10SM SCT085 23/19 A2986 RMK AO2 SLP112 T02330189,null
HKS,2011-04-26 15:53,-90.2225,32.3348,104.00,76.00,62.00,62.17,200.00,8.00,null,29.75,1006.70,10.00,16.00,CLR,   ,   ,   ,null,null,null,null,null,null,null,null,26.00,200.00,2011-04-26 15:02,75.92,KHKS 261553Z AUTO 20008G16KT 10SM CLR 24/17 A2975 RMK AO2 PK WND 20026/1502 SLP067 T02440167 TSNO $,null
MCB,2011-04-26 15:53,-90.4700,31.1800,126.00,74.00,64.00,71.22,180.00,11.00,0.01,29.77,1007.60,10.00,null,CLR,   ,   ,   ,null,null,null,null,null,null,null,null,null,null,null,73.94,KMCB 261553Z AUTO 18011KT 10SM CLR 23/18 A2977 RMK AO2 SLP076 P0001 T02330178,null
TUP,2011-04-26 15:53,-88.7711,34.2608,110.00,75.00,66.00,73.59,230.00,10.00,null,29.73,1006.20,10.00,null,CLR,   ,   ,   ,null,null,null,null,null,null,null,null,null,null,null,75.02,KTUP 261553Z 23010KT 10SM CLR 24/19 A2973 RMK AO2 SLP062 T02390189,null
PQL,2011-04-26 15:53,-88.5319,30.4636,5.00,67.00,66.00,96.93,170.00,4.00,0.75,29.89,1012.40,5.00,null,SCT,BKN,   ,   ,3000.00,9000.00,null,null,VCTS -RA BR,null,null,null,null,null,null,66.92,KPQL 261553Z 17004KT 5SM VCTS -RA BR SCT030 BKN090 19/19 A2989 RMK AO2 LTG DSNT NE-S SLP124 P0075 T01940189,null
GLH,2011-04-26 15:53,-90.9856,33.4829,40.00,75.00,66.00,73.59,190.00,15.00,null,29.68,1005.60,10.00,20.00,FEW,   ,   ,   ,4700.00,null,null,null,null,null,null,null,null,null,null,75.02,KGLH 261553Z 19015G20KT 10SM FEW047 24/19 A2968 RMK AO2 SLP056 T02390189,null
HBG,2011-04-26 15:53,-89.2529,31.2649,46.00,71.00,66.00,84.10,170.00,6.00,null,29.80,1008.90,10.00,null,CLR,   ,   ,   ,null,null,null,null,null,null,null,null,null,null,null,71.06,KHBG 261553Z AUTO 17006KT 10SM CLR 22/19 A2980 RMK AO2 SLP089 T02170189 TSNO $,null
JAN,2011-04-26 15:54,-90.0800,32.3200,101.00,74.00,62.00,66.43,210.00,7.00,null,29.76,1007.40,10.00,null,CLR,   ,   ,   ,null,null,null,null,null,null,null,null,null,null,null,73.94,KJAN 261554Z 21007KT 190V260 10SM CLR 23/17 A2976 RMK AO2 SLP074 T02330167,null
HEZ,2011-04-26 15:55,-91.2973,31.6137,83.00,75.20,64.40,69.14,210.00,9.00,null,29.74,null,10.00,null,CLR,   ,   ,   ,null,null,null,null,null,null,null,null,null,null,null,75.20,KHEZ 261555Z AUTO 21009KT 10SM CLR 24/18 A2974 RMK AO1,null
UOX,2011-04-26 15:55,-89.5368,34.3843,137.80,71.60,64.40,78.04,230.00,13.00,null,29.71,null,9.00,20.00,FEW,   ,   ,   ,1800.00,null,null,null,null,null,null,null,null,null,null,71.60,KUOX 261555Z AUTO 23013G20KT 9SM FEW018 22/18 A2971 RMK AO2,null
UTA,2011-04-26 15:55,-90.3467,34.6811,59.00,73.40,68.00,83.21,170.00,14.00,null,29.68,null,10.00,17.00,BKN,   ,   ,   ,4100.00,null,null,null,null,null,null,null,null,null,null,73.40,KUTA 261555Z AUTO 17014G17KT 10SM BKN041 23/20 A2968 RMK AO2,null
MYT,2011-04-26 15:55,-89.6150,28.2206,0.00,78.80,73.40,83.55,170.00,9.00,null,29.83,null,1.50,null,CLR,   ,   ,   ,null,null,null,null,HZ,null,null,null,null,null,null,82.03,KMYT 261555Z AUTO 17009KT 1 1/2SM HZ CLR 26/23 A2983 RMK A01,null
DLP,2011-04-26 15:55,-89.5472,29.1214,0.00,80.60,73.40,78.76,180.00,7.00,null,29.85,null,7.00,null,CLR,   ,   ,   ,null,null,null,null,null,null,null,null,null,null,null,85.32,KDLP 261555Z AUTO 18007KT 7SM CLR 27/23 A2985 RMK A01,null
1R7,2011-04-26 15:55,-90.4093,31.6058,149.00,77.00,62.60,61.13,180.00,6.00,null,29.77,null,9.00,null,CLR,   ,   ,   ,null,null,null,null,null,null,null,null,null,null,null,77.00,K1R7 261555Z AUTO 18006KT 9SM CLR 25/17 A2977 RMK AO2,null
HSA,2011-04-26 15:55,-89.4546,30.3678,7.00,71.60,71.60,100.00,170.00,6.00,null,29.83,null,10.00,null,BKN,   ,   ,   ,10000.00,null,null,null,null,null,null,null,null,null,null,73.16,KHSA 261555Z 17006KT 10SM BKN100 22/22 A2983,null
MIS,2011-04-26 15:55,-88.8420,29.2960,32.00,86.00,73.40,66.15,230.00,15.00,null,29.86,null,2.50,20.00,   ,   ,   ,   ,null,null,null,null,HZ,null,null,null,null,null,null,93.45,KMIS 261555Z AUTO 23015G20KT 2 1/2SM HZ 30/23 A2986 RMK A01,null
PIB,2011-04-26 15:55,-89.3371,31.4671,91.00,69.80,62.60,77.90,150.00,10.00,null,29.80,null,10.00,null,SCT,   ,   ,   ,900.00,null,null,null,null,null,null,null,null,null,null,69.80,KPIB 261555Z AUTO 15010KT 10SM SCT009 21/17 A2980 RMK AO1,null
BIX,2011-04-26 15:55,-88.9244,30.4104,10.00,74.00,67.00,78.72,200.00,13.00,null,29.87,1011.70,10.00,null,FEW,BKN,OVC,   ,1500.00,5000.00,8000.00,null,null,null,null,null,null,null,null,73.94,KBIX 261555Z 20013KT 10SM FEW015 BKN050 OVC080 23/19 A2987 RMK AO2A TSE1457B1509E1524 SLP117 T02330194,null
M16,2011-04-26 15:55,-90.4105,32.3045,75.30,75.20,62.60,64.91,220.00,8.00,null,29.74,null,10.00,17.00,FEW,   ,   ,   ,4700.00,null,null,null,null,null,null,null,null,null,null,75.20,KM16 261555Z AUTO 22008G17KT 020V030 10SM FEW047 24/17 A2974 RMK AO2,null
CRX,2011-04-26 15:55,-88.6035,34.9150,129.00,69.80,64.40,82.98,170.00,11.00,null,29.72,null,10.00,null,SCT,SCT,   ,   ,1100.00,1400.00,null,null,null,null,null,null,null,null,null,69.80,KCRX 261555Z AUTO 17011KT 10SM SCT011 SCT014 21/18 A2972 RMK AO2,null
CBM,2011-04-26 15:55,-88.4438,33.6438,67.00,74.66,62.00,64.84,180.00,10.00,null,29.77,1008.20,null,null,FEW,SCT,   ,   ,18000.00,21000.00,null,null,null,null,null,null,null,null,null,74.66,KCBM 261555Z AUTO 18010KT FEW180 SCT210 24/17 A2977 RMK AO2 SLP082 T02370167 RVRNO $,null
CKM,2011-04-26 15:55,-90.5123,34.2997,52.70,73.40,68.00,83.21,190.00,16.00,null,29.68,null,10.00,21.00,FEW,OVC,   ,   ,1800.00,3700.00,null,null,null,null,null,null,null,null,null,73.40,KCKM 261555Z AUTO 19016G21KT 10SM FEW018 OVC037 23/20 A2968 RMK AO1,null
NMM,2011-04-26 15:56,-88.5556,32.5521,97.00,71.00,64.00,78.49,130.00,5.00,null,29.80,1010.00,10.00,null,FEW,BKN,   ,   ,12000.00,25000.00,null,null,null,null,null,null,null,null,null,71.06,KNMM 261556Z 13005KT 10SM FEW120 BKN250 22/18 A2980 RMK AO2 SLP100 T02170178,null
MEI,2011-04-26 15:58,-88.7511,32.3347,94.00,70.00,65.00,84.04,170.00,11.00,null,29.81,1009.30,10.00,null,CLR,   ,   ,   ,null,null,null,null,null,null,null,null,null,null,null,69.98,KMEI 261558Z 17011KT 10SM CLR 21/18 A2981 RMK AO2 SLP093 T02110183,null
DLP,2011-04-26 16:15,-89.5472,29.1214,0.00,80.60,73.40,78.76,160.00,11.00,null,29.84,null,6.00,null,CLR,   ,   ,   ,null,null,null,null,HZ,null,null,null,null,null,null,85.32,KDLP 261615Z AUTO 16011KT 6SM HZ CLR 27/23 A2984 RMK A01,null
MYT,2011-04-26 16:15,-89.6150,28.2206,0.00,78.80,73.40,83.55,170.00,9.00,null,29.83,null,1.75,null,CLR,   ,   ,   ,null,null,null,null,HZ,null,null,null,null,null,null,82.03,KMYT 261615Z AUTO 17009KT 1 3/4SM HZ CLR 26/23 A2983 RMK A01,null
1R7,2011-04-26 16:15,-90.4093,31.6058,149.00,80.60,64.40,57.84,170.00,9.00,null,29.77,null,9.00,null,CLR,   ,   ,   ,null,null,null,null,null,null,null,null,null,null,null,82.27,K1R7 261615Z AUTO 17009KT 9SM CLR 27/18 A2977 RMK AO2,null
UTA,2011-04-26 16:15,-90.3467,34.6811,59.00,73.40,66.20,78.19,180.00,15.00,null,29.68,null,10.00,18.00,SCT,BKN,BKN,   ,1700.00,2200.00,4100.00,null,null,null,null,null,null,null,null,73.40,KUTA 261615Z AUTO 18015G18KT 10SM SCT017 BKN022 BKN041 23/19 A2968 RMK AO2,null
PIB,2011-04-26 16:15,-89.3371,31.4671,91.00,71.60,62.60,73.27,160.00,10.00,null,29.81,null,10.00,null,BKN,   ,   ,   ,900.00,null,null,null,null,null,null,null,null,null,null,71.60,KPIB 261615Z AUTO 16010KT 10SM BKN009 22/17 A2981 RMK AO1,null
CKM,2011-04-26 16:15,-90.5123,34.2997,52.70,75.20,68.00,78.34,190.00,13.00,null,29.68,null,10.00,21.00,OVC,   ,   ,   ,3900.00,null,null,null,null,null,null,null,null,null,null,75.20,KCKM 261615Z AUTO 19013G21KT 10SM OVC039 24/20 A2968 RMK AO1,null
UOX,2011-04-26 16:15,-89.5368,34.3843,137.80,73.40,62.60,68.94,210.00,12.00,null,29.72,null,10.00,22.00,CLR,   ,   ,   ,null,null,null,null,null,null,null,null,null,null,null,73.40,KUOX 261615Z AUTO 21012G22KT 10SM CLR 23/17 A2972 RMK AO2,null
MIS,2011-04-26 16:15,-88.8420,29.2960,32.00,86.00,73.40,66.15,230.00,12.00,null,29.87,null,2.50,18.00,   ,   ,   ,   ,null,null,null,null,HZ,null,null,null,null,null,null,93.45,KMIS 261615Z AUTO 23012G18KT 2 1/2SM HZ 30/23 A2987 RMK A01,null
HEZ,2011-04-26 16:15,-91.2973,31.6137,83.00,77.00,64.40,65.12,180.00,11.00,null,29.74,null,10.00,18.00,CLR,   ,   ,   ,null,null,null,null,null,null,null,null,null,null,null,77.00,KHEZ 261615Z AUTO 18011G18KT 10SM CLR 25/18 A2974 RMK AO1,null
CRX,2011-04-26 16:15,-88.6035,34.9150,129.00,73.40,66.20,78.19,190.00,9.00,null,29.72,null,10.00,15.00,FEW,   ,   ,   ,1100.00,null,null,null,null,null,null,null,null,null,null,73.40,KCRX 261615Z AUTO 19009G15KT 10SM FEW011 23/19 A2972 RMK AO2,null
M16,2011-04-26 16:15,-90.4105,32.3045,75.30,77.00,62.60,61.13,210.00,8.00,null,29.74,null,10.00,15.00,CLR,   ,   ,   ,null,null,null,null,null,null,null,null,null,null,null,77.00,KM16 261615Z AUTO 21008G15KT 10SM CLR 25/17 A2974 RMK AO2,null
PQL,2011-04-26 16:30,-88.5319,30.4636,5.00,69.80,66.20,88.34,170.00,3.00,T,29.87,null,10.00,null,BKN,   ,   ,   ,9000.00,null,null,null,-RA,null,null,null,null,null,null,69.80,KPQL 261630Z 17003KT 10SM -RA BKN090 21/19 A2987 RMK AO2 LTG DSNT E AND SW TSE24 P0000,null
M16,2011-04-26 16:35,-90.4105,32.3045,75.30,78.80,64.40,61.36,220.00,11.00,null,29.74,null,10.00,null,CLR,   ,   ,   ,null,null,null,null,null,null,null,null,null,null,null,80.56,KM16 261635Z AUTO 22011KT 10SM CLR 26/18 A2974 RMK AO2,null
MYT,2011-04-26 16:35,-89.6150,28.2206,0.00,78.80,73.40,83.55,170.00,10.00,null,29.82,null,1.50,null,CLR,   ,   ,   ,null,null,null,null,HZ,null,null,null,null,null,null,82.03,KMYT 261635Z AUTO 17010KT 1 1/2SM HZ CLR 26/23 A2982 RMK A01,null
UTA,2011-04-26 16:35,-90.3467,34.6811,59.00,73.40,66.20,78.19,180.00,16.00,null,29.68,null,10.00,21.00,SCT,BKN,OVC,   ,1900.00,2400.00,3700.00,null,null,null,null,null,null,null,null,73.40,KUTA 261635Z AUTO 18016G21KT 10SM SCT019 BKN024 OVC037 23/19 A2968 RMK AO2,null
MIS,2011-04-26 16:35,-88.8420,29.2960,32.00,86.00,73.40,66.15,230.00,10.00,null,29.87,null,2.50,null,   ,   ,   ,   ,null,null,null,null,HZ,null,null,null,null,null,null,93.45,KMIS 261635Z AUTO 23010KT 2 1/2SM HZ 30/23 A2987 RMK A01,null
PIB,2011-04-26 16:35,-89.3371,31.4671,91.00,71.60,64.40,78.04,140.00,10.00,null,29.81,null,10.00,null,SCT,   ,   ,   ,1100.00,null,null,null,null,null,null,null,null,null,null,71.60,KPIB 261635Z AUTO 14010KT 10SM SCT011 22/18 A2981 RMK AO1,null
DLP,2011-04-26 16:35,-89.5472,29.1214,0.00,80.60,73.40,78.76,160.00,8.00,null,29.84,null,7.00,14.00,CLR,   ,   ,   ,null,null,null,null,null,null,null,null,null,null,null,85.32,KDLP 261635Z AUTO 16008G14KT 7SM CLR 27/23 A2984 RMK A01,null
CRX,2011-04-26 16:35,-88.6035,34.9150,129.00,75.20,64.40,69.14,210.00,13.00,null,29.71,null,10.00,24.00,CLR,   ,   ,   ,null,null,null,null,null,null,null,null,null,null,null,75.20,KCRX 261635Z AUTO 21013G24KT 10SM CLR 24/18 A2971 RMK AO2,null
UOX,2011-04-26 16:35,-89.5368,34.3843,137.80,75.20,62.60,64.91,210.00,11.00,null,29.71,null,10.00,21.00,CLR,   ,   ,   ,null,null,null,null,null,null,null,null,null,null,null,75.20,KUOX 261635Z AUTO 21011G21KT 10SM CLR 24/17 A2971 RMK AO2,null
CKM,2011-04-26 16:35,-90.5123,34.2997,52.70,77.00,68.00,73.78,190.00,18.00,null,29.68,null,10.00,24.00,SCT,BKN,   ,   ,2400.00,3900.00,null,null,null,null,null,null,null,null,null,77.00,KCKM 261635Z AUTO 19018G24KT 10SM SCT024 BKN039 25/20 A2968 RMK AO1,null
HEZ,2011-04-26 16:35,-91.2973,31.6137,83.00,78.80,64.40,61.36,200.00,10.00,null,29.74,null,10.00,19.00,CLR,   ,   ,   ,null,null,null,null,null,null,null,null,null,null,null,80.56,KHEZ 261635Z AUTO 20010G19KT 10SM CLR 26/18 A2974 RMK AO1,null
OLV,2011-04-26 16:50,-89.7869,34.9787,122.50,73.40,69.80,88.51,200.00,16.00,null,29.68,null,9.00,22.00,FEW,BKN,OVC,   ,2000.00,2500.00,3400.00,null,null,null,null,null,null,null,null,74.60,KOLV 261650Z 20016G22KT 9SM FEW020 BKN025 OVC034 23/21 A2968,null
HSA,2011-04-26 16:50,-89.4546,30.3678,7.00,75.20,73.40,94.14,160.00,8.00,null,29.81,null,10.00,null,BKN,   ,   ,   ,12000.00,null,null,null,null,null,null,null,null,null,null,76.84,KHSA 261650Z 16008KT 10SM BKN120 24/23 A2981,null
GWO,2011-04-26 16:53,-90.0847,33.4943,47.00,79.00,64.00,60.23,190.00,18.00,null,29.71,1005.90,10.00,null,CLR,   ,   ,   ,null,null,null,null,null,null,null,null,null,null,null,80.68,KGWO 261653Z AUTO 19018KT 10SM CLR 26/18 A2971 RMK AO2 SLP059 T02610178,null
GPT,2011-04-26 16:53,-89.0701,30.4073,9.00,77.00,66.00,68.90,160.00,14.00,null,29.81,1009.20,10.00,20.00,FEW,   ,   ,   ,8500.00,null,null,null,null,null,null,null,null,null,null,77.00,KGPT 261653Z 16014G20KT 10SM FEW085 25/19 A2981 RMK AO2 SLP092 T02500189,null
PQL,2011-04-26 16:53,-88.5319,30.4636,5.00,71.00,67.00,86.77,160.00,5.00,T,29.85,1011.00,10.00,null,BKN,   ,   ,   ,8500.00,null,null,null,null,null,null,null,null,null,null,71.06,KPQL 261653Z 16005KT 10SM BKN085 22/19 A2985 RMK AO2 LTG DSNT E-S TSE24RAE33 SLP110 P0000 T02170194,null
TUP,2011-04-26 16:53,-88.7711,34.2608,110.00,78.00,64.00,62.05,210.00,15.00,null,29.72,1005.80,10.00,20.00,CLR,   ,   ,   ,null,null,null,null,null,null,null,null,null,null,null,78.08,KTUP 261653Z 21015G20KT 10SM CLR 26/18 A2972 RMK AO2 SLP058 T02560178,null
HBG,2011-04-26 16:53,-89.2529,31.2649,46.00,75.00,65.00,70.88,150.00,12.00,null,29.80,1008.90,10.00,null,CLR,   ,   ,   ,null,null,null,null,null,null,null,null,null,null,null,75.02,KHBG 261653Z AUTO 15012KT 10SM CLR 24/18 A2980 RMK AO2 SLP089 T02390183 TSNO $,null
HKS,2011-04-26 16:53,-90.2225,32.3348,104.00,81.00,61.00,50.68,200.00,6.00,null,29.74,1006.10,10.00,null,CLR,   ,   ,   ,null,null,null,null,null,null,null,null,null,null,null,81.78,KHKS 261653Z AUTO 20006KT 10SM CLR 27/16 A2974 RMK AO2 SLP061 T02720161 TSNO $,null
MCB,2011-04-26 16:53,-90.4700,31.1800,126.00,77.00,64.00,64.30,180.00,12.00,null,29.76,1007.40,10.00,18.00,CLR,   ,   ,   ,null,null,null,null,null,null,null,null,null,null,null,77.00,KMCB 261653Z AUTO 18012G18KT 10SM CLR 25/18 A2976 RMK AO2 SLP074 T02500178,null
GLH,2011-04-26 16:53,-90.9856,33.4829,40.00,78.00,69.00,73.88,200.00,9.00,null,29.67,1005.30,10.00,16.00,SCT,   ,   ,   ,6000.00,null,null,null,null,null,null,null,null,null,null,80.26,KGLH 261653Z 20009G16KT 10SM SCT060 26/21 A2967 RMK AO2 SLP053 T02560206,null
JAN,2011-04-26 16:54,-90.0800,32.3200,101.00,79.00,62.00,56.18,0.00,3.00,null,29.74,1006.60,10.00,null,CLR,   ,   ,   ,null,null,null,null,null,null,null,null,null,null,null,80.39,KJAN 261654Z VRB03KT 10SM CLR 26/17 A2974 RMK AO2 SLP066 T02610167,null
CKM,2011-04-26 16:55,-90.5123,34.2997,52.70,77.00,66.20,69.33,200.00,17.00,null,29.67,null,10.00,22.00,SCT,SCT,BKN,   ,2400.00,3300.00,3900.00,null,null,null,null,null,null,null,null,77.00,KCKM 261655Z AUTO 20017G22KT 10SM SCT024 SCT033 BKN039 25/19 A2967 RMK AO1,null
UTA,2011-04-26 16:55,-90.3467,34.6811,59.00,75.20,68.00,78.34,200.00,18.00,null,29.67,null,10.00,24.00,SCT,SCT,   ,   ,3500.00,4300.00,null,null,null,null,null,null,null,null,null,75.20,KUTA 261655Z AUTO 20018G24KT 10SM SCT035 SCT043 24/20 A2967 RMK AO2,null
MYT,2011-04-26 16:55,-89.6150,28.2206,0.00,78.80,73.40,83.55,170.00,9.00,null,29.82,null,1.75,null,CLR,   ,   ,   ,null,null,null,null,HZ,null,null,null,null,null,null,82.03,KMYT 261655Z AUTO 17009KT 1 3/4SM HZ CLR 26/23 A2982 RMK A01,null
CBM,2011-04-26 16:55,-88.4438,33.6438,67.00,77.72,61.52,57.46,180.00,19.00,null,29.75,1007.60,10.00,28.00,FEW,   ,   ,   ,21000.00,null,null,null,null,null,null,null,28.00,180.00,2011-04-26 16:53,77.72,KCBM 261655Z AUTO 18019G28KT 10SM FEW210 25/16 A2975 RMK AO2 PK WND 18028/1653 CLDS LWR RWY31C SLP076 T02540164 $,null
CRX,2011-04-26 16:55,-88.6035,34.9150,129.00,75.20,64.40,69.14,220.00,14.00,null,29.71,null,10.00,24.00,CLR,   ,   ,   ,null,null,null,null,null,null,null,null,null,null,null,75.20,KCRX 261655Z AUTO 22014G24KT 10SM CLR 24/18 A2971 RMK AO2,null
MIS,2011-04-26 16:55,-88.8420,29.2960,32.00,86.00,73.40,66.15,230.00,8.00,null,29.87,null,2.50,13.00,   ,   ,   ,   ,null,null,null,null,HZ,null,null,null,null,null,null,93.45,KMIS 261655Z AUTO 23008G13KT 2 1/2SM HZ 30/23 A2987 RMK A01,null
1R7,2011-04-26 16:55,-90.4093,31.6058,149.00,80.60,62.60,54.30,160.00,13.00,null,29.76,null,10.00,19.00,CLR,   ,   ,   ,null,null,null,null,null,null,null,null,null,null,null,81.84,K1R7 261655Z AUTO 16013G19KT 10SM CLR 27/17 A2976 RMK AO2,null
M16,2011-04-26 16:55,-90.4105,32.3045,75.30,80.60,64.40,57.84,220.00,10.00,null,29.73,null,10.00,null,CLR,   ,   ,   ,null,null,null,null,null,null,null,null,null,null,null,82.27,KM16 261655Z AUTO 22010KT 10SM CLR 27/18 A2973 RMK AO2,null
BIX,2011-04-26 16:55,-88.9244,30.4104,10.00,77.54,63.86,62.77,190.00,16.00,null,29.82,1010.10,10.00,null,FEW,SCT,OVC,   ,1000.00,5000.00,12000.00,null,null,null,null,null,null,null,null,77.54,KBIX 261655Z 19016KT 10SM FEW010 SCT050 OVC120 25/18 A2982 RMK AO2A SLP101 T02530177,null
HEZ,2011-04-26 16:55,-91.2973,31.6137,83.00,78.80,64.40,61.36,200.00,13.00,null,29.73,null,10.00,20.00,CLR,   ,   ,   ,null,null,null,null,null,null,null,null,null,null,null,80.56,KHEZ 261655Z AUTO 20013G20KT 10SM CLR 26/18 A2973 RMK AO1,null
DLP,2011-04-26 16:55,-89.5472,29.1214,0.00,82.40,73.40,74.28,160.00,8.00,null,29.84,null,7.00,null,CLR,   ,   ,   ,null,null,null,null,null,null,null,null,null,null,null,88.26,KDLP 261655Z AUTO 16008KT 7SM CLR 28/23 A2984 RMK A01,null
PIB,2011-04-26 16:55,-89.3371,31.4671,91.00,73.40,64.40,73.44,140.00,13.00,null,29.81,null,10.00,17.00,FEW,   ,   ,   ,1100.00,null,null,null,null,null,null,null,null,null,null,73.40,KPIB 261655Z AUTO 14013G17KT 10SM FEW011 23/18 A2981 RMK AO1,null
UOX,2011-04-26 16:55,-89.5368,34.3843,137.80,75.20,60.80,60.90,230.00,14.00,null,29.71,null,10.00,21.00,CLR,   ,   ,   ,null,null,null,null,null,null,null,null,null,null,null,75.20,KUOX 261655Z AUTO 23014G21KT 10SM CLR 24/16 A2971 RMK AO2,null
NMM,2011-04-26 16:56,-88.5556,32.5521,97.00,74.00,64.00,71.22,160.00,9.00,null,29.81,1010.10,10.00,14.00,CLR,   ,   ,   ,null,null,null,null,null,null,null,null,null,null,null,73.94,KNMM 261656Z 16009G14KT 10SM CLR 23/18 A2981 RMK AO2 SLP101 T02330178,null
MEI,2011-04-26 16:58,-88.7511,32.3347,94.00,75.00,67.00,75.93,170.00,14.00,null,29.80,1008.60,10.00,20.00,CLR,   ,   ,   ,null,null,null,null,null,null,null,null,null,null,null,75.02,KMEI 261658Z 17014G20KT 10SM CLR 24/19 A2980 RMK AO2 SLP086 T02390194,null
PIB,2011-04-26 17:15,-89.3371,31.4671,91.00,75.20,64.40,69.14,170.00,11.00,null,29.81,null,10.00,null,CLR,   ,   ,   ,null,null,null,null,null,null,null,null,null,null,null,75.20,KPIB 261715Z AUTO 17011KT 10SM CLR 24/18 A2981 RMK AO1,null
HEZ,2011-04-26 17:15,-91.2973,31.6137,83.00,78.80,62.60,57.60,200.00,13.00,null,29.73,null,10.00,21.00,CLR,   ,   ,   ,null,null,null,null,null,null,null,null,null,null,null,80.31,KHEZ 261715Z AUTO 20013G21KT 10SM CLR 26/17 A2973 RMK AO1,null
MIS,2011-04-26 17:15,-88.8420,29.2960,32.00,86.00,73.40,66.15,220.00,9.00,null,29.87,null,2.50,null,   ,   ,   ,   ,null,null,null,null,HZ,null,null,null,null,null,null,93.45,KMIS 261715Z AUTO 22009KT 2 1/2SM HZ 30/23 A2987 RMK A01,null
UOX,2011-04-26 17:15,-89.5368,34.3843,137.80,77.00,62.60,61.13,210.00,9.00,null,29.71,null,10.00,18.00,CLR,   ,   ,   ,null,null,null,null,null,null,null,null,null,null,null,77.00,KUOX 261715Z AUTO 21009G18KT 10SM CLR 25/17 A2971 RMK AO2,null
CRX,2011-04-26 17:15,-88.6035,34.9150,129.00,77.00,64.40,65.12,210.00,16.00,null,29.70,null,10.00,23.00,CLR,   ,   ,   ,null,null,null,null,null,null,null,null,null,null,null,77.00,KCRX 261715Z AUTO 21016G23KT 10SM CLR 25/18 A2970 RMK AO2,null
MYT,2011-04-26 17:15,-89.6150,28.2206,0.00,78.80,73.40,83.55,170.00,10.00,null,29.81,null,1.75,null,CLR,   ,   ,   ,null,null,null,null,HZ,null,null,null,null,null,null,82.03,KMYT 261715Z AUTO 17010KT 1 3/4SM HZ CLR 26/23 A2981 RMK A01,null
DLP,2011-04-26 17:15,-89.5472,29.1214,0.00,82.40,73.40,74.28,140.00,8.00,null,29.83,null,8.00,null,CLR,   ,   ,   ,null,null,null,null,null,null,null,null,null,null,null,88.26,KDLP 261715Z AUTO 14008KT 8SM CLR 28/23 A2983 RMK A01,null
1R7,2011-04-26 17:15,-90.4093,31.6058,149.00,80.60,62.60,54.30,150.00,14.00,null,29.76,null,10.00,21.00,CLR,   ,   ,   ,null,null,null,null,null,null,null,null,null,null,null,81.84,K1R7 261715Z AUTO 15014G21KT 10SM CLR 27/17 A2976 RMK AO2,null
M16,2011-04-26 17:15,-90.4105,32.3045,75.30,82.40,64.40,54.55,210.00,7.00,null,29.72,null,10.00,17.00,CLR,   ,   ,   ,null,null,null,null,null,null,null,null,null,null,null,83.98,KM16 261715Z AUTO 21007G17KT 10SM CLR 28/18 A2972 RMK AO2,null
UTA,2011-04-26 17:15,-90.3467,34.6811,59.00,77.00,68.00,73.78,190.00,17.00,null,29.66,null,10.00,23.00,SCT,SCT,   ,   ,2100.00,4300.00,null,null,null,null,null,null,null,null,null,77.00,KUTA 261715Z AUTO 19017G23KT 10SM SCT021 SCT043 25/20 A2966 RMK AO2,null
UTA,2011-04-26 17:35,-90.3467,34.6811,59.00,77.00,68.00,73.78,200.00,16.00,null,29.66,null,10.00,null,SCT,SCT,   ,   ,2100.00,2600.00,null,null,null,null,null,null,null,null,null,77.00,KUTA 261735Z AUTO 20016KT 10SM SCT021 SCT026 25/20 A2966 RMK AO2,null
UOX,2011-04-26 17:35,-89.5368,34.3843,137.80,75.20,60.80,60.90,220.00,10.00,null,29.71,null,10.00,19.00,SCT,   ,   ,   ,3600.00,null,null,null,null,null,null,null,null,null,null,75.20,KUOX 261735Z AUTO 22010G19KT 10SM SCT036 24/16 A2971 RMK AO2,null
CRX,2011-04-26 17:35,-88.6035,34.9150,129.00,77.00,64.40,65.12,190.00,15.00,null,29.70,null,10.00,21.00,CLR,   ,   ,   ,null,null,null,null,null,null,null,null,null,null,null,77.00,KCRX 261735Z AUTO 19015G21KT 10SM CLR 25/18 A2970 RMK AO2,null
CKM,2011-04-26 17:35,-90.5123,34.2997,52.70,77.00,66.20,69.33,190.00,15.00,null,29.67,null,10.00,20.00,BKN,   ,   ,   ,3100.00,null,null,null,null,null,null,null,null,null,null,77.00,KCKM 261735Z AUTO 19015G20KT 10SM BKN031 25/19 A2967 RMK AO1,null
M16,2011-04-26 17:35,-90.4105,32.3045,75.30,82.40,64.40,54.55,210.00,13.00,null,29.71,null,10.00,17.00,CLR,   ,   ,   ,null,null,null,null,null,null,null,null,null,null,null,83.98,KM16 261735Z AUTO 21013G17KT 10SM CLR 28/18 A2971 RMK AO2,null
HEZ,2011-04-26 17:35,-91.2973,31.6137,83.00,80.60,64.40,57.84,190.00,14.00,null,29.71,null,10.00,22.00,CLR,   ,   ,   ,null,null,null,null,null,null,null,null,null,null,null,82.27,KHEZ 261735Z AUTO 19014G22KT 10SM CLR 27/18 A2971 RMK AO1,null
DLP,2011-04-26 17:35,-89.5472,29.1214,0.00,82.40,73.40,74.28,140.00,9.00,null,29.81,null,7.00,15.00,CLR,   ,   ,   ,null,null,null,null,null,null,null,null,null,null,null,88.26,KDLP 261735Z AUTO 14009G15KT 7SM CLR 28/23 A2981 RMK A01,null
MYT,2011-04-26 17:35,-89.6150,28.2206,0.00,78.80,73.40,83.55,170.00,10.00,null,29.80,null,1.75,null,CLR,   ,   ,   ,null,null,null,null,HZ,null,null,null,null,null,null,82.03,KMYT 261735Z AUTO 17010KT 1 3/4SM HZ CLR 26/23 A2980 RMK A01,null
PIB,2011-04-26 17:35,-89.3371,31.4671,91.00,75.20,64.40,69.14,160.00,12.00,null,29.81,null,10.00,null,CLR,   ,   ,   ,null,null,null,null,null,null,null,null,null,null,null,75.20,KPIB 261735Z AUTO 16012KT 10SM CLR 24/18 A2981 RMK AO1,null
MIS,2011-04-26 17:35,-88.8420,29.2960,32.00,84.20,73.40,70.08,220.00,11.00,null,29.86,null,2.50,null,   ,   ,   ,   ,null,null,null,null,HZ,null,null,null,null,null,null,90.94,KMIS 261735Z AUTO 22011KT 2 1/2SM HZ 29/23 A2986 RMK A01,null
HSA,2011-04-26 17:50,-89.4546,30.3678,7.00,80.60,75.20,83.66,160.00,15.00,null,29.80,null,10.00,20.00,SCT,   ,   ,   ,10000.00,null,null,null,null,null,null,null,null,null,null,86.17,KHSA 261750Z 16015G20KT 10SM SCT100 27/24 A2980,null
OLV,2011-04-26 17:50,-89.7869,34.9787,122.50,75.20,69.80,83.32,220.00,15.00,null,29.66,null,9.00,25.00,SCT,BKN,   ,   ,2500.00,4000.00,null,null,null,null,null,null,null,null,null,76.34,KOLV 261750Z 22015G25KT 9SM SCT025 BKN040 24/21 A2966,null
HBG,2011-04-26 17:53,-89.2529,31.2649,46.00,79.00,64.00,60.23,160.00,11.00,null,29.80,1008.60,10.00,17.00,CLR,   ,   ,   ,null,null,null,null,null,null,null,null,null,null,null,80.68,KHBG 261753Z AUTO 16011G17KT 10SM CLR 26/18 A2980 RMK AO2 SLP086 6//// T02610178 10261 20178 56006 TSNO $,null
TUP,2011-04-26 17:53,-88.7711,34.2608,110.00,79.00,61.00,54.08,230.00,15.00,null,29.70,1005.50,10.00,23.00,CLR,   ,   ,   ,null,null,null,null,null,null,null,null,null,null,null,80.24,KTUP 261753Z 23015G23KT 10SM CLR 26/16 A2970 RMK AO2 SLP055 T02610161 10261 20161 58006,null
GWO,2011-04-26 17:53,-90.0847,33.4943,47.00,80.00,67.00,64.26,190.00,11.00,null,29.69,1005.10,10.00,22.00,CLR,   ,   ,   ,null,null,null,null,null,null,null,null,null,null,null,82.36,KGWO 261753Z AUTO 19011G22KT 10SM CLR 27/19 A2969 RMK AO2 SLP051 T02670194 10272 20183 58007,null
PQL,2011-04-26 17:53,-88.5319,30.4636,5.00,77.00,68.00,73.78,150.00,8.00,null,29.81,1009.50,10.00,null,CLR,   ,   ,   ,null,null,null,null,null,null,null,null,null,null,null,77.00,KPQL 261753Z 15008KT 10SM CLR 25/20 A2981 RMK AO2 SLP095 60081 T02500200 10256 20189 58024,null
HKS,2011-04-26 17:53,-90.2225,32.3348,104.00,85.00,62.00,46.32,200.00,11.00,null,29.72,1005.40,10.00,22.00,CLR,   ,   ,   ,null,null,null,null,null,null,null,null,null,null,null,85.50,KHKS 261753Z AUTO 20011G22KT 10SM CLR 29/17 A2972 RMK AO2 SLP054 60000 T02940167 10294 20183 58013 TSNO $,null
GLH,2011-04-26 17:53,-90.9856,33.4829,40.00,79.00,68.00,69.11,180.00,17.00,null,29.65,1004.60,10.00,null,FEW,   ,   ,   ,3700.00,null,null,null,null,null,null,null,null,null,null,81.32,KGLH 261753Z 18017KT 10SM FEW037 26/20 A2965 RMK AO2 SLP046 T02610200 10267 20172 58008,null
GPT,2011-04-26 17:53,-89.0701,30.4073,9.00,78.00,70.00,76.19,150.00,13.00,null,29.80,1009.10,10.00,19.00,FEW,   ,   ,   ,10000.00,null,null,null,null,null,null,null,null,null,null,80.33,KGPT 261753Z 15013G19KT 10SM FEW100 26/21 A2980 RMK AO2 SLP091 60018 T02560211 10261 20211 58016,null
MCB,2011-04-26 17:53,-90.4700,31.1800,126.00,80.00,63.00,55.97,190.00,15.00,null,29.76,1007.20,10.00,24.00,CLR,   ,   ,   ,null,null,null,null,null,null,null,null,null,null,null,81.45,KMCB 261753Z AUTO 19015G24KT 10SM CLR 27/17 A2976 RMK AO2 SLP072 60011 T02670172 10267 20167 50003,null
JAN,2011-04-26 17:54,-90.0800,32.3200,101.00,83.00,62.00,49.37,200.00,7.00,null,29.72,1006.00,10.00,17.00,CLR,   ,   ,   ,null,null,null,null,null,null,null,null,null,null,null,83.72,KJAN 261754Z 20007G17KT 150V250 10SM CLR 28/17 A2972 RMK AO2 SLP060 60003 T02830167 10283 20183 58009,null
UOX,2011-04-26 17:55,-89.5368,34.3843,137.80,77.00,62.60,61.13,190.00,9.00,null,29.70,null,10.00,17.00,SCT,   ,   ,   ,3700.00,null,null,null,null,null,null,null,null,null,null,77.00,KUOX 261755Z AUTO 19009G17KT 10SM SCT037 25/17 A2970 RMK AO2,null
1R7,2011-04-26 17:55,-90.4093,31.6058,149.00,80.60,62.60,54.30,160.00,14.00,null,29.77,null,9.00,20.00,CLR,   ,   ,   ,null,null,null,null,null,null,null,null,null,null,null,81.84,K1R7 261755Z AUTO 16014G20KT 9SM CLR 27/17 A2977 RMK AO2,null
CBM,2011-04-26 17:55,-88.4438,33.6438,67.00,78.80,62.60,57.60,210.00,17.00,null,29.75,1008.80,10.00,null,FEW,FEW,   ,   ,3000.00,21000.00,null,null,null,null,null,null,null,null,null,80.31,KCBM 261755Z 21017KT 10SM FEW030 FEW210 26/17 A2975 RMK A02A SLP088 T02600170 51003 $,null
M16,2011-04-26 17:55,-90.4105,32.3045,75.30,82.40,62.60,51.21,200.00,13.00,null,29.71,null,10.00,23.00,CLR,   ,   ,   ,null,null,null,null,null,null,null,null,null,null,null,83.41,KM16 261755Z AUTO 20013G23KT 10SM CLR 28/17 A2971 RMK AO2,null
PIB,2011-04-26 17:55,-89.3371,31.4671,91.00,77.00,62.60,61.13,180.00,13.00,null,29.80,null,10.00,19.00,CLR,   ,   ,   ,null,null,null,null,null,null,null,null,null,null,null,77.00,KPIB 261755Z AUTO 18013G19KT 10SM CLR 25/17 A2980 RMK AO1 60044 10250 20180 52003,null
HEZ,2011-04-26 17:55,-91.2973,31.6137,83.00,80.60,66.20,61.58,180.00,10.00,null,29.70,null,10.00,18.00,CLR,   ,   ,   ,null,null,null,null,null,null,null,null,null,null,null,82.75,KHEZ 261755Z AUTO 18010G18KT 10SM CLR 27/19 A2970 RMK AO1 10270 20160 57010,null
BIX,2011-04-26 17:55,-88.9244,30.4104,10.00,78.00,69.62,75.71,150.00,12.00,null,29.80,1009.40,10.00,18.00,FEW,SCT,SCT,BKN,1000.00,5000.00,16000.00,18000.00,null,null,null,null,null,null,null,78.95,KBIX 261755Z 15012G18KT 10SM FEW010 SCT050 SCT160 BKN180 26/21 A2980 RMK AO2A SLP094 60007 T02550209 10258 20205 58017,null
CRX,2011-04-26 17:55,-88.6035,34.9150,129.00,78.80,64.40,61.36,190.00,16.00,null,29.69,null,10.00,21.00,CLR,   ,   ,   ,null,null,null,null,null,null,null,null,null,null,null,80.56,KCRX 261755Z AUTO 19016G21KT 10SM CLR 26/18 A2969 RMK AO2,null
MIS,2011-04-26 17:55,-88.8420,29.2960,32.00,82.40,73.40,74.28,220.00,11.00,null,29.84,null,2.50,null,   ,   ,   ,   ,null,null,null,null,HZ,null,null,null,null,null,null,88.26,KMIS 261755Z AUTO 22011KT 2 1/2SM HZ 28/23 A2984 RMK A01,null
UTA,2011-04-26 17:55,-90.3467,34.6811,59.00,78.80,68.00,69.52,200.00,16.00,null,29.66,null,10.00,null,SCT,   ,   ,   ,2500.00,null,null,null,null,null,null,null,null,null,null,81.10,KUTA 261755Z AUTO 20016KT 10SM SCT025 26/20 A2966 RMK AO2,null
CKM,2011-04-26 17:55,-90.5123,34.2997,52.70,77.00,66.20,69.33,190.00,12.00,null,29.66,null,10.00,20.00,OVC,   ,   ,   ,3100.00,null,null,null,null,null,null,null,null,null,null,77.00,KCKM 261755Z AUTO 19012G20KT 10SM OVC031 25/19 A2966 RMK AO1,null
MYT,2011-04-26 17:55,-89.6150,28.2206,0.00,78.80,73.40,83.55,170.00,10.00,null,29.80,null,1.50,null,CLR,   ,   ,   ,null,null,null,null,HZ,null,null,null,null,null,null,82.03,KMYT 261755Z AUTO 17010KT 1 1/2SM HZ CLR 26/23 A2980 RMK A01,null
DLP,2011-04-26 17:55,-89.5472,29.1214,0.00,82.40,73.40,74.28,140.00,11.00,null,29.80,null,8.00,null,CLR,   ,   ,   ,null,null,null,null,null,null,null,null,null,null,null,88.26,KDLP 261755Z AUTO 14011KT 8SM CLR 28/23 A2980 RMK A01,null
NMM,2011-04-26 17:56,-88.5556,32.5521,97.00,79.00,66.00,64.54,160.00,8.00,null,29.78,1009.20,10.00,22.00,SCT,   ,   ,   ,25000.00,null,null,null,null,null,null,null,null,null,null,80.99,KNMM 261756Z 16008G22KT 110V190 10SM SCT250 26/19 A2978 RMK AO2 SLP092 60027 T02610189 10261 20183 58006,null
MEI,2011-04-26 17:58,-88.7511,32.3347,94.00,78.00,67.00,68.59,180.00,14.00,null,29.78,1008.00,10.00,21.00,CLR,   ,   ,   ,null,null,null,null,null,null,null,null,null,null,null,78.08,KMEI 261758Z 18014G21KT 10SM CLR 26/19 A2978 RMK AO2 SLP080 60018 T02560194 10256 20178 58006,null
GTR,2011-04-26 17:59,-88.5914,33.4503,80.00,78.80,66.20,65.33,170.00,16.00,null,29.76,null,10.00,22.00,FEW,   ,   ,   ,6000.00,null,null,null,null,null,null,null,null,null,null,80.82,KGTR 261759Z 17016G22KT 10SM FEW060 26/19 A2976,null
UTA,2011-04-26 18:15,-90.3467,34.6811,59.00,77.00,68.00,73.78,200.00,15.00,null,29.65,null,10.00,22.00,BKN,BKN,   ,   ,2700.00,3400.00,null,null,null,null,null,null,null,null,null,77.00,KUTA 261815Z AUTO 20015G22KT 10SM BKN027 BKN034 25/20 A2965 RMK AO2,null
CKM,2011-04-26 18:15,-90.5123,34.2997,52.70,78.80,68.00,69.52,190.00,7.00,null,29.65,null,10.00,null,FEW,SCT,   ,   ,3100.00,4100.00,null,null,null,null,null,null,null,null,null,81.10,KCKM 261815Z AUTO 19007KT 10SM FEW031 SCT041 26/20 A2965 RMK AO1,null
HEZ,2011-04-26 18:15,-91.2973,31.6137,83.00,82.40,66.20,58.08,180.00,16.00,null,29.70,null,10.00,23.00,CLR,   ,   ,   ,null,null,null,null,null,null,null,null,null,null,null,84.63,KHEZ 261815Z AUTO 18016G23KT 10SM CLR 28/19 A2970 RMK AO1,null
DLP,2011-04-26 18:15,-89.5472,29.1214,0.00,82.40,73.40,74.28,150.00,13.00,null,29.79,null,8.00,19.00,CLR,   ,   ,   ,null,null,null,null,null,null,null,null,null,null,null,88.26,KDLP 261815Z AUTO 15013G19KT 8SM CLR 28/23 A2979 RMK A01,null
1R7,2011-04-26 18:15,-90.4093,31.6058,149.00,80.60,64.40,57.84,150.00,12.00,null,29.77,null,9.00,19.00,CLR,   ,   ,   ,null,null,null,null,null,null,null,null,null,null,null,82.27,K1R7 261815Z AUTO 15012G19KT 9SM CLR 27/18 A2977 RMK AO2,null
M16,2011-04-26 18:15,-90.4105,32.3045,75.30,84.20,62.60,48.32,210.00,14.00,null,29.71,null,10.00,22.00,CLR,   ,   ,   ,null,null,null,null,null,null,null,null,null,null,null,85.03,KM16 261815Z AUTO 21014G22KT 020V030 10SM CLR 29/17 A2971 RMK AO2,null
MYT,2011-04-26 18:15,-89.6150,28.2206,0.00,78.80,73.40,83.55,170.00,11.00,null,29.80,null,1.50,null,CLR,   ,   ,   ,null,null,null,null,HZ,null,null,null,null,null,null,82.03,KMYT 261815Z AUTO 17011KT 1 1/2SM HZ CLR 26/23 A2980 RMK A01,null
CRX,2011-04-26 18:15,-88.6035,34.9150,129.00,78.80,62.60,57.60,190.00,17.00,null,29.69,null,10.00,24.00,FEW,   ,   ,   ,4100.00,null,null,null,null,null,null,null,null,null,null,80.31,KCRX 261815Z AUTO 19017G24KT 10SM FEW041 26/17 A2969 RMK AO2,null
UOX,2011-04-26 18:15,-89.5368,34.3843,137.80,77.00,62.60,61.13,230.00,10.00,null,29.70,null,10.00,18.00,FEW,SCT,   ,   ,4100.00,5500.00,null,null,null,null,null,null,null,null,null,77.00,KUOX 261815Z AUTO 23010G18KT 10SM FEW041 SCT055 25/17 A2970 RMK AO2,null
PIB,2011-04-26 18:15,-89.3371,31.4671,91.00,78.80,62.60,57.60,180.00,11.00,null,29.80,null,10.00,16.00,CLR,   ,   ,   ,null,null,null,null,null,null,null,null,null,null,null,80.31,KPIB 261815Z AUTO 18011G16KT 10SM CLR 26/17 A2980 RMK AO1,null
MIS,2011-04-26 18:15,-88.8420,29.2960,32.00,84.20,73.40,70.08,220.00,10.00,null,29.83,null,2.50,null,   ,   ,   ,   ,null,null,null,null,HZ,null,null,null,null,null,null,90.94,KMIS 261815Z AUTO 22010KT 2 1/2SM HZ 29/23 A2983 RMK A01,null
UTA,2011-04-26 18:35,-90.3467,34.6811,59.00,77.00,66.20,69.33,180.00,13.00,null,29.65,null,10.00,null,BKN,BKN,   ,   ,2900.00,3400.00,null,null,null,null,null,null,null,null,null,77.00,KUTA 261835Z AUTO 18013KT 10SM BKN029 BKN034 25/19 A2965 RMK AO2,null
MIS,2011-04-26 18:35,-88.8420,29.2960,32.00,84.20,73.40,70.08,210.00,11.00,null,29.82,null,2.50,null,CLR,   ,   ,   ,null,null,null,null,HZ,null,null,null,null,null,null,90.94,KMIS 261835Z AUTO 21011KT 2 1/2SM HZ CLR 29/23 A2982 RMK A01,null
UOX,2011-04-26 18:35,-89.5368,34.3843,137.80,77.00,62.60,61.13,210.00,6.00,null,29.70,null,10.00,19.00,FEW,FEW,   ,   ,4100.00,5500.00,null,null,null,null,null,null,null,null,null,77.00,KUOX 261835Z AUTO 21006G19KT 10SM FEW041 FEW055 25/17 A2970 RMK AO2,null
DLP,2011-04-26 18:35,-89.5472,29.1214,0.00,82.40,73.40,74.28,160.00,16.00,null,29.79,null,9.00,24.00,CLR,   ,   ,   ,null,null,null,null,null,null,null,null,null,null,null,88.26,KDLP 261835Z AUTO 16016G24KT 9SM CLR 28/23 A2979 RMK A01,null
HEZ,2011-04-26 18:35,-91.2973,31.6137,83.00,82.40,68.00,61.81,180.00,13.00,null,29.69,null,10.00,21.00,CLR,   ,   ,   ,null,null,null,null,null,null,null,null,null,null,null,85.38,KHEZ 261835Z AUTO 18013G21KT 10SM CLR 28/20 A2969 RMK AO1,null
MYT,2011-04-26 18:35,-89.6150,28.2206,0.00,78.80,73.40,83.55,170.00,12.00,null,29.79,null,1.50,null,CLR,   ,   ,   ,null,null,null,null,HZ,null,null,null,null,null,null,82.03,KMYT 261835Z AUTO 17012KT 1 1/2SM HZ CLR 26/23 A2979 RMK A01,null
CRX,2011-04-26 18:35,-88.6035,34.9150,129.00,78.80,62.60,57.60,190.00,14.00,null,29.69,null,10.00,20.00,FEW,   ,   ,   ,4100.00,null,null,null,null,null,null,null,null,null,null,80.31,KCRX 261835Z AUTO 19014G20KT 10SM FEW041 26/17 A2969 RMK AO2,null
CKM,2011-04-26 18:35,-90.5123,34.2997,52.70,78.80,68.00,69.52,190.00,13.00,null,29.65,null,10.00,17.00,SCT,   ,   ,   ,6000.00,null,null,null,null,null,null,null,null,null,null,81.10,KCKM 261835Z AUTO 19013G17KT 10SM SCT060 26/20 A2965 RMK AO1,null
PIB,2011-04-26 18:35,-89.3371,31.4671,91.00,80.60,62.60,54.30,170.00,15.00,null,29.80,null,10.00,20.00,CLR,   ,   ,   ,null,null,null,null,null,null,null,null,null,null,null,81.84,KPIB 261835Z AUTO 17015G20KT 10SM CLR 27/17 A2980 RMK AO1,null
1R7,2011-04-26 18:35,-90.4093,31.6058,149.00,80.60,64.40,57.84,170.00,15.00,null,29.76,null,9.00,21.00,CLR,   ,   ,   ,null,null,null,null,null,null,null,null,null,null,null,82.27,K1R7 261835Z AUTO 17015G21KT 9SM CLR 27/18 A2976 RMK AO2,null
M16,2011-04-26 18:35,-90.4105,32.3045,75.30,84.20,62.60,48.32,190.00,12.00,null,29.70,null,10.00,19.00,CLR,   ,   ,   ,null,null,null,null,null,null,null,null,null,null,null,85.03,KM16 261835Z AUTO 19012G19KT 10SM CLR 29/17 A2970 RMK AO2,null
OLV,2011-04-26 18:50,-89.7869,34.9787,122.50,78.80,69.80,73.95,190.00,12.00,null,29.66,null,9.00,18.00,BKN,   ,   ,   ,4000.00,null,null,null,null,null,null,null,null,null,null,81.39,KOLV 261850Z 19012G18KT 9SM BKN040 26/21 A2966,null
GTR,2011-04-26 18:50,-88.5914,33.4503,80.00,80.60,66.20,61.58,170.00,16.00,null,29.75,null,10.00,22.00,SCT,   ,   ,   ,6000.00,null,null,null,null,null,null,null,null,null,null,82.75,KGTR 261850Z 17016G22KT 10SM SCT060 27/19 A2975,null
TUP,2011-04-26 18:53,-88.7711,34.2608,110.00,80.00,62.00,54.23,210.00,11.00,null,29.71,1005.60,10.00,22.00,BKN,   ,   ,   ,5000.00,null,null,null,null,null,null,null,null,null,null,81.27,KTUP 261853Z 21011G22KT 10SM BKN050 27/17 A2971 RMK AO2 SLP056 T02670167,null
GPT,2011-04-26 18:53,-89.0701,30.4073,9.00,80.00,72.00,76.36,160.00,13.00,null,29.80,1009.20,10.00,20.00,SCT,SCT,   ,   ,2200.00,10000.00,null,null,null,null,null,null,null,null,null,83.87,KGPT 261853Z 16013G20KT 10SM SCT022 SCT100 27/22 A2980 RMK AO2 SLP092 T02670222,null
MCB,2011-04-26 18:53,-90.4700,31.1800,126.00,82.00,66.00,58.40,160.00,16.00,null,29.75,1006.70,10.00,27.00,FEW,   ,   ,   ,3700.00,null,null,null,null,null,null,null,27.00,160.00,2011-04-26 18:51,84.19,KMCB 261853Z AUTO 16016G27KT 10SM FEW037 28/19 A2975 RMK AO2 PK WND 16027/1851 SLP067 T02780189,null
GLH,2011-04-26 18:53,-90.9856,33.4829,40.00,80.00,69.00,69.23,190.00,14.00,null,29.63,1003.80,10.00,21.00,FEW,   ,   ,   ,4200.00,null,null,null,null,null,null,null,26.00,190.00,2011-04-26 18:07,82.95,KGLH 261853Z 19014G21KT 10SM FEW042 27/21 A2963 RMK AO2 PK WND 19026/1807 SLP038 T02670206,null
HBG,2011-04-26 18:53,-89.2529,31.2649,46.00,84.00,64.00,51.12,180.00,13.00,null,29.79,1008.40,10.00,20.00,FEW,   ,   ,   ,4300.00,null,null,null,null,null,null,null,null,null,null,85.40,KHBG 261853Z AUTO 18013G20KT 10SM FEW043 29/18 A2979 RMK AO2 SLP084 T02890178 TSNO,null
GWO,2011-04-26 18:53,-90.0847,33.4943,47.00,84.00,66.00,54.77,180.00,16.00,null,29.67,1004.50,10.00,null,CLR,   ,   ,   ,null,null,null,null,null,null,null,null,null,null,null,86.23,KGWO 261853Z AUTO 18016KT 10SM CLR 29/19 A2967 RMK AO2 SLP045 T02890189,null
HKS,2011-04-26 18:53,-90.2225,32.3348,104.00,85.00,63.00,47.82,160.00,21.00,null,29.72,1005.40,10.00,27.00,FEW,   ,   ,   ,7000.00,null,null,null,null,null,null,null,27.00,150.00,2011-04-26 18:52,85.83,KHKS 261853Z AUTO 16021G27KT 10SM FEW070 29/17 A2972 RMK AO2 PK WND 15027/1852 SLP054 T02940172 TSNO,null
PQL,2011-04-26 18:53,-88.5319,30.4636,5.00,78.00,71.00,79.05,160.00,10.00,null,29.82,1009.90,10.00,18.00,FEW,SCT,BKN,   ,1800.00,2900.00,5500.00,null,null,null,null,null,null,null,null,80.42,KPQL 261853Z 16010G18KT 10SM FEW018 SCT029 BKN055 26/22 A2982 RMK AO2 SLP099 T02560217,null
JAN,2011-04-26 18:54,-90.0800,32.3200,101.00,83.00,65.00,54.63,160.00,12.00,null,29.72,1006.00,10.00,23.00,FEW,   ,   ,   ,7000.00,null,null,null,null,null,null,null,null,null,null,84.70,KJAN 261854Z 16012G23KT 10SM FEW070 28/18 A2972 RMK AO2 SLP060 T02830183,null
CRX,2011-04-26 18:55,-88.6035,34.9150,129.00,80.60,62.60,54.30,210.00,14.00,null,29.69,null,10.00,20.00,CLR,   ,   ,   ,null,null,null,null,null,null,null,null,null,null,null,81.84,KCRX 261855Z AUTO 21014G20KT 10SM CLR 27/17 A2969 RMK AO2,null
HSA,2011-04-26 18:55,-89.4546,30.3678,7.00,80.60,77.00,88.83,170.00,14.00,null,29.79,null,10.00,20.00,BKN,BKN,   ,   ,2000.00,2800.00,null,null,null,null,null,null,null,null,null,87.10,KHSA 261855Z 17014G20KT 10SM BKN020 BKN028 27/25 A2979,null
1R7,2011-04-26 18:55,-90.4093,31.6058,149.00,82.40,64.40,54.55,150.00,11.00,null,29.75,null,8.00,20.00,CLR,   ,   ,   ,null,null,null,null,null,null,null,null,null,null,null,83.98,K1R7 261855Z AUTO 15011G20KT 8SM CLR 28/18 A2975 RMK AO2,null
DLP,2011-04-26 18:55,-89.5472,29.1214,0.00,82.40,73.40,74.28,160.00,19.00,null,29.77,null,8.00,26.00,CLR,   ,   ,   ,null,null,null,null,null,null,null,null,null,null,null,88.26,KDLP 261855Z AUTO 16019G26KT 8SM CLR 28/23 A2977 RMK A01,null
CKM,2011-04-26 18:55,-90.5123,34.2997,52.70,78.80,68.00,69.52,180.00,13.00,null,29.65,null,10.00,20.00,FEW,OVC,   ,   ,3000.00,6000.00,null,null,null,null,null,null,null,null,null,81.10,KCKM 261855Z AUTO 18013G20KT 10SM FEW030 OVC060 26/20 A2965 RMK AO1,null
MYT,2011-04-26 18:55,-89.6150,28.2206,0.00,78.80,73.40,83.55,170.00,12.00,null,29.78,null,1.75,null,CLR,   ,   ,   ,null,null,null,null,HZ,null,null,null,null,null,null,82.03,KMYT 261855Z AUTO 17012KT 1 3/4SM HZ CLR 26/23 A2978 RMK A01,null
MIS,2011-04-26 18:55,-88.8420,29.2960,32.00,84.20,73.40,70.08,210.00,12.00,null,29.81,null,2.50,null,   ,   ,   ,   ,null,null,null,null,HZ,null,null,null,null,null,null,90.94,KMIS 261855Z AUTO 21012KT 2 1/2SM HZ 29/23 A2981 RMK A01,null
CBM,2011-04-26 18:55,-88.4438,33.6438,67.00,82.40,64.40,54.55,190.00,12.00,null,29.74,1007.10,10.00,20.00,CLR,   ,   ,   ,null,null,null,null,null,null,null,null,null,null,null,83.98,KCBM 261855Z 19012G20KT 10SM CLR 28/18 A2974 RMK SLP071,null
BIX,2011-04-26 18:55,-88.9244,30.4104,10.00,80.78,73.58,78.78,150.00,11.00,null,29.81,1009.60,10.00,null,FEW,   ,   ,   ,18000.00,null,null,null,null,null,null,null,null,null,null,85.72,KBIX 261855Z AUTO 15011KT 10SM FEW180 27/23 A2981 RMK AO2 SLP096 T02710231,null
M16,2011-04-26 18:55,-90.4105,32.3045,75.30,84.20,64.40,51.47,180.00,15.00,null,29.70,null,10.00,21.00,CLR,   ,   ,   ,null,null,null,null,null,null,null,null,null,null,null,85.71,KM16 261855Z AUTO 18015G21KT 10SM CLR 29/18 A2970 RMK AO2,null
UOX,2011-04-26 18:55,-89.5368,34.3843,137.80,78.80,62.60,57.60,220.00,9.00,null,29.69,null,10.00,16.00,CLR,   ,   ,   ,null,null,null,null,null,null,null,null,null,null,null,80.31,KUOX 261855Z AUTO 22009G16KT 020V020 10SM CLR 26/17 A2969 RMK AO2,null
HEZ,2011-04-26 18:55,-91.2973,31.6137,83.00,82.40,66.20,58.08,180.00,15.00,null,29.68,null,10.00,28.00,FEW,   ,   ,   ,4300.00,null,null,null,null,null,null,null,null,null,null,84.63,KHEZ 261855Z AUTO 18015G28KT 10SM FEW043 28/19 A2968 RMK AO1,null
PIB,2011-04-26 18:55,-89.3371,31.4671,91.00,80.60,62.60,54.30,170.00,18.00,null,29.80,null,10.00,22.00,CLR,   ,   ,   ,null,null,null,null,null,null,null,null,null,null,null,81.84,KPIB 261855Z AUTO 17018G22KT 10SM CLR 27/17 A2980 RMK AO1,null
UTA,2011-04-26 18:55,-90.3467,34.6811,59.00,78.80,66.20,65.33,180.00,11.00,null,29.64,null,10.00,null,SCT,SCT,   ,   ,2900.00,3400.00,null,null,null,null,null,null,null,null,null,80.82,KUTA 261855Z AUTO 18011KT 10SM SCT029 SCT034 26/19 A2964 RMK AO2,null
NMM,2011-04-26 18:56,-88.5556,32.5521,97.00,82.00,66.00,58.40,180.00,8.00,null,29.76,1008.50,10.00,15.00,SCT,SCT,BKN,   ,3300.00,8500.00,25000.00,null,null,null,null,null,null,null,null,84.19,KNMM 261856Z 18008G15KT 150V220 10SM SCT033 SCT085 BKN250 28/19 A2976 RMK AO2 SLP085 T02780189,null
MEI,2011-04-26 18:58,-88.7511,32.3347,94.00,81.00,66.00,60.49,180.00,15.00,null,29.76,1007.50,10.00,24.00,CLR,   ,   ,   ,null,null,null,null,null,null,null,null,null,null,null,83.08,KMEI 261858Z 18015G24KT 10SM CLR 27/19 A2976 RMK AO2 SLP075 T02720189,null
PQL,2011-04-26 19:03,-88.5319,30.4636,5.00,75.20,71.60,88.59,0.00,5.00,T,29.82,null,10.00,16.00,SCT,BKN,BKN,   ,1800.00,2600.00,5000.00,null,-RA,null,null,null,null,null,null,76.58,KPQL 261903Z VRB05G16KT 10SM -RA SCT018 BKN026 BKN050 24/22 A2982 RMK AO2 RAB1859 P0000,null
M16,2011-04-26 19:15,-90.4105,32.3045,75.30,84.20,64.40,51.47,180.00,15.00,null,29.69,null,10.00,24.00,CLR,   ,   ,   ,null,null,null,null,null,null,null,null,null,null,null,85.71,KM16 261915Z AUTO 18015G24KT 10SM CLR 29/18 A2969 RMK AO2,null
DLP,2011-04-26 19:15,-89.5472,29.1214,0.00,80.60,73.40,78.76,160.00,24.00,null,29.76,null,8.00,null,CLR,   ,   ,   ,null,null,null,null,null,null,null,null,null,null,null,85.32,KDLP 261915Z AUTO 16024KT 8SM CLR 27/23 A2976 RMK A01,null
1R7,2011-04-26 19:15,-90.4093,31.6058,149.00,80.60,64.40,57.84,140.00,15.00,null,29.75,null,8.00,20.00,SCT,   ,   ,   ,3900.00,null,null,null,null,null,null,null,null,null,null,82.27,K1R7 261915Z AUTO 14015G20KT 8SM SCT039 27/18 A2975 RMK AO2,null
MYT,2011-04-26 19:15,-89.6150,28.2206,0.00,78.80,73.40,83.55,170.00,14.00,null,29.77,null,1.50,19.00,CLR,   ,   ,   ,null,null,null,null,HZ,null,null,null,null,null,null,82.03,KMYT 261915Z AUTO 17014G19KT 1 1/2SM HZ CLR 26/23 A2977 RMK A01,null
CRX,2011-04-26 19:15,-88.6035,34.9150,129.00,80.60,62.60,54.30,200.00,12.00,null,29.70,null,10.00,20.00,SCT,   ,   ,   ,4500.00,null,null,null,null,null,null,null,null,null,null,81.84,KCRX 261915Z AUTO 20012G20KT 10SM SCT045 27/17 A2970 RMK AO2,null
CKM,2011-04-26 19:15,-90.5123,34.2997,52.70,80.60,68.00,65.54,180.00,13.00,null,29.64,null,10.00,21.00,SCT,SCT,BKN,   ,3200.00,3900.00,6000.00,null,null,null,null,null,null,null,null,83.29,KCKM 261915Z AUTO 18013G21KT 10SM SCT032 SCT039 BKN060 27/20 A2964 RMK AO1,null
HEZ,2011-04-26 19:15,-91.2973,31.6137,83.00,84.20,66.20,54.80,190.00,11.00,null,29.67,null,10.00,24.00,CLR,   ,   ,   ,null,null,null,null,null,null,null,null,null,null,null,86.50,KHEZ 261915Z AUTO 19011G24KT 10SM CLR 29/19 A2967 RMK AO1,null
UTA,2011-04-26 19:15,-90.3467,34.6811,59.00,78.80,68.00,69.52,200.00,18.00,null,29.65,null,10.00,null,SCT,   ,   ,   ,2800.00,null,null,null,null,null,null,null,null,null,null,81.10,KUTA 261915Z AUTO 20018KT 10SM SCT028 26/20 A2965 RMK AO2,null
MIS,2011-04-26 19:15,-88.8420,29.2960,32.00,86.00,73.40,66.15,220.00,11.00,null,29.80,null,2.50,null,   ,   ,   ,   ,null,null,null,null,HZ,null,null,null,null,null,null,93.45,KMIS 261915Z AUTO 22011KT 2 1/2SM HZ 30/23 A2980 RMK A01,null
PIB,2011-04-26 19:15,-89.3371,31.4671,91.00,82.40,62.60,51.21,160.00,19.00,null,29.79,null,10.00,23.00,CLR,   ,   ,   ,null,null,null,null,null,null,null,null,null,null,null,83.41,KPIB 261915Z AUTO 16019G23KT 10SM CLR 28/17 A2979 RMK AO1,null
UOX,2011-04-26 19:15,-89.5368,34.3843,137.80,80.60,62.60,54.30,230.00,12.00,null,29.69,null,10.00,17.00,CLR,   ,   ,   ,null,null,null,null,null,null,null,null,null,null,null,81.84,KUOX 261915Z AUTO 23012G17KT 10SM CLR 27/17 A2969 RMK AO2,null
PIB,2011-04-26 19:35,-89.3371,31.4671,91.00,82.40,64.40,54.55,180.00,17.00,null,29.78,null,10.00,27.00,SCT,   ,   ,   ,4400.00,null,null,null,null,null,null,null,null,null,null,83.98,KPIB 261935Z AUTO 18017G27KT 10SM SCT044 28/18 A2978 RMK AO1,null
UTA,2011-04-26 19:35,-90.3467,34.6811,59.00,80.60,68.00,65.54,190.00,15.00,null,29.64,null,10.00,20.00,SCT,SCT,SCT,   ,2800.00,3700.00,6000.00,null,null,null,null,null,null,null,null,83.29,KUTA 261935Z AUTO 19015G20KT 10SM SCT028 SCT037 SCT060 27/20 A2964 RMK AO2,null
CKM,2011-04-26 19:35,-90.5123,34.2997,52.70,80.60,68.00,65.54,180.00,16.00,null,29.63,null,10.00,null,BKN,   ,   ,   ,3500.00,null,null,null,null,null,null,null,null,null,null,83.29,KCKM 261935Z AUTO 18016KT 10SM BKN035 27/20 A2963 RMK AO1,null
UOX,2011-04-26 19:35,-89.5368,34.3843,137.80,80.60,62.60,54.30,210.00,12.00,null,29.68,null,10.00,19.00,CLR,   ,   ,   ,null,null,null,null,null,null,null,null,null,null,null,81.84,KUOX 261935Z AUTO 21012G19KT 10SM CLR 27/17 A2968 RMK AO2,null
HEZ,2011-04-26 19:35,-91.2973,31.6137,83.00,84.20,66.20,54.80,150.00,16.00,null,29.67,null,10.00,22.00,CLR,   ,   ,   ,null,null,null,null,null,null,null,null,null,null,null,86.50,KHEZ 261935Z AUTO 15016G22KT 10SM CLR 29/19 A2967 RMK AO1,null
MIS,2011-04-26 19:35,-88.8420,29.2960,32.00,84.20,73.40,70.08,220.00,12.00,null,29.79,null,2.50,18.00,CLR,   ,   ,   ,null,null,null,null,HZ,null,null,null,null,null,null,90.94,KMIS 261935Z AUTO 22012G18KT 2 1/2SM HZ CLR 29/23 A2979 RMK A01,null
DLP,2011-04-26 19:35,-89.5472,29.1214,0.00,80.60,73.40,78.76,160.00,23.00,null,29.76,null,8.00,28.00,CLR,   ,   ,   ,null,null,null,null,null,null,null,null,null,null,null,85.32,KDLP 261935Z AUTO 16023G28KT 8SM CLR 27/23 A2976 RMK A01,null
M16,2011-04-26 19:35,-90.4105,32.3045,75.30,82.40,64.40,54.55,160.00,16.00,null,29.69,null,10.00,23.00,FEW,   ,   ,   ,9000.00,null,null,null,null,null,null,null,null,null,null,83.98,KM16 261935Z AUTO 16016G23KT 10SM FEW090 28/18 A2969 RMK AO2,null
CRX,2011-04-26 19:35,-88.6035,34.9150,129.00,80.60,62.60,54.30,190.00,12.00,null,29.69,null,10.00,18.00,SCT,BKN,   ,   ,4300.00,5000.00,null,null,null,null,null,null,null,null,null,81.84,KCRX 261935Z AUTO 19012G18KT 10SM SCT043 BKN050 27/17 A2969 RMK AO2,null
MYT,2011-04-26 19:35,-89.6150,28.2206,0.00,78.80,73.40,83.55,160.00,16.00,null,29.75,null,1.75,21.00,CLR,   ,   ,   ,null,null,null,null,HZ,null,null,null,null,null,null,82.03,KMYT 261935Z AUTO 16016G21KT 1 3/4SM HZ CLR 26/23 A2975 RMK A01,null
1R7,2011-04-26 19:35,-90.4093,31.6058,149.00,80.60,64.40,57.84,170.00,14.00,null,29.74,null,9.00,21.00,BKN,   ,   ,   ,3900.00,null,null,null,null,null,null,null,null,null,null,82.27,K1R7 261935Z AUTO 17014G21KT 9SM BKN039 27/18 A2974 RMK AO2,null
OLV,2011-04-26 19:45,-89.7869,34.9787,122.50,78.80,69.80,73.95,190.00,14.00,null,29.64,null,8.00,null,BKN,   ,   ,   ,3800.00,null,null,null,null,null,null,null,null,null,null,81.39,KOLV 261945Z 19014KT 8SM BKN038 26/21 A2964,null
GTR,2011-04-26 19:50,-88.5914,33.4503,80.00,80.60,66.20,61.58,170.00,18.00,null,29.73,null,10.00,24.00,BKN,   ,   ,   ,3800.00,null,null,null,null,null,null,null,null,null,null,82.75,KGTR 261950Z 17018G24KT 10SM BKN038 27/19 A2973,null
HKS,2011-04-26 19:53,-90.2225,32.3348,104.00,84.00,63.00,49.22,150.00,17.00,null,29.70,1004.80,10.00,24.00,CLR,   ,   ,   ,null,null,null,null,null,null,null,null,29.00,160.00,2011-04-26 19:08,84.99,KHKS 261953Z AUTO 15017G24KT 10SM CLR 29/17 A2970 RMK AO2 PK WND 16029/1908 SLP048 T02890172 TSNO,null
GLH,2011-04-26 19:53,-90.9856,33.4829,40.00,82.00,68.00,62.53,190.00,17.00,null,29.60,1003.00,10.00,23.00,SCT,BKN,   ,   ,5000.00,6000.00,null,null,null,null,null,null,null,null,null,84.97,KGLH 261953Z 19017G23KT 10SM SCT050 BKN060 28/20 A2960 RMK AO2 SLP030 T02780200,null
GWO,2011-04-26 19:53,-90.0847,33.4943,47.00,83.00,64.00,52.93,180.00,14.00,null,29.64,1003.60,10.00,22.00,BKN,   ,   ,   ,5500.00,null,null,null,null,null,null,null,null,null,null,84.37,KGWO 261953Z AUTO 18014G22KT 10SM BKN055 28/18 A2964 RMK AO2 SLP036 T02830178,null
PQL,2011-04-26 19:53,-88.5319,30.4636,5.00,81.00,73.00,76.90,160.00,13.00,0.01,29.80,1009.10,10.00,23.00,SCT,BKN,   ,   ,1800.00,2400.00,null,null,null,null,null,null,null,null,null,85.76,KPQL 261953Z 16013G23KT 10SM SCT018 BKN024 27/23 A2980 RMK AO2 RAB1859E20 SLP091 P0001 T02720228,null
GPT,2011-04-26 19:53,-89.0701,30.4073,9.00,82.00,73.00,74.25,160.00,14.00,null,29.78,1008.40,10.00,null,SCT,SCT,   ,   ,2200.00,10000.00,null,null,null,null,null,null,null,null,null,87.48,KGPT 261953Z 16014KT 10SM SCT022 SCT100 28/23 A2978 RMK AO2 SLP084 T02780228,null
TUP,2011-04-26 19:53,-88.7711,34.2608,110.00,81.00,64.00,56.45,210.00,15.00,null,29.68,1004.70,10.00,21.00,FEW,   ,   ,   ,4600.00,null,null,null,null,null,null,null,null,null,null,82.52,KTUP 261953Z AUTO 21015G21KT 10SM FEW046 27/18 A2968 RMK AO2 SLP047 T02720178,null
MCB,2011-04-26 19:53,-90.4700,31.1800,126.00,83.00,67.00,58.51,170.00,14.00,null,29.71,1005.50,10.00,22.00,FEW,   ,   ,   ,3900.00,null,null,null,null,null,null,null,null,null,null,85.50,KMCB 261953Z AUTO 17014G22KT 10SM FEW039 28/19 A2971 RMK AO2 SLP055 T02830194,null
HBG,2011-04-26 19:53,-89.2529,31.2649,46.00,82.00,67.00,60.25,180.00,13.00,null,29.76,1007.40,10.00,20.00,SCT,BKN,   ,   ,3900.00,4900.00,null,null,null,null,null,null,null,null,null,84.53,KHBG 261953Z AUTO 18013G20KT 10SM SCT039 BKN049 28/19 A2976 RMK AO2 SLP074 T02780194 TSNO,null
JAN,2011-04-26 19:54,-90.0800,32.3200,101.00,83.00,65.00,54.63,170.00,10.00,null,29.70,1005.20,10.00,23.00,FEW,   ,   ,   ,4300.00,null,null,null,null,null,null,null,null,null,null,84.70,KJAN 261954Z 17010G23KT 130V200 10SM FEW043 28/18 A2970 RMK AO2 SLP052 T02830183,null
UTA,2011-04-26 19:55,-90.3467,34.6811,59.00,80.60,68.00,65.54,200.00,12.00,null,29.63,null,10.00,20.00,CLR,   ,   ,   ,null,null,null,null,null,null,null,null,null,null,null,83.29,KUTA 261955Z AUTO 20012G20KT 10SM CLR 27/20 A2963 RMK AO2,null
HSA,2011-04-26 19:55,-89.4546,30.3678,7.00,80.60,75.20,83.66,160.00,18.00,null,29.77,null,10.00,27.00,SCT,BKN,   ,   ,2300.00,3200.00,null,null,null,null,null,null,null,null,null,86.17,KHSA 261955Z 16018G27KT 10SM SCT023 BKN032 27/24 A2977,null
M16,2011-04-26 19:55,-90.4105,32.3045,75.30,84.20,64.40,51.47,150.00,13.00,null,29.68,null,10.00,21.00,CLR,   ,   ,   ,null,null,null,null,null,null,null,null,null,null,null,85.71,KM16 261955Z AUTO 15013G21KT 10SM CLR 29/18 A2968 RMK AO2,null
1R7,2011-04-26 19:55,-90.4093,31.6058,149.00,82.40,66.20,58.08,140.00,14.00,null,29.72,null,9.00,20.00,SCT,   ,   ,   ,3900.00,null,null,null,null,null,null,null,null,null,null,84.63,K1R7 261955Z AUTO 14014G20KT 9SM SCT039 28/19 A2972 RMK AO2,null
BIX,2011-04-26 19:55,-88.9244,30.4104,10.00,82.40,74.48,77.02,180.00,14.00,null,29.79,1008.90,10.00,20.00,BKN,BKN,   ,   ,1400.00,2100.00,null,null,null,null,null,null,null,null,null,88.97,KBIX 261955Z 18014G20KT 10SM BKN014 BKN021 28/24 A2979 RMK AO2A CIG 013V017 SLP089 T02800236,null
DLP,2011-04-26 19:55,-89.5472,29.1214,0.00,82.40,73.40,74.28,160.00,22.00,null,29.75,null,8.00,null,CLR,   ,   ,   ,null,null,null,null,null,null,null,null,null,null,null,88.26,KDLP 261955Z AUTO 16022KT 8SM CLR 28/23 A2975 RMK A01,null
CKM,2011-04-26 19:55,-90.5123,34.2997,52.70,80.60,68.00,65.54,170.00,15.00,null,29.62,null,10.00,21.00,BKN,OVC,   ,   ,3700.00,4300.00,null,null,null,null,null,null,null,null,null,83.29,KCKM 261955Z AUTO 17015G21KT 10SM BKN037 OVC043 27/20 A2962 RMK AO1,null
MYT,2011-04-26 19:55,-89.6150,28.2206,0.00,78.80,73.40,83.55,160.00,15.00,null,29.75,null,1.50,20.00,CLR,   ,   ,   ,null,null,null,null,HZ,null,null,null,null,null,null,82.03,KMYT 261955Z AUTO 16015G20KT 1 1/2SM HZ CLR 26/23 A2975 RMK A01,null
MIS,2011-04-26 19:55,-88.8420,29.2960,32.00,84.20,73.40,70.08,220.00,14.00,null,29.79,null,2.50,null,CLR,   ,   ,   ,null,null,null,null,HZ,null,null,null,null,null,null,90.94,KMIS 261955Z AUTO 22014KT 2 1/2SM HZ CLR 29/23 A2979 RMK A01,null
CBM,2011-04-26 19:55,-88.4438,33.6438,67.00,81.50,64.40,56.17,190.00,15.00,null,29.72,null,10.00,22.00,FEW,   ,   ,   ,3900.00,null,null,null,null,null,null,null,null,null,null,83.12,KCBM 261955Z AUTO 19015G22KT 10SM FEW039 27/18 A2972 RMK AO2 SLPNO T02750180 $,null
CRX,2011-04-26 19:55,-88.6035,34.9150,129.00,80.60,62.60,54.30,200.00,10.00,null,29.68,null,10.00,16.00,BKN,   ,   ,   ,4800.00,null,null,null,null,null,null,null,null,null,null,81.84,KCRX 261955Z AUTO 20010G16KT 10SM BKN048 27/17 A2968 RMK AO2,null
PIB,2011-04-26 19:55,-89.3371,31.4671,91.00,82.40,64.40,54.55,180.00,15.00,null,29.77,null,10.00,22.00,BKN,BKN,   ,   ,4300.00,4900.00,null,null,null,null,null,null,null,null,null,83.98,KPIB 261955Z AUTO 18015G22KT 10SM BKN043 BKN049 28/18 A2977 RMK AO1,null
HEZ,2011-04-26 19:55,-91.2973,31.6137,83.00,84.20,64.40,51.47,170.00,16.00,null,29.66,null,10.00,22.00,FEW,   ,   ,   ,4900.00,null,null,null,null,null,null,null,null,null,null,85.71,KHEZ 261955Z AUTO 17016G22KT 10SM FEW049 29/18 A2966 RMK AO1,null
NMM,2011-04-26 19:56,-88.5556,32.5521,97.00,84.00,65.00,52.75,190.00,7.00,null,29.75,1008.10,10.00,14.00,BKN,   ,   ,   ,4000.00,null,null,null,null,null,null,null,null,null,null,85.76,KNMM 261956Z 19007G14KT 150V220 10SM BKN040 29/18 A2975 RMK AO2 SLP081 T02890183,null
MEI,2011-04-26 19:58,-88.7511,32.3347,94.00,82.00,66.00,58.40,190.00,14.00,null,29.75,1007.00,10.00,20.00,FEW,   ,   ,   ,3900.00,null,null,null,null,null,null,null,null,null,null,84.19,KMEI 261958Z 19014G20KT 10SM FEW039 28/19 A2975 RMK AO2 SLP070 T02780189,null
MYT,2011-04-26 20:15,-89.6150,28.2206,0.00,78.80,73.40,83.55,170.00,13.00,null,29.74,null,1.25,20.00,CLR,   ,   ,   ,null,null,null,null,HZ,null,null,null,null,null,null,82.03,KMYT 262015Z AUTO 17013G20KT 1 1/4SM HZ CLR 26/23 A2974 RMK A01,null
MIS,2011-04-26 20:15,-88.8420,29.2960,32.00,84.20,73.40,70.08,220.00,15.00,null,29.78,null,2.50,20.00,   ,   ,   ,   ,null,null,null,null,HZ,null,null,null,null,null,null,90.94,KMIS 262015Z AUTO 22015G20KT 2 1/2SM HZ 29/23 A2978 RMK A01,null
PIB,2011-04-26 20:15,-89.3371,31.4671,91.00,82.40,66.20,58.08,170.00,16.00,null,29.75,null,10.00,24.00,SCT,BKN,OVC,   ,4100.00,5000.00,7000.00,null,null,null,null,null,null,null,null,84.63,KPIB 262015Z AUTO 17016G24KT 10SM SCT041 BKN050 OVC070 28/19 A2975 RMK AO1,null
M16,2011-04-26 20:15,-90.4105,32.3045,75.30,84.20,64.40,51.47,180.00,15.00,null,29.67,null,10.00,22.00,CLR,   ,   ,   ,null,null,null,null,null,null,null,null,null,null,null,85.71,KM16 262015Z AUTO 18015G22KT 10SM CLR 29/18 A2967 RMK AO2,null
HEZ,2011-04-26 20:15,-91.2973,31.6137,83.00,84.20,64.40,51.47,180.00,14.00,null,29.64,null,10.00,23.00,CLR,   ,   ,   ,null,null,null,null,null,null,null,null,null,null,null,85.71,KHEZ 262015Z AUTO 18014G23KT 10SM CLR 29/18 A2964 RMK AO1,null
UOX,2011-04-26 20:15,-89.5368,34.3843,137.80,80.60,62.60,54.30,180.00,6.00,null,29.66,null,10.00,16.00,FEW,   ,   ,   ,4400.00,null,null,null,null,null,null,null,null,null,null,81.84,KUOX 262015Z AUTO 18006G16KT 10SM FEW044 27/17 A2966 RMK AO2,null
DLP,2011-04-26 20:15,-89.5472,29.1214,0.00,82.40,73.40,74.28,160.00,21.00,null,29.75,null,8.00,27.00,CLR,   ,   ,   ,null,null,null,null,null,null,null,null,null,null,null,88.26,KDLP 262015Z AUTO 16021G27KT 8SM CLR 28/23 A2975 RMK A01,null
CRX,2011-04-26 20:15,-88.6035,34.9150,129.00,80.60,62.60,54.30,200.00,7.00,null,29.66,null,10.00,15.00,FEW,   ,   ,   ,5000.00,null,null,null,null,null,null,null,null,null,null,81.84,KCRX 262015Z AUTO 20007G15KT 10SM FEW050 27/17 A2966 RMK AO2,null
MYT,2011-04-26 20:35,-89.6150,28.2206,0.00,78.80,73.40,83.55,170.00,14.00,null,29.73,null,1.50,null,CLR,   ,   ,   ,null,null,null,null,HZ,null,null,null,null,null,null,82.03,KMYT 262035Z AUTO 17014KT 1 1/2SM HZ CLR 26/23 A2973 RMK A01,null
CRX,2011-04-26 20:35,-88.6035,34.9150,129.00,80.60,62.60,54.30,180.00,11.00,null,29.67,null,10.00,18.00,CLR,   ,   ,   ,null,null,null,null,null,null,null,null,null,null,null,81.84,KCRX 262035Z AUTO 18011G18KT 10SM CLR 27/17 A2967 RMK AO2,null
HEZ,2011-04-26 20:35,-91.2973,31.6137,83.00,84.20,66.20,54.80,180.00,13.00,null,29.63,null,10.00,23.00,CLR,   ,   ,   ,null,null,null,null,null,null,null,null,null,null,null,86.50,KHEZ 262035Z AUTO 18013G23KT 10SM CLR 29/19 A2963 RMK AO1,null
CKM,2011-04-26 20:35,-90.5123,34.2997,52.70,82.40,68.00,61.81,180.00,17.00,null,29.61,null,10.00,null,FEW,SCT,SCT,   ,4600.00,5500.00,7000.00,null,null,null,null,null,null,null,null,85.38,KCKM 262035Z AUTO 18017KT 10SM FEW046 SCT055 SCT070 28/20 A2961 RMK AO1,null
1R7,2011-04-26 20:35,-90.4093,31.6058,149.00,82.40,68.00,61.81,150.00,10.00,null,29.70,null,8.00,23.00,BKN,   ,   ,   ,3900.00,null,null,null,null,null,null,null,null,null,null,85.38,K1R7 262035Z AUTO 15010G23KT 8SM BKN039 28/20 A2970 RMK AO2,null
UOX,2011-04-26 20:35,-89.5368,34.3843,137.80,80.60,62.60,54.30,190.00,7.00,null,29.66,null,10.00,16.00,SCT,   ,   ,   ,4800.00,null,null,null,null,null,null,null,null,null,null,81.84,KUOX 262035Z AUTO 19007G16KT 020V020 10SM SCT048 27/17 A2966 RMK AO2,null
UTA,2011-04-26 20:35,-90.3467,34.6811,59.00,78.80,66.20,65.33,180.00,11.00,null,29.62,null,10.00,16.00,SCT,BKN,BKN,   ,3400.00,4000.00,4700.00,null,null,null,null,null,null,null,null,80.82,KUTA 262035Z AUTO 18011G16KT 10SM SCT034 BKN040 BKN047 26/19 A2962 RMK AO2 LTG DSNT W,null
PIB,2011-04-26 20:35,-89.3371,31.4671,91.00,82.40,64.40,54.55,190.00,15.00,null,29.75,null,10.00,20.00,FEW,SCT,BKN,   ,3500.00,5000.00,6000.00,null,null,null,null,null,null,null,null,83.98,KPIB 262035Z AUTO 19015G20KT 10SM FEW035 SCT050 BKN060 28/18 A2975 RMK AO1,null
DLP,2011-04-26 20:35,-89.5472,29.1214,0.00,82.40,73.40,74.28,160.00,20.00,null,29.74,null,8.00,27.00,CLR,   ,   ,   ,null,null,null,null,null,null,null,null,null,null,null,88.26,KDLP 262035Z AUTO 16020G27KT 8SM CLR 28/23 A2974 RMK A01,null
M16,2011-04-26 20:35,-90.4105,32.3045,75.30,84.20,66.20,54.80,160.00,15.00,null,29.66,null,10.00,21.00,FEW,   ,   ,   ,4500.00,null,null,null,null,null,null,null,null,null,null,86.50,KM16 262035Z AUTO 16015G21KT 10SM FEW045 29/19 A2966 RMK AO2,null
MIS,2011-04-26 20:35,-88.8420,29.2960,32.00,84.20,73.40,70.08,220.00,14.00,null,29.78,null,2.50,null,   ,   ,   ,   ,null,null,null,null,HZ,null,null,null,null,null,null,90.94,KMIS 262035Z AUTO 22014KT 2 1/2SM HZ 29/23 A2978 RMK A01,null
GTR,2011-04-26 20:45,-88.5914,33.4503,80.00,80.60,66.20,61.58,180.00,13.00,null,29.71,null,10.00,22.00,BKN,BKN,   ,   ,5000.00,5500.00,null,null,null,null,null,null,null,null,null,82.75,KGTR 262045Z 18013G22KT 10SM BKN050 BKN055 27/19 A2971,null
OLV,2011-04-26 20:45,-89.7869,34.9787,122.50,78.80,69.80,73.95,200.00,9.00,null,29.63,null,9.00,null,BKN,BKN,   ,   ,3400.00,4100.00,null,null,null,null,null,null,null,null,null,81.39,KOLV 262045Z 20009KT 9SM BKN034 BKN041 26/21 A2963,null
MCB,2011-04-26 20:53,-90.4700,31.1800,126.00,84.00,70.00,62.77,180.00,13.00,null,29.68,1004.50,10.00,24.00,FEW,SCT,SCT,   ,3200.00,4300.00,5000.00,null,null,null,null,null,26.00,150.00,2011-04-26 20:05,88.32,KMCB 262053Z AUTO 18013G24KT 10SM FEW032 SCT043 SCT050 29/21 A2968 RMK AO2 PK WND 15026/2005 SLP045 T02890211 58026,null
HBG,2011-04-26 20:53,-89.2529,31.2649,46.00,84.00,67.00,56.51,160.00,17.00,null,29.74,1006.70,10.00,21.00,FEW,SCT,   ,   ,3500.00,4300.00,null,null,null,null,null,null,null,null,null,86.66,KHBG 262053Z AUTO 16017G21KT 10SM FEW035 SCT043 29/19 A2974 RMK AO2 SLP067 T02890194 58020 TSNO,null
TUP,2011-04-26 20:53,-88.7711,34.2608,110.00,81.00,65.00,58.25,190.00,10.00,null,29.67,1004.20,10.00,19.00,BKN,BKN,   ,   ,4600.00,6000.00,null,null,null,null,null,null,null,null,null,82.76,KTUP 262053Z AUTO 19010G19KT 10SM BKN046 BKN060 27/18 A2967 RMK AO2 SLP042 T02720183 58013,null
HKS,2011-04-26 20:53,-90.2225,32.3348,104.00,84.00,65.00,52.75,180.00,14.00,null,29.67,1003.90,10.00,20.00,FEW,   ,   ,   ,4700.00,null,null,null,null,null,null,null,27.00,150.00,2011-04-26 20:21,85.76,KHKS 262053Z AUTO 18014G20KT 10SM FEW047 29/18 A2967 RMK AO2 PK WND 15027/2021 SLP039 T02890183 58015 TSNO,null
PQL,2011-04-26 20:53,-88.5319,30.4636,5.00,80.00,73.00,79.20,160.00,9.00,null,29.78,1008.70,10.00,17.00,BKN,OVC,   ,   ,1800.00,2600.00,null,null,null,null,null,null,null,null,null,84.25,KPQL 262053Z 16009G17KT 10SM BKN018 OVC026 27/23 A2978 RMK AO2 SLP087 60001 T02670228 58008,null
GWO,2011-04-26 20:53,-90.0847,33.4943,47.00,85.00,64.00,49.66,180.00,15.00,null,29.61,1002.50,10.00,22.00,CLR,   ,   ,   ,null,null,null,null,null,null,null,null,null,null,null,86.27,KGWO 262053Z AUTO 18015G22KT 10SM CLR 29/18 A2961 RMK AO2 SLP025 T02940178 58025,null
GPT,2011-04-26 20:53,-89.0701,30.4073,9.00,82.00,72.00,71.59,160.00,13.00,null,29.76,1007.80,10.00,20.00,SCT,SCT,   ,   ,2200.00,2900.00,null,null,null,null,null,null,null,null,null,86.87,KGPT 262053Z 16013G20KT 10SM SCT022 SCT029 28/22 A2976 RMK AO2 SLP078 T02780222 58013,null
GLH,2011-04-26 20:53,-90.9856,33.4829,40.00,82.00,68.00,62.53,190.00,14.00,null,29.56,1001.60,10.00,22.00,FEW,   ,   ,   ,8000.00,null,null,null,null,null,null,null,26.00,180.00,2011-04-26 19:56,84.97,KGLH 262053Z 19014G22KT 10SM FEW080 28/20 A2956 RMK AO2 PK WND 18026/1956 SLP016 T02780200 58029,null
JAN,2011-04-26 20:54,-90.0800,32.3200,101.00,83.00,65.00,54.63,160.00,16.00,null,29.67,1004.30,10.00,27.00,SCT,   ,   ,   ,4300.00,null,null,null,null,null,null,null,27.00,150.00,2011-04-26 20:52,84.70,KJAN 262054Z 16016G27KT 10SM SCT043 28/18 A2967 RMK AO2 PK WND 15027/2052 SLP043 T02830183 58017,null
M16,2011-04-26 20:55,-90.4105,32.3045,75.30,82.40,66.20,58.08,150.00,13.00,null,29.65,null,10.00,21.00,SCT,   ,   ,   ,4500.00,null,null,null,null,null,null,null,null,null,null,84.63,KM16 262055Z AUTO 15013G21KT 10SM SCT045 28/19 A2965 RMK AO2,null
MIS,2011-04-26 20:55,-88.8420,29.2960,32.00,84.20,73.40,70.08,220.00,13.00,null,29.77,null,2.00,19.00,   ,   ,   ,   ,null,null,null,null,HZ,null,null,null,null,null,null,90.94,KMIS 262055Z AUTO 22013G19KT 2SM HZ 29/23 A2977 RMK A01,null
CKM,2011-04-26 20:55,-90.5123,34.2997,52.70,80.60,68.00,65.54,180.00,14.00,null,29.60,null,10.00,24.00,BKN,BKN,BKN,   ,4000.00,5000.00,6500.00,null,null,null,null,null,null,null,null,83.29,KCKM 262055Z AUTO 18014G24KT 10SM BKN040 BKN050 BKN065 27/20 A2960 RMK AO1,null
CRX,2011-04-26 20:55,-88.6035,34.9150,129.00,80.60,62.60,54.30,170.00,10.00,null,29.66,null,10.00,null,BKN,BKN,   ,   ,4500.00,5500.00,null,null,null,null,null,null,null,null,null,81.84,KCRX 262055Z AUTO 17010KT 10SM BKN045 BKN055 27/17 A2966 RMK AO2,null
HSA,2011-04-26 20:55,-89.4546,30.3678,7.00,80.60,77.00,88.83,160.00,15.00,null,29.75,null,10.00,25.00,SCT,BKN,   ,   ,2100.00,2700.00,null,null,null,null,null,null,null,null,null,87.10,KHSA 262055Z 16015G25KT 10SM SCT021 BKN027 27/25 A2975,null
HEZ,2011-04-26 20:55,-91.2973,31.6137,83.00,84.20,66.20,54.80,160.00,15.00,null,29.63,null,10.00,18.00,FEW,   ,   ,   ,4900.00,null,null,null,null,null,null,null,null,null,null,86.50,KHEZ 262055Z AUTO 16015G18KT 10SM FEW049 29/19 A2963 RMK AO1 57024,null
MYT,2011-04-26 20:55,-89.6150,28.2206,0.00,78.80,73.40,83.55,170.00,14.00,null,29.73,null,1.50,null,CLR,   ,   ,   ,null,null,null,null,HZ,null,null,null,null,null,null,82.03,KMYT 262055Z AUTO 17014KT 1 1/2SM HZ CLR 26/23 A2973 RMK A01,null
BIX,2011-04-26 20:55,-88.9244,30.4104,10.00,82.00,74.12,76.99,180.00,13.00,null,29.78,1008.40,10.00,21.00,BKN,   ,   ,   ,1700.00,null,null,null,null,null,null,null,null,null,null,88.14,KBIX 262055Z 18013G21KT 10SM BKN017 28/23 A2978 RMK AO2A CIG 015V021 SLP084 T02780234 58010,null
1R7,2011-04-26 20:55,-90.4093,31.6058,149.00,82.40,66.20,58.08,150.00,13.00,null,29.69,null,7.00,19.00,BKN,   ,   ,   ,4100.00,null,null,null,null,null,null,null,null,null,null,84.63,K1R7 262055Z AUTO 15013G19KT 7SM BKN041 28/19 A2969 RMK AO2,null
PIB,2011-04-26 20:55,-89.3371,31.4671,91.00,82.40,64.40,54.55,180.00,17.00,null,29.74,null,10.00,23.00,FEW,FEW,BKN,   ,3500.00,4300.00,6000.00,null,null,null,null,null,null,null,null,83.98,KPIB 262055Z AUTO 18017G23KT 10SM FEW035 FEW043 BKN060 28/18 A2974 RMK AO1 57020,null
CBM,2011-04-26 20:55,-88.4438,33.6438,67.00,82.40,64.00,53.87,190.00,13.00,null,29.70,null,10.00,21.00,FEW,   ,   ,   ,4700.00,null,null,null,null,null,null,null,null,null,null,83.86,KCBM 262055Z AUTO 19013G21KT 10SM FEW047 28/18 A2970 RMK AO2 SLPNO 6//// T02800178 58013 $,null
UOX,2011-04-26 20:55,-89.5368,34.3843,137.80,80.60,62.60,54.30,210.00,7.00,null,29.65,null,10.00,17.00,FEW,BKN,   ,   ,4600.00,6000.00,null,null,null,null,null,null,null,null,null,81.84,KUOX 262055Z AUTO 21007G17KT 10SM FEW046 BKN060 27/17 A2965 RMK AO2,null
DLP,2011-04-26 20:55,-89.5472,29.1214,0.00,82.40,73.40,74.28,160.00,22.00,null,29.74,null,8.00,null,CLR,   ,   ,   ,null,null,null,null,null,null,null,null,null,null,null,88.26,KDLP 262055Z AUTO 16022KT 8SM CLR 28/23 A2974 RMK A01,null
UTA,2011-04-26 20:55,-90.3467,34.6811,59.00,78.80,66.20,65.33,180.00,10.00,null,29.61,null,10.00,15.00,SCT,SCT,   ,   ,3600.00,4700.00,null,null,null,null,null,null,null,null,null,80.82,KUTA 262055Z AUTO 18010G15KT 10SM SCT036 SCT047 26/19 A2961 RMK AO2 LTG DSNT W,null
NMM,2011-04-26 20:56,-88.5556,32.5521,97.00,83.00,63.00,50.97,200.00,7.00,null,29.73,1007.30,10.00,null,SCT,   ,   ,   ,4500.00,null,null,null,null,null,null,null,null,null,null,84.00,KNMM 262056Z 20007KT 170V240 10SM SCT045 28/17 A2973 RMK AO2 SLP073 T02830172 58017,null
MEI,2011-04-26 20:58,-88.7511,32.3347,94.00,82.00,63.00,52.47,180.00,15.00,null,29.73,1006.30,10.00,25.00,FEW,   ,   ,   ,4600.00,null,null,null,null,null,null,null,27.00,170.00,2011-04-26 20:47,83.19,KMEI 262058Z 18015G25KT 10SM FEW046 28/17 A2973 RMK AO2 PK WND 17027/2047 SLP063 T02780172 58017,null
1R7,2011-04-26 21:15,-90.4093,31.6058,149.00,82.40,68.00,61.81,150.00,13.00,null,29.68,null,7.00,21.00,SCT,   ,   ,   ,4100.00,null,null,null,null,null,null,null,null,null,null,85.38,K1R7 262115Z AUTO 15013G21KT 7SM SCT041 28/20 A2968 RMK AO2,null
CKM,2011-04-26 21:15,-90.5123,34.2997,52.70,80.60,68.00,65.54,170.00,11.00,null,29.57,null,10.00,19.00,FEW,BKN,BKN,   ,4000.00,4900.00,6500.00,null,null,null,null,null,null,null,null,83.29,KCKM 262115Z AUTO 17011G19KT 10SM FEW040 BKN049 BKN065 27/20 A2957 RMK AO1,null
UTA,2011-04-26 21:15,-90.3467,34.6811,59.00,80.60,66.20,61.58,180.00,12.00,null,29.59,null,10.00,null,SCT,SCT,SCT,   ,4100.00,4700.00,5500.00,null,null,null,null,null,null,null,null,82.75,KUTA 262115Z AUTO 18012KT 10SM SCT041 SCT047 SCT055 27/19 A2959 RMK AO2 LTG DSNT W THRU N,null
UOX,2011-04-26 21:15,-89.5368,34.3843,137.80,78.80,62.60,57.60,210.00,6.00,null,29.65,null,10.00,null,BKN,   ,   ,   ,5000.00,null,null,null,null,null,null,null,null,null,null,80.31,KUOX 262115Z AUTO 21006KT 10SM BKN050 26/17 A2965 RMK AO2,null
DLP,2011-04-26 21:15,-89.5472,29.1214,0.00,82.40,73.40,74.28,150.00,21.00,null,29.73,null,8.00,null,CLR,   ,   ,   ,null,null,null,null,null,null,null,null,null,null,null,88.26,KDLP 262115Z AUTO 15021KT 8SM CLR 28/23 A2973 RMK A01,null
MIS,2011-04-26 21:15,-88.8420,29.2960,32.00,84.20,73.40,70.08,220.00,12.00,null,29.77,null,2.00,19.00,   ,   ,   ,   ,null,null,null,null,HZ,null,null,null,null,null,null,90.94,KMIS 262115Z AUTO 22012G19KT 2SM HZ 29/23 A2977 RMK A01,null
HEZ,2011-04-26 21:15,-91.2973,31.6137,83.00,84.20,66.20,54.80,180.00,15.00,null,29.61,null,10.00,25.00,FEW,   ,   ,   ,4700.00,null,null,null,null,null,null,null,null,null,null,86.50,KHEZ 262115Z AUTO 18015G25KT 10SM FEW047 29/19 A2961 RMK AO1,null
PIB,2011-04-26 21:15,-89.3371,31.4671,91.00,82.40,66.20,58.08,180.00,16.00,null,29.73,null,10.00,21.00,FEW,FEW,SCT,   ,3500.00,4500.00,6000.00,null,null,null,null,null,null,null,null,84.63,KPIB 262115Z AUTO 18016G21KT 10SM FEW035 FEW045 SCT060 28/19 A2973 RMK AO1,null
M16,2011-04-26 21:15,-90.4105,32.3045,75.30,82.40,66.20,58.08,160.00,17.00,null,29.64,null,10.00,23.00,SCT,   ,   ,   ,4500.00,null,null,null,null,null,null,null,null,null,null,84.63,KM16 262115Z AUTO 16017G23KT 10SM SCT045 28/19 A2964 RMK AO2,null
CRX,2011-04-26 21:15,-88.6035,34.9150,129.00,80.60,62.60,54.30,180.00,12.00,null,29.67,null,10.00,18.00,BKN,OVC,   ,   ,4800.00,6000.00,null,null,null,null,null,null,null,null,null,81.84,KCRX 262115Z AUTO 18012G18KT 10SM BKN048 OVC060 27/17 A2967 RMK AO2,null
MYT,2011-04-26 21:15,-89.6150,28.2206,0.00,78.80,73.40,83.55,170.00,14.00,null,29.73,null,1.50,null,CLR,   ,   ,   ,null,null,null,null,HZ,null,null,null,null,null,null,82.03,KMYT 262115Z AUTO 17014KT 1 1/2SM HZ CLR 26/23 A2973 RMK A01,null
CRX,2011-04-26 21:35,-88.6035,34.9150,129.00,80.60,64.40,57.84,170.00,11.00,null,29.67,null,10.00,15.00,BKN,   ,   ,   ,5000.00,null,null,null,null,null,null,null,null,null,null,82.27,KCRX 262135Z AUTO 17011G15KT 10SM BKN050 27/18 A2967 RMK AO2,null
1R7,2011-04-26 21:35,-90.4093,31.6058,149.00,82.40,69.80,65.74,160.00,12.00,null,29.68,null,8.00,20.00,SCT,   ,   ,   ,4100.00,null,null,null,null,null,null,null,null,null,null,86.22,K1R7 262135Z AUTO 16012G20KT 8SM SCT041 28/21 A2968 RMK AO2,null
UOX,2011-04-26 21:35,-89.5368,34.3843,137.80,78.80,64.40,61.36,null,null,null,29.62,null,10.00,null,FEW,BKN,BKN,   ,4400.00,5000.00,6000.00,null,null,null,null,null,null,null,null,78.80,KUOX 262135Z AUTO 00000KT 10SM FEW044 BKN050 BKN060 26/18 A2962 RMK AO2,null
CKM,2011-04-26 21:35,-90.5123,34.2997,52.70,80.60,68.00,65.54,150.00,8.00,null,29.55,null,10.00,null,FEW,BKN,   ,   ,4900.00,6500.00,null,null,null,null,null,null,null,null,null,83.29,KCKM 262135Z AUTO 15008KT 10SM FEW049 BKN065 27/20 A2955 RMK AO1,null
PIB,2011-04-26 21:35,-89.3371,31.4671,91.00,80.60,64.40,57.84,190.00,13.00,null,29.73,null,10.00,20.00,SCT,SCT,   ,   ,4600.00,5000.00,null,null,null,null,null,null,null,null,null,82.27,KPIB 262135Z AUTO 19013G20KT 10SM SCT046 SCT050 27/18 A2973 RMK AO1,null
UTA,2011-04-26 21:35,-90.3467,34.6811,59.00,78.80,68.00,69.52,170.00,11.00,null,29.56,null,10.00,15.00,SCT,SCT,SCT,   ,4400.00,5000.00,12000.00,null,null,null,null,null,null,null,null,81.10,KUTA 262135Z AUTO 17011G15KT 10SM SCT044 SCT050 SCT120 26/20 A2956 RMK AO2 LTG DSNT NW,null
MYT,2011-04-26 21:35,-89.6150,28.2206,0.00,78.80,73.40,83.55,180.00,14.00,null,29.72,null,1.50,null,CLR,   ,   ,   ,null,null,null,null,HZ,null,null,null,null,null,null,82.03,KMYT 262135Z AUTO 18014KT 1 1/2SM HZ CLR 26/23 A2972 RMK A01,null
MIS,2011-04-26 21:35,-88.8420,29.2960,32.00,86.00,73.40,66.15,220.00,13.00,null,29.77,null,2.00,20.00,CLR,   ,   ,   ,null,null,null,null,HZ,null,null,null,null,null,null,93.45,KMIS 262135Z AUTO 22013G20KT 2SM HZ CLR 30/23 A2977 RMK A01,null
M16,2011-04-26 21:35,-90.4105,32.3045,75.30,82.40,66.20,58.08,170.00,15.00,null,29.63,null,10.00,23.00,FEW,   ,   ,   ,4500.00,null,null,null,null,null,null,null,null,null,null,84.63,KM16 262135Z AUTO 17015G23KT 10SM FEW045 28/19 A2963 RMK AO2,null
HEZ,2011-04-26 21:35,-91.2973,31.6137,83.00,84.20,66.20,54.80,180.00,19.00,null,29.61,null,10.00,27.00,CLR,   ,   ,   ,null,null,null,null,null,null,null,null,null,null,null,86.50,KHEZ 262135Z AUTO 18019G27KT 10SM CLR 29/19 A2961 RMK AO1,null
DLP,2011-04-26 21:35,-89.5472,29.1214,0.00,82.40,73.40,74.28,150.00,19.00,null,29.73,null,8.00,24.00,CLR,   ,   ,   ,null,null,null,null,null,null,null,null,null,null,null,88.26,KDLP 262135Z AUTO 15019G24KT 8SM CLR 28/23 A2973 RMK A01,null
GTR,2011-04-26 21:45,-88.5914,33.4503,80.00,80.60,66.20,61.58,170.00,15.00,null,29.69,null,10.00,null,SCT,   ,   ,   ,5000.00,null,null,null,null,null,null,null,null,null,null,82.75,KGTR 262145Z 17015KT 10SM SCT050 27/19 A2969,null
OLV,2011-04-26 21:45,-89.7869,34.9787,122.50,77.00,68.00,73.78,190.00,11.00,null,29.60,null,9.00,15.00,FEW,SCT,BKN,   ,3900.00,4800.00,6000.00,null,null,null,null,null,null,null,null,77.00,KOLV 262145Z 19011G15KT 9SM FEW039 SCT048 BKN060 25/20 A2960,null
HSA,2011-04-26 21:50,-89.4546,30.3678,7.00,80.60,78.80,94.27,160.00,15.00,null,29.73,null,10.00,20.00,SCT,BKN,   ,   ,2100.00,3000.00,null,null,null,null,null,null,null,null,null,89.33,KHSA 262150Z 16015G20KT 10SM SCT021 BKN030 27/26 A2973,null
HBG,2011-04-26 21:53,-89.2529,31.2649,46.00,83.00,66.00,56.72,170.00,17.00,null,29.72,1006.10,10.00,25.00,FEW,SCT,SCT,   ,3700.00,5000.00,6500.00,null,null,null,null,null,null,null,null,85.12,KHBG 262153Z AUTO 17017G25KT 10SM FEW037 SCT050 SCT065 28/19 A2972 RMK AO2 SLP061 T02830189 TSNO,null
GWO,2011-04-26 21:53,-90.0847,33.4943,47.00,84.00,65.00,52.75,160.00,21.00,null,29.57,1001.10,10.00,27.00,FEW,   ,   ,   ,4900.00,null,null,null,null,null,null,null,27.00,170.00,2011-04-26 21:51,85.76,KGWO 262153Z AUTO 16021G27KT 10SM FEW049 29/18 A2957 RMK AO2 PK WND 17027/2151 SLP011 T02890183,null
GPT,2011-04-26 21:53,-89.0701,30.4073,9.00,81.00,72.00,74.15,160.00,14.00,null,29.75,1007.30,10.00,21.00,SCT,BKN,   ,   ,2000.00,2700.00,null,null,null,null,null,null,null,null,null,85.27,KGPT 262153Z 16014G21KT 10SM SCT020 BKN027 27/22 A2975 RMK AO2 SLP073 T02720222,null
PQL,2011-04-26 21:53,-88.5319,30.4636,5.00,79.00,71.00,76.74,160.00,11.00,null,29.77,1008.30,10.00,19.00,FEW,SCT,BKN,   ,1900.00,2400.00,2800.00,null,null,null,null,null,null,null,null,81.90,KPQL 262153Z 16011G19KT 10SM FEW019 SCT024 BKN028 26/22 A2977 RMK AO2 SLP083 T02610217,null
HKS,2011-04-26 21:53,-90.2225,32.3348,104.00,83.00,65.00,54.63,150.00,16.00,null,29.63,1002.40,10.00,26.00,FEW,   ,   ,   ,4500.00,null,null,null,null,null,null,null,28.00,160.00,2011-04-26 21:28,84.70,KHKS 262153Z AUTO 15016G26KT 10SM FEW045 28/18 A2963 RMK AO2 PK WND 16028/2128 SLP024 T02830183 TSNO,null
MCB,2011-04-26 21:53,-90.4700,31.1800,126.00,82.00,69.00,64.90,160.00,21.00,null,29.67,1003.90,10.00,27.00,FEW,SCT,SCT,   ,3300.00,4800.00,6000.00,null,null,null,null,null,28.00,160.00,2011-04-26 21:18,85.43,KMCB 262153Z AUTO 16021G27KT 10SM FEW033 SCT048 SCT060 28/21 A2967 RMK AO2 PK WND 16028/2118 SLP039 T02780206,null
GLH,2011-04-26 21:53,-90.9856,33.4829,40.00,79.00,65.00,62.16,180.00,17.00,null,29.52,1000.20,10.00,27.00,SCT,SCT,   ,   ,6000.00,8500.00,null,null,null,null,null,null,27.00,180.00,2011-04-26 21:49,80.82,KGLH 262153Z AUTO 18017G27KT 10SM SCT060 SCT085 26/18 A2952 RMK AO2 PK WND 18027/2149 SLP002 T02610183,null
TUP,2011-04-26 21:53,-88.7711,34.2608,110.00,81.00,64.00,56.45,190.00,13.00,null,29.64,1003.40,10.00,null,FEW,BKN,   ,   ,5000.00,7000.00,null,null,null,null,null,null,null,null,null,82.52,KTUP 262153Z 19013KT 10SM FEW050 BKN070 27/18 A2964 RMK AO2 PRESFR SLP034 T02720178,null
JAN,2011-04-26 21:54,-90.0800,32.3200,101.00,82.00,65.00,56.24,160.00,13.00,null,29.64,1003.10,10.00,20.00,SCT,   ,   ,   ,4600.00,null,null,null,null,null,null,null,27.00,150.00,2011-04-26 20:59,83.82,KJAN 262154Z 16013G20KT 140V200 10SM SCT046 28/18 A2964 RMK AO2 PK WND 15027/2059 SLP031 T02780183,null
1R7,2011-04-26 21:55,-90.4093,31.6058,149.00,82.40,69.80,65.74,160.00,15.00,null,29.67,null,8.00,21.00,SCT,SCT,BKN,   ,4100.00,4800.00,5000.00,null,null,null,null,null,null,null,null,86.22,K1R7 262155Z AUTO 16015G21KT 8SM SCT041 SCT048 BKN050 28/21 A2967 RMK AO2,null
CBM,2011-04-26 21:55,-88.4438,33.6438,67.00,81.86,65.12,56.93,180.00,14.00,null,29.68,1005.10,10.00,18.00,FEW,   ,   ,   ,6000.00,null,null,null,null,null,null,null,null,null,null,83.70,KCBM 262155Z COR 18014G18KT 10SM FEW060 28/18 A2968 RMK AO2A CLDS LWR RWY31C SLP051 T02770184 COR 2258 $,null
MIS,2011-04-26 21:55,-88.8420,29.2960,32.00,86.00,73.40,66.15,220.00,15.00,null,29.76,null,2.00,null,CLR,   ,   ,   ,null,null,null,null,HZ,null,null,null,null,null,null,93.45,KMIS 262155Z AUTO 22015KT 2SM HZ CLR 30/23 A2976 RMK A01,null
HEZ,2011-04-26 21:55,-91.2973,31.6137,83.00,84.20,66.20,54.80,180.00,15.00,null,29.60,null,10.00,27.00,CLR,   ,   ,   ,null,null,null,null,null,null,null,null,null,null,null,86.50,KHEZ 262155Z AUTO 18015G27KT 10SM CLR 29/19 A2960 RMK AO1,null
CKM,2011-04-26 21:55,-90.5123,34.2997,52.70,80.60,68.00,65.54,140.00,8.00,null,29.54,null,10.00,null,SCT,   ,   ,   ,6500.00,null,null,null,null,null,null,null,null,null,null,83.29,KCKM 262155Z AUTO 14008KT 10SM SCT065 27/20 A2954 RMK AO1,null
BIX,2011-04-26 21:55,-88.9244,30.4104,10.00,81.68,73.76,76.96,170.00,11.00,null,29.76,1007.90,10.00,19.00,BKN,   ,   ,   ,1800.00,null,null,null,null,null,null,null,null,null,null,87.32,KBIX 262155Z 17011G19KT 10SM BKN018 28/23 A2976 RMK AO2A BKN V SCT SLP079 T02760232,null
CRX,2011-04-26 21:55,-88.6035,34.9150,129.00,80.60,64.40,57.84,170.00,12.00,null,29.66,null,10.00,20.00,FEW,FEW,   ,   ,4800.00,6000.00,null,null,null,null,null,null,null,null,null,82.27,KCRX 262155Z AUTO 17012G20KT 10SM FEW048 FEW060 27/18 A2966 RMK AO2,null
UTA,2011-04-26 21:55,-90.3467,34.6811,59.00,78.80,68.00,69.52,160.00,10.00,null,29.54,null,10.00,null,SCT,SCT,   ,   ,4100.00,5000.00,null,null,null,null,null,null,null,null,null,81.10,KUTA 262155Z AUTO 16010KT 10SM SCT041 SCT050 26/20 A2954 RMK AO2 LTG DSNT W,null
DLP,2011-04-26 21:55,-89.5472,29.1214,0.00,82.40,75.20,78.90,150.00,18.00,null,29.72,null,7.00,25.00,CLR,   ,   ,   ,null,null,null,null,null,null,null,null,null,null,null,89.48,KDLP 262155Z AUTO 15018G25KT 7SM CLR 28/24 A2972 RMK A01,null
PIB,2011-04-26 21:55,-89.3371,31.4671,91.00,80.60,64.40,57.84,180.00,13.00,null,29.72,null,10.00,23.00,FEW,BKN,   ,   ,4700.00,6000.00,null,null,null,null,null,null,null,null,null,82.27,KPIB 262155Z AUTO 18013G23KT 10SM FEW047 BKN060 27/18 A2972 RMK AO1,null
MYT,2011-04-26 21:55,-89.6150,28.2206,0.00,78.80,73.40,83.55,180.00,15.00,null,29.72,null,1.50,null,CLR,   ,   ,   ,null,null,null,null,HZ,null,null,null,null,null,null,82.03,KMYT 262155Z AUTO 18015KT 1 1/2SM HZ CLR 26/23 A2972 RMK A01,null
M16,2011-04-26 21:55,-90.4105,32.3045,75.30,82.40,66.20,58.08,160.00,14.00,null,29.61,null,10.00,27.00,CLR,   ,   ,   ,null,null,null,null,null,null,null,null,null,null,null,84.63,KM16 262155Z AUTO 16014G27KT 020V020 10SM CLR 28/19 A2961 RMK AO2,null
UOX,2011-04-26 21:55,-89.5368,34.3843,137.80,78.80,64.40,61.36,null,null,null,29.61,null,10.00,null,FEW,BKN,   ,   ,4400.00,5000.00,null,null,VCTS,null,null,null,null,null,null,78.80,KUOX 262155Z AUTO 00000KT 10SM VCTS FEW044 BKN050 26/18 A2961 RMK AO2 LTG DSNT W,null
NMM,2011-04-26 21:56,-88.5556,32.5521,97.00,82.00,63.00,52.47,180.00,9.00,null,29.72,1006.90,10.00,17.00,SCT,   ,   ,   ,4500.00,null,null,null,null,null,null,null,null,null,null,83.19,KNMM 262156Z 18009G17KT 10SM SCT045 28/17 A2972 RMK AO2 SLP069 T02780172,null
MEI,2011-04-26 21:58,-88.7511,32.3347,94.00,80.00,65.00,59.99,170.00,16.00,null,29.71,1005.70,10.00,21.00,FEW,SCT,   ,   ,4700.00,5500.00,null,null,null,null,null,null,null,null,null,81.88,KMEI 262158Z 17016G21KT 10SM FEW047 SCT055 27/18 A2971 RMK AO2 SLP057 T02670183,null
PQL,2011-04-26 22:02,-88.5319,30.4636,5.00,78.80,71.60,78.62,160.00,12.00,null,29.77,null,10.00,18.00,SCT,SCT,BKN,   ,1900.00,2400.00,3100.00,null,null,null,null,null,null,null,null,81.70,KPQL 262202Z 16012G18KT 10SM SCT019 SCT024 BKN031 26/22 A2977 RMK AO2,null
MYT,2011-04-26 22:15,-89.6150,28.2206,0.00,78.80,73.40,83.55,180.00,14.00,null,29.71,null,1.50,null,CLR,   ,   ,   ,null,null,null,null,HZ,null,null,null,null,null,null,82.03,KMYT 262215Z AUTO 18014KT 1 1/2SM HZ CLR 26/23 A2971 RMK A01,null
CKM,2011-04-26 22:15,-90.5123,34.2997,52.70,78.80,66.20,65.33,140.00,10.00,null,29.52,null,10.00,null,FEW,   ,   ,   ,8000.00,null,null,null,null,null,null,null,null,null,null,80.82,KCKM 262215Z AUTO 14010KT 10SM FEW080 26/19 A2952 RMK AO1,null
CRX,2011-04-26 22:15,-88.6035,34.9150,129.00,80.60,64.40,57.84,170.00,11.00,null,29.64,null,10.00,null,FEW,   ,   ,   ,6000.00,null,null,null,null,null,null,null,null,null,null,82.27,KCRX 262215Z AUTO 17011KT 10SM FEW060 27/18 A2964 RMK AO2,null
MIS,2011-04-26 22:15,-88.8420,29.2960,32.00,84.20,75.20,74.44,220.00,16.00,null,29.75,null,2.00,null,CLR,   ,   ,   ,null,null,null,null,HZ,null,null,null,null,null,null,92.45,KMIS 262215Z AUTO 22016KT 2SM HZ CLR 29/24 A2975 RMK A01,null
M16,2011-04-26 22:15,-90.4105,32.3045,75.30,82.40,68.00,61.81,150.00,11.00,null,29.60,null,10.00,19.00,FEW,FEW,   ,   ,4200.00,5000.00,null,null,null,null,null,null,null,null,null,85.38,KM16 262215Z AUTO 15011G19KT 10SM FEW042 FEW050 28/20 A2960 RMK AO2,null
UTA,2011-04-26 22:15,-90.3467,34.6811,59.00,77.00,66.20,69.33,150.00,11.00,null,29.53,null,10.00,null,SCT,   ,   ,   ,6500.00,null,null,null,null,null,null,null,null,null,null,77.00,KUTA 262215Z AUTO 15011KT 10SM SCT065 25/19 A2953 RMK AO2 LTG DSNT W AND NW,null
PIB,2011-04-26 22:15,-89.3371,31.4671,91.00,82.40,66.20,58.08,180.00,12.00,null,29.71,null,10.00,21.00,SCT,BKN,   ,   ,3600.00,6000.00,null,null,null,null,null,null,null,null,null,84.63,KPIB 262215Z AUTO 18012G21KT 10SM SCT036 BKN060 28/19 A2971 RMK AO1,null
DLP,2011-04-26 22:15,-89.5472,29.1214,0.00,82.40,73.40,74.28,160.00,21.00,null,29.72,null,8.00,27.00,CLR,   ,   ,   ,null,null,null,null,null,null,null,null,null,null,null,88.26,KDLP 262215Z AUTO 16021G27KT 8SM CLR 28/23 A2972 RMK A01,null
UOX,2011-04-26 22:15,-89.5368,34.3843,137.80,77.00,62.60,61.13,170.00,4.00,null,29.61,null,10.00,null,SCT,BKN,   ,   ,5000.00,6500.00,null,null,null,null,null,null,null,null,null,77.00,KUOX 262215Z AUTO 17004KT 10SM SCT050 BKN065 25/17 A2961 RMK AO2,null
1R7,2011-04-26 22:15,-90.4093,31.6058,149.00,82.40,69.80,65.74,150.00,16.00,null,29.66,null,7.00,20.00,FEW,   ,   ,   ,5000.00,null,null,null,null,null,null,null,null,null,null,86.22,K1R7 262215Z AUTO 15016G20KT 7SM FEW050 28/21 A2966 RMK AO2,null
HEZ,2011-04-26 22:15,-91.2973,31.6137,83.00,84.20,68.00,58.32,190.00,11.00,null,29.59,null,10.00,15.00,FEW,   ,   ,   ,5000.00,null,null,null,null,null,null,null,null,null,null,87.40,KHEZ 262215Z AUTO 19011G15KT 10SM FEW050 29/20 A2959 RMK AO1,null
PQL,2011-04-26 22:17,-88.5319,30.4636,5.00,78.80,71.60,78.62,160.00,11.00,null,29.77,null,10.00,15.00,BKN,BKN,BKN,   ,1700.00,2300.00,3300.00,null,null,null,null,null,null,null,null,81.70,KPQL 262217Z 16011G15KT 10SM BKN017 BKN023 BKN033 26/22 A2977 RMK AO2,null
CRX,2011-04-26 22:35,-88.6035,34.9150,129.00,77.00,64.40,65.12,190.00,9.00,null,29.64,null,10.00,17.00,FEW,   ,   ,   ,6000.00,null,null,null,null,null,null,null,null,null,null,77.00,KCRX 262235Z AUTO 19009G17KT 10SM FEW060 25/18 A2964 RMK AO2,null
MIS,2011-04-26 22:35,-88.8420,29.2960,32.00,84.20,75.20,74.44,220.00,14.00,null,29.75,null,2.00,20.00,CLR,   ,   ,   ,null,null,null,null,HZ,null,null,null,null,null,null,92.45,KMIS 262235Z AUTO 22014G20KT 2SM HZ CLR 29/24 A2975 RMK A01,null
MYT,2011-04-26 22:35,-89.6150,28.2206,0.00,78.80,73.40,83.55,170.00,13.00,null,29.71,null,1.50,19.00,CLR,   ,   ,   ,null,null,null,null,HZ,null,null,null,null,null,null,82.03,KMYT 262235Z AUTO 17013G19KT 1 1/2SM HZ CLR 26/23 A2971 RMK A01,null
1R7,2011-04-26 22:35,-90.4093,31.6058,149.00,82.40,68.00,61.81,150.00,14.00,null,29.64,null,7.00,27.00,CLR,   ,   ,   ,null,null,null,null,null,null,null,null,null,null,null,85.38,K1R7 262235Z AUTO 15014G27KT 7SM CLR 28/20 A2964 RMK AO2,null
M16,2011-04-26 22:35,-90.4105,32.3045,75.30,82.40,66.20,58.08,170.00,16.00,null,29.60,null,10.00,23.00,FEW,   ,   ,   ,5000.00,null,null,null,null,null,null,null,null,null,null,84.63,KM16 262235Z AUTO 17016G23KT 10SM FEW050 28/19 A2960 RMK AO2,null
DLP,2011-04-26 22:35,-89.5472,29.1214,0.00,80.60,73.40,78.76,160.00,21.00,null,29.71,null,8.00,27.00,CLR,   ,   ,   ,null,null,null,null,null,null,null,null,null,null,null,85.32,KDLP 262235Z AUTO 16021G27KT 8SM CLR 27/23 A2971 RMK A01,null
UOX,2011-04-26 22:35,-89.5368,34.3843,137.80,77.00,62.60,61.13,null,null,null,29.60,null,10.00,null,BKN,BKN,   ,   ,5000.00,6500.00,null,null,null,null,null,null,null,null,null,77.00,KUOX 262235Z AUTO 00000KT 10SM BKN050 BKN065 25/17 A2960 RMK AO2 LTG DSNT SW-NW,null
HEZ,2011-04-26 22:35,-91.2973,31.6137,83.00,84.20,66.20,54.80,170.00,18.00,null,29.58,null,10.00,26.00,FEW,   ,   ,   ,5000.00,null,null,null,null,null,null,null,null,null,null,86.50,KHEZ 262235Z AUTO 17018G26KT 10SM FEW050 29/19 A2958 RMK AO1,null
PIB,2011-04-26 22:35,-89.3371,31.4671,91.00,82.40,66.20,58.08,170.00,14.00,null,29.70,null,10.00,18.00,BKN,   ,   ,   ,3600.00,null,null,null,null,null,null,null,null,null,null,84.63,KPIB 262235Z AUTO 17014G18KT 10SM BKN036 28/19 A2970 RMK AO1,null
OLV,2011-04-26 22:50,-89.7869,34.9787,122.50,71.60,71.60,100.00,150.00,5.00,null,29.55,null,7.00,null,FEW,BKN,   ,   ,2000.00,4700.00,null,null,-TSRA,null,null,null,null,null,null,73.16,KOLV 262250Z 15005KT 7SM -TSRA FEW020 BKN047 22/22 A2955 RMK OCNL LTGICCCCG TS N MOVG N,null
HBG,2011-04-26 22:53,-89.2529,31.2649,46.00,82.00,67.00,60.25,160.00,18.00,null,29.69,1005.00,10.00,26.00,SCT,   ,   ,   ,3400.00,null,null,null,null,null,null,null,26.00,170.00,2011-04-26 22:51,84.53,KHBG 262253Z AUTO 16018G26KT 10SM SCT034 28/19 A2969 RMK AO2 PK WND 17026/2251 SLP050 T02780194 TSNO,null
PQL,2011-04-26 22:53,-88.5319,30.4636,5.00,78.00,72.00,81.50,160.00,9.00,null,29.75,1007.70,10.00,16.00,FEW,BKN,OVC,   ,1300.00,1800.00,3400.00,null,null,null,null,null,null,null,null,80.49,KPQL 262253Z 16009G16KT 10SM FEW013 BKN018 OVC034 26/22 A2975 RMK AO2 SLP077 T02560222,null
GLH,2011-04-26 22:53,-90.9856,33.4829,40.00,79.00,65.00,62.16,160.00,18.00,null,29.48,998.70,10.00,28.00,BKN,   ,   ,   ,6000.00,null,null,null,null,null,null,null,29.00,180.00,2011-04-26 22:28,80.82,KGLH 262253Z AUTO 16018G28KT 10SM BKN060 26/18 A2948 RMK AO2 PK WND 18029/2228 SLP987 T02610183,null
TUP,2011-04-26 22:53,-88.7711,34.2608,110.00,79.00,64.00,60.23,200.00,11.00,null,29.63,1003.00,10.00,17.00,BKN,   ,   ,   ,6500.00,null,null,null,null,null,null,null,null,null,null,80.68,KTUP 262253Z 20011G17KT 10SM BKN065 26/18 A2963 RMK AO2 SLP030 T02610178,null
MCB,2011-04-26 22:53,-90.4700,31.1800,126.00,81.00,69.00,67.22,170.00,16.00,null,29.63,1003.00,10.00,26.00,FEW,   ,   ,   ,3200.00,null,null,null,null,null,null,null,26.00,160.00,2011-04-26 22:45,84.10,KMCB 262253Z AUTO 17016G26KT 10SM FEW032 27/21 A2963 RMK AO2 PK WND 16026/2245 SLP030 T02720206,null
HKS,2011-04-26 22:53,-90.2225,32.3348,104.00,82.00,66.00,58.40,170.00,17.00,null,29.61,1001.80,10.00,25.00,FEW,   ,   ,   ,5500.00,null,null,null,null,null,null,null,29.00,160.00,2011-04-26 22:26,84.19,KHKS 262253Z AUTO 17017G25KT 10SM FEW055 28/19 A2961 RMK AO2 PK WND 16029/2226 SLP018 T02780189 TSNO,null
GWO,2011-04-26 22:53,-90.0847,33.4943,47.00,79.00,64.00,60.23,170.00,16.00,null,29.57,1001.00,10.00,24.00,FEW,   ,   ,   ,4800.00,null,null,null,null,null,null,null,28.00,170.00,2011-04-26 22:32,80.68,KGWO 262253Z AUTO 17016G24KT 10SM FEW048 26/18 A2957 RMK AO2 PK WND 17028/2232 SLP010 T02610178,null
GPT,2011-04-26 22:53,-89.0701,30.4073,9.00,80.00,72.00,76.36,150.00,15.00,null,29.73,1006.60,10.00,19.00,SCT,BKN,   ,   ,2200.00,2700.00,null,null,null,null,null,null,null,null,null,83.87,KGPT 262253Z 15015G19KT 10SM SCT022 BKN027 27/22 A2973 RMK AO2 SLP066 T02670222,null
JAN,2011-04-26 22:54,-90.0800,32.3200,101.00,81.00,67.00,62.40,160.00,13.00,null,29.61,1002.30,10.00,20.00,SCT,   ,   ,   ,4600.00,null,null,null,null,null,null,null,null,null,null,83.36,KJAN 262254Z 16013G20KT 10SM SCT046 27/19 A2961 RMK AO2 SLP023 T02720194,null
1R7,2011-04-26 22:55,-90.4093,31.6058,149.00,80.60,69.80,69.71,150.00,11.00,null,29.64,null,7.00,21.00,SCT,SCT,   ,   ,3300.00,6000.00,null,null,null,null,null,null,null,null,null,83.90,K1R7 262255Z AUTO 15011G21KT 7SM SCT033 SCT060 27/21 A2964 RMK AO2,null
UTA,2011-04-26 22:55,-90.3467,34.6811,59.00,77.00,66.20,69.33,130.00,11.00,null,29.48,null,10.00,null,CLR,   ,   ,   ,null,null,null,null,VCTS,null,null,null,null,null,null,77.00,KUTA 262255Z AUTO 13011KT 10SM VCTS CLR 25/19 A2948 RMK AO2 LTG DSNT ALQS,null
HSA,2011-04-26 22:55,-89.4546,30.3678,7.00,78.80,78.80,100.00,160.00,15.00,null,29.71,null,7.00,24.00,BKN,BKN,   ,   ,1700.00,2500.00,null,null,null,null,null,null,null,null,null,83.15,KHSA 262255Z 16015G24KT 7SM BKN017 BKN025 26/26 A2971,null
CBM,2011-04-26 22:55,-88.4438,33.6438,67.00,80.60,66.20,61.58,0.00,null,null,null,null,null,null,FEW,   ,   ,   ,4200.00,null,null,null,null,null,null,null,null,null,null,82.75,KCBM 262255Z AUTO FEW042 27/19 RMK AO2 SLPNO RVRNO $,null
M16,2011-04-26 22:55,-90.4105,32.3045,75.30,82.40,66.20,58.08,160.00,9.00,null,29.59,null,10.00,21.00,FEW,   ,   ,   ,5000.00,null,null,null,null,null,null,null,null,null,null,84.63,KM16 262255Z AUTO 16009G21KT 010V020 10SM FEW050 28/19 A2959 RMK AO2,null
CKM,2011-04-26 22:55,-90.5123,34.2997,52.70,77.00,66.20,69.33,130.00,12.00,null,29.45,null,10.00,null,SCT,BKN,   ,   ,6500.00,9000.00,null,null,null,null,null,null,null,null,null,77.00,KCKM 262255Z AUTO 13012KT 10SM SCT065 BKN090 25/19 A2945 RMK AO1,null
PIB,2011-04-26 22:55,-89.3371,31.4671,91.00,80.60,66.20,61.58,160.00,18.00,null,29.69,null,10.00,23.00,SCT,BKN,   ,   ,3600.00,4400.00,null,null,null,null,null,null,null,null,null,82.75,KPIB 262255Z AUTO 16018G23KT 10SM SCT036 BKN044 27/19 A2969 RMK AO1,null
MIS,2011-04-26 22:55,-88.8420,29.2960,32.00,84.20,75.20,74.44,220.00,14.00,null,29.74,null,2.00,20.00,CLR,   ,   ,   ,null,null,null,null,HZ,null,null,null,null,null,null,92.45,KMIS 262255Z AUTO 22014G20KT 2SM HZ CLR 29/24 A2974 RMK A01,null
HEZ,2011-04-26 22:55,-91.2973,31.6137,83.00,82.40,68.00,61.81,170.00,15.00,null,29.55,null,10.00,21.00,CLR,   ,   ,   ,null,null,null,null,null,null,null,null,null,null,null,85.38,KHEZ 262255Z AUTO 17015G21KT 10SM CLR 28/20 A2955 RMK AO1,null
BIX,2011-04-26 22:55,-88.9244,30.4104,10.00,79.88,74.12,82.61,170.00,12.00,null,29.74,1007.10,10.00,18.00,SCT,BKN,   ,   ,1700.00,2400.00,null,null,null,null,null,null,null,null,null,84.31,KBIX 262255Z 17012G18KT 10SM SCT017 BKN024 27/23 A2974 RMK AO2A CIG 023V028 SLP071 T02660234,null
DLP,2011-04-26 22:55,-89.5472,29.1214,0.00,80.60,73.40,78.76,160.00,24.00,null,29.70,null,7.00,null,CLR,   ,   ,   ,null,null,null,null,null,null,null,null,null,null,null,85.32,KDLP 262255Z AUTO 16024KT 7SM CLR 27/23 A2970 RMK A01,null
UOX,2011-04-26 22:55,-89.5368,34.3843,137.80,75.20,62.60,64.91,null,null,null,29.58,null,10.00,null,FEW,   ,   ,   ,5000.00,null,null,null,null,null,null,null,null,null,null,75.20,KUOX 262255Z AUTO 00000KT 10SM FEW050 24/17 A2958 RMK AO2 LTG DSNT W,null
CRX,2011-04-26 22:55,-88.6035,34.9150,129.00,77.00,64.40,65.12,160.00,12.00,null,29.63,null,10.00,17.00,FEW,FEW,   ,   ,4500.00,6000.00,null,null,null,null,null,null,null,null,null,77.00,KCRX 262255Z AUTO 16012G17KT 10SM FEW045 FEW060 25/18 A2963 RMK AO2,null
MYT,2011-04-26 22:55,-89.6150,28.2206,0.00,78.80,73.40,83.55,170.00,14.00,null,29.70,null,1.50,null,CLR,   ,   ,   ,null,null,null,null,HZ,null,null,null,null,null,null,82.03,KMYT 262255Z AUTO 17014KT 1 1/2SM HZ CLR 26/23 A2970 RMK A01,null
NMM,2011-04-26 22:56,-88.5556,32.5521,97.00,81.00,65.00,58.25,0.00,6.00,null,29.68,1005.50,10.00,15.00,FEW,   ,   ,   ,4500.00,null,null,null,null,null,null,null,null,null,null,82.76,KNMM 262256Z VRB06G15KT 10SM FEW045 27/18 A2968 RMK AO2 SLP055 T02720183,null
MEI,2011-04-26 22:58,-88.7511,32.3347,94.00,79.00,67.00,66.58,170.00,10.00,null,29.67,1004.40,10.00,18.00,BKN,   ,   ,   ,4700.00,null,null,null,null,null,null,null,null,null,null,81.14,KMEI 262258Z 17010G18KT 10SM BKN047 26/19 A2967 RMK AO2 SLP044 T02610194,null
PIB,2011-04-26 23:15,-89.3371,31.4671,91.00,78.80,64.40,61.36,170.00,14.00,null,29.68,null,10.00,25.00,FEW,SCT,   ,   ,4400.00,5000.00,null,null,null,null,null,null,null,null,null,80.56,KPIB 262315Z AUTO 17014G25KT 10SM FEW044 SCT050 26/18 A2968 RMK AO1,null
UTA,2011-04-26 23:15,-90.3467,34.6811,59.00,73.40,68.00,83.21,110.00,9.00,null,29.49,null,10.00,null,SCT,SCT,BKN,   ,600.00,1400.00,2700.00,null,-TSRA,null,null,null,null,null,null,73.40,KUTA 262315Z AUTO 11009KT 10SM -TSRA SCT006 SCT014 BKN027 23/20 A2949 RMK AO2 LTG DSNT ALQS,null
1R7,2011-04-26 23:15,-90.4093,31.6058,149.00,80.60,69.80,69.71,150.00,13.00,null,29.62,null,7.00,20.00,FEW,SCT,   ,   ,3300.00,4500.00,null,null,null,null,null,null,null,null,null,83.90,K1R7 262315Z AUTO 15013G20KT 7SM FEW033 SCT045 27/21 A2962 RMK AO2,null
CRX,2011-04-26 23:15,-88.6035,34.9150,129.00,77.00,64.40,65.12,160.00,10.00,null,29.62,null,10.00,null,FEW,   ,   ,   ,4500.00,null,null,null,null,null,null,null,null,null,null,77.00,KCRX 262315Z AUTO 16010KT 10SM FEW045 25/18 A2962 RMK AO2,null
MIS,2011-04-26 23:15,-88.8420,29.2960,32.00,84.20,75.20,74.44,220.00,12.00,null,29.74,null,2.00,18.00,CLR,   ,   ,   ,null,null,null,null,HZ,null,null,null,null,null,null,92.45,KMIS 262315Z AUTO 22012G18KT 2SM HZ CLR 29/24 A2974 RMK A01,null
M16,2011-04-26 23:15,-90.4105,32.3045,75.30,80.60,68.00,65.54,160.00,10.00,null,29.58,null,10.00,22.00,FEW,FEW,   ,   ,4400.00,6000.00,null,null,null,null,null,null,null,null,null,83.29,KM16 262315Z AUTO 16010G22KT 10SM FEW044 FEW060 27/20 A2958 RMK AO2,null
HEZ,2011-04-26 23:15,-91.2973,31.6137,83.00,82.40,66.20,58.08,170.00,13.00,null,29.55,null,10.00,21.00,CLR,   ,   ,   ,null,null,null,null,null,null,null,null,null,null,null,84.63,KHEZ 262315Z AUTO 17013G21KT 10SM CLR 28/19 A2955 RMK AO1,null
DLP,2011-04-26 23:15,-89.5472,29.1214,0.00,80.60,73.40,78.76,150.00,22.00,null,29.69,null,6.00,28.00,CLR,   ,   ,   ,null,null,null,null,HZ,null,null,null,null,null,null,85.32,KDLP 262315Z AUTO 15022G28KT 6SM HZ CLR 27/23 A2969 RMK A01,null
CKM,2011-04-26 23:15,-90.5123,34.2997,52.70,77.00,66.20,69.33,120.00,22.00,null,29.41,null,8.00,27.00,FEW,BKN,   ,   ,5500.00,6500.00,null,null,null,null,null,null,null,null,null,77.00,KCKM 262315Z AUTO 12022G27KT 8SM FEW055 BKN065 25/19 A2941 RMK AO1,null
UOX,2011-04-26 23:15,-89.5368,34.3843,137.80,75.20,62.60,64.91,150.00,4.00,null,29.56,null,10.00,null,CLR,   ,   ,   ,null,null,null,null,null,null,null,null,null,null,null,75.20,KUOX 262315Z AUTO 15004KT 10SM CLR 24/17 A2956 RMK AO2 LTG DSNT W,null
MYT,2011-04-26 23:15,-89.6150,28.2206,0.00,78.80,73.40,83.55,170.00,13.00,null,29.69,null,1.50,19.00,CLR,   ,   ,   ,null,null,null,null,HZ,null,null,null,null,null,null,82.03,KMYT 262315Z AUTO 17013G19KT 1 1/2SM HZ CLR 26/23 A2969 RMK A01,null
1R7,2011-04-26 23:35,-90.4093,31.6058,149.00,80.60,69.80,69.71,140.00,11.00,null,29.62,null,7.00,17.00,CLR,   ,   ,   ,null,null,null,null,null,null,null,null,null,null,null,83.90,K1R7 262335Z AUTO 14011G17KT 7SM CLR 27/21 A2962 RMK AO2,null
PQL,2011-04-26 23:35,-88.5319,30.4636,5.00,77.00,71.60,83.44,150.00,13.00,null,29.72,null,10.00,18.00,BKN,BKN,OVC,   ,1400.00,1900.00,2600.00,null,null,null,null,null,null,null,null,78.32,KPQL 262335Z 15013G18KT 10SM BKN014 BKN019 OVC026 25/22 A2972 RMK AO2,null
DLP,2011-04-26 23:35,-89.5472,29.1214,0.00,80.60,73.40,78.76,160.00,24.00,null,29.68,null,8.00,null,CLR,   ,   ,   ,null,null,null,null,null,null,null,null,null,null,null,85.32,KDLP 262335Z AUTO 16024KT 8SM CLR 27/23 A2968 RMK A01,null
UOX,2011-04-26 23:35,-89.5368,34.3843,137.80,75.20,62.60,64.91,null,null,null,29.57,null,10.00,null,CLR,   ,   ,   ,null,null,null,null,null,null,null,null,null,null,null,75.20,KUOX 262335Z AUTO 00000KT 10SM CLR 24/17 A2957 RMK AO2 LTG DSNT N AND W,null
UTA,2011-04-26 23:35,-90.3467,34.6811,59.00,73.40,68.00,83.21,110.00,9.00,0.01,29.46,null,10.00,null,SCT,SCT,OVC,   ,600.00,1800.00,5000.00,null,-TSRA,null,null,null,null,null,null,73.40,KUTA 262335Z AUTO 11009KT 10SM -TSRA SCT006 SCT018 OVC050 23/20 A2946 RMK AO2 P0001 LTG DSNT ALQS,null
PIB,2011-04-26 23:35,-89.3371,31.4671,91.00,78.80,64.40,61.36,160.00,12.00,null,29.68,null,10.00,null,FEW,   ,   ,   ,3200.00,null,null,null,null,null,null,null,null,null,null,80.56,KPIB 262335Z AUTO 16012KT 10SM FEW032 26/18 A2968 RMK AO1,null
HEZ,2011-04-26 23:35,-91.2973,31.6137,83.00,80.60,68.00,65.54,170.00,12.00,null,29.55,null,10.00,16.00,FEW,SCT,   ,   ,4400.00,5000.00,null,null,null,null,null,null,null,null,null,83.29,KHEZ 262335Z AUTO 17012G16KT 130V190 10SM FEW044 SCT050 27/20 A2955 RMK AO1,null
MIS,2011-04-26 23:35,-88.8420,29.2960,32.00,84.20,75.20,74.44,220.00,14.00,null,29.73,null,2.00,null,CLR,   ,   ,   ,null,null,null,null,HZ,null,null,null,null,null,null,92.45,KMIS 262335Z AUTO 22014KT 2SM HZ CLR 29/24 A2973 RMK A01,null
M16,2011-04-26 23:35,-90.4105,32.3045,75.30,80.60,68.00,65.54,150.00,11.00,null,29.57,null,10.00,18.00,FEW,   ,   ,   ,6000.00,null,null,null,null,null,null,null,null,null,null,83.29,KM16 262335Z AUTO 15011G18KT 010V020 10SM FEW060 27/20 A2957 RMK AO2,null
CKM,2011-04-26 23:35,-90.5123,34.2997,52.70,77.00,66.20,69.33,160.00,17.00,null,29.46,null,10.00,34.00,FEW,SCT,BKN,   ,5000.00,6500.00,8000.00,null,null,null,null,null,null,null,null,77.00,KCKM 262335Z AUTO 16017G34KT 10SM FEW050 SCT065 BKN080 25/19 A2946 RMK AO1,null
MYT,2011-04-26 23:35,-89.6150,28.2206,0.00,78.80,73.40,83.55,170.00,14.00,null,29.69,null,1.25,null,CLR,   ,   ,   ,null,null,null,null,HZ,null,null,null,null,null,null,82.03,KMYT 262335Z AUTO 17014KT 1 1/4SM HZ CLR 26/23 A2969 RMK A01,null
CRX,2011-04-26 23:35,-88.6035,34.9150,129.00,75.20,64.40,69.14,140.00,8.00,null,29.61,null,10.00,null,SCT,   ,   ,   ,6000.00,null,null,null,null,null,null,null,null,null,null,75.20,KCRX 262335Z AUTO 14008KT 10SM SCT060 24/18 A2961 RMK AO2,null
GTR,2011-04-26 23:45,-88.5914,33.4503,80.00,78.80,64.40,61.36,160.00,12.00,null,29.64,null,10.00,20.00,BKN,   ,   ,   ,8000.00,null,null,null,null,null,null,null,null,null,null,80.56,KGTR 262345Z 16012G20KT 10SM BKN080 26/18 A2964,null
GWO,2011-04-26 23:53,-90.0847,33.4943,47.00,79.00,64.00,60.23,160.00,15.00,null,29.52,999.30,10.00,null,CLR,   ,   ,   ,null,null,null,null,null,null,null,null,28.00,170.00,2011-04-26 23:00,80.68,KGWO 262353Z AUTO 16015KT 10SM CLR 26/18 A2952 RMK AO2 PK WND 17028/2300 SLP993 T02610178 10294 20256 58033,null
TUP,2011-04-26 23:53,-88.7711,34.2608,110.00,78.00,63.00,59.74,180.00,9.00,null,29.60,1002.00,10.00,null,SCT,   ,   ,   ,5000.00,null,null,null,null,null,null,null,null,null,null,78.08,KTUP 262353Z 18009KT 10SM SCT050 26/17 A2960 RMK AO2 SLP020 T02560172 10278 20256 58021,null
HBG,2011-04-26 23:53,-89.2529,31.2649,46.00,79.00,67.00,66.58,160.00,14.00,null,29.67,1004.30,10.00,21.00,FEW,   ,   ,   ,3200.00,null,null,null,null,null,null,null,null,null,null,81.14,KHBG 262353Z AUTO 16014G21KT 10SM FEW032 26/19 A2967 RMK AO2 SLP043 T02610194 10294 20261 58024 TSNO,null
HKS,2011-04-26 23:53,-90.2225,32.3348,104.00,80.00,67.00,64.26,160.00,13.00,null,29.58,1000.90,10.00,23.00,CLR,   ,   ,   ,null,null,null,null,null,null,null,null,null,null,null,82.36,KHKS 262353Z AUTO 16013G23KT 10SM CLR 27/19 A2958 RMK AO2 SLP009 T02670194 10300 20267 56031 TSNO,null
MCB,2011-04-26 23:53,-90.4700,31.1800,126.00,79.00,68.00,69.11,170.00,15.00,null,29.62,1002.50,10.00,20.00,FEW,   ,   ,   ,3200.00,null,null,null,null,null,null,null,26.00,170.00,2011-04-26 23:15,81.32,KMCB 262353Z AUTO 17015G20KT 10SM FEW032 26/20 A2962 RMK AO2 PK WND 17026/2315 SLP025 T02610200 10289 20261 56021,null
GLH,2011-04-26 23:53,-90.9856,33.4829,40.00,79.00,66.00,64.54,170.00,20.00,null,29.46,998.30,10.00,24.00,BKN,   ,   ,   ,5500.00,null,null,null,null,null,null,null,28.00,170.00,2011-04-26 23:23,80.99,KGLH 262353Z AUTO 17020G24KT 10SM BKN055 26/19 A2946 RMK AO2 PK WND 17028/2323 SLP983 T02610189 10283 20261 56034,null
PQL,2011-04-26 23:53,-88.5319,30.4636,5.00,77.00,72.00,84.46,150.00,9.00,null,29.71,1006.30,10.00,18.00,BKN,OVC,   ,   ,1400.00,2100.00,null,null,null,null,null,null,null,null,null,78.37,KPQL 262353Z 15009G18KT 10SM BKN014 OVC021 25/22 A2971 RMK AO2 SLP063 60001 T02500222 10272 20244 58024,null
GPT,2011-04-26 23:53,-89.0701,30.4073,9.00,79.00,72.00,79.12,160.00,15.00,null,29.69,1005.30,10.00,20.00,SCT,OVC,   ,   ,1800.00,2300.00,null,null,null,null,null,null,null,null,null,82.08,KGPT 262353Z 16015G20KT 10SM SCT018 OVC023 26/22 A2969 RMK AO2 SLP053 T02610222 10283 20250 58025,null
JAN,2011-04-26 23:54,-90.0800,32.3200,101.00,80.00,67.00,64.26,160.00,14.00,null,29.59,1001.50,10.00,23.00,FEW,   ,   ,   ,4600.00,null,null,null,null,null,null,null,27.00,150.00,2011-04-26 23:15,82.36,KJAN 262354Z 16014G23KT 10SM FEW046 27/19 A2959 RMK AO2 PK WND 15027/2315 SLP015 T02670194 10294 20267 56028,null
HEZ,2011-04-26 23:55,-91.2973,31.6137,83.00,80.60,68.00,65.54,170.00,13.00,null,29.57,null,10.00,19.00,SCT,BKN,   ,   ,3900.00,4700.00,null,null,null,null,null,null,null,null,null,83.29,KHEZ 262355Z AUTO 17013G19KT 10SM SCT039 BKN047 27/20 A2957 RMK AO1 10290 20270 402900160 57020,null
DLP,2011-04-26 23:55,-89.5472,29.1214,0.00,80.60,73.40,78.76,160.00,25.00,null,29.67,null,7.00,null,CLR,   ,   ,   ,null,null,null,null,null,null,null,null,null,null,null,85.32,KDLP 262355Z AUTO 16025KT 7SM CLR 27/23 A2967 RMK A01,null
M16,2011-04-26 23:55,-90.4105,32.3045,75.30,78.80,68.00,69.52,150.00,10.00,null,29.57,null,10.00,19.00,CLR,   ,   ,   ,null,null,null,null,null,null,null,null,null,null,null,81.10,KM16 262355Z AUTO 15010G19KT 10SM CLR 26/20 A2957 RMK AO2,null
BIX,2011-04-26 23:55,-88.9244,30.4104,10.00,78.44,74.66,88.20,160.00,11.00,null,29.70,1005.90,10.00,19.00,BKN,BKN,   ,   ,1400.00,2000.00,null,null,null,null,null,null,null,null,null,81.49,KBIX 262355Z 16011G19KT 10SM BKN014 BKN020 26/24 A2970 RMK AO2A CIG 012V017 SLP059 T02580237 10283 20255 58025,null
PIB,2011-04-26 23:55,-89.3371,31.4671,91.00,78.80,64.40,61.36,170.00,13.00,null,29.67,null,10.00,23.00,FEW,   ,   ,   ,3200.00,null,null,null,null,null,null,null,null,null,null,80.56,KPIB 262355Z AUTO 17013G23KT 10SM FEW032 26/18 A2967 RMK AO1 10280 20250 402800180 57024,null
CKM,2011-04-26 23:55,-90.5123,34.2997,52.70,77.00,66.20,69.33,300.00,11.00,null,29.51,null,9.00,21.00,BKN,BKN,OVC,   ,4800.00,5500.00,8000.00,null,null,null,null,null,null,null,null,77.00,KCKM 262355Z AUTO 30011G21KT 150V070 9SM BKN048 BKN055 OVC080 25/19 A2951 RMK AO1,null
1R7,2011-04-26 23:55,-90.4093,31.6058,149.00,78.80,68.00,69.52,150.00,14.00,null,29.62,null,8.00,19.00,CLR,   ,   ,   ,null,null,null,null,null,null,null,null,null,null,null,81.10,K1R7 262355Z AUTO 15014G19KT 8SM CLR 26/20 A2962 RMK AO2,null
MYT,2011-04-26 23:55,-89.6150,28.2206,0.00,78.80,73.40,83.55,170.00,13.00,null,29.69,null,1.50,null,CLR,   ,   ,   ,null,null,null,null,HZ,null,null,null,null,null,null,82.03,KMYT 262355Z AUTO 17013KT 1 1/2SM HZ CLR 26/23 A2969 RMK A01,null
CRX,2011-04-26 23:55,-88.6035,34.9150,129.00,75.20,64.40,69.14,140.00,7.00,null,29.61,null,10.00,null,FEW,BKN,   ,   ,4400.00,6000.00,null,null,null,null,null,null,null,null,null,75.20,KCRX 262355Z AUTO 14007KT 10SM FEW044 BKN060 24/18 A2961 RMK AO2 LTG DSNT W AND NW,null
UTA,2011-04-26 23:55,-90.3467,34.6811,59.00,71.60,66.20,83.09,290.00,15.00,0.24,29.59,null,4.00,23.00,SCT,BKN,OVC,   ,1000.00,1500.00,5000.00,null,+TSRA,null,null,null,null,null,null,71.60,KUTA 262355Z AUTO 29015G23KT 4SM +TSRA SCT010 BKN015 OVC050 22/19 A2959 RMK AO2 P0024 LTG DSNT ALQS,null
HSA,2011-04-26 23:55,-89.4546,30.3678,7.00,77.00,77.00,100.00,150.00,15.00,null,29.67,null,7.00,20.00,BKN,BKN,   ,   ,1600.00,2500.00,null,null,null,null,null,null,null,null,null,77.00,KHSA 262355Z 15015G20KT 7SM BKN016 BKN025 25/25 A2967,null
UOX,2011-04-26 23:55,-89.5368,34.3843,137.80,75.20,62.60,64.91,160.00,4.00,null,29.57,null,10.00,null,CLR,   ,   ,   ,null,null,null,null,TS,null,null,null,null,null,null,75.20,KUOX 262355Z AUTO 16004KT 10SM TS CLR 24/17 A2957 RMK AO2 LTG DSNT W-NE,null
CBM,2011-04-26 23:55,-88.4438,33.6438,67.00,79.00,62.78,57.63,170.00,16.00,null,29.64,null,10.00,22.00,SCT,   ,   ,   ,9000.00,null,null,null,null,null,null,null,null,null,null,80.49,KCBM 262355Z AUTO 17016G22KT 10SM SCT090 26/17 A2964 RMK AO2 SLPNO 6//// T02610171 10285 20260 56019 $,null
MIS,2011-04-26 23:55,-88.8420,29.2960,32.00,84.20,75.20,74.44,210.00,13.00,null,29.72,null,1.75,18.00,CLR,   ,   ,   ,null,null,null,null,HZ,null,null,null,null,null,null,92.45,KMIS 262355Z AUTO 21013G18KT 1 3/4SM HZ CLR 29/24 A2972 RMK A01,null
NMM,2011-04-26 23:56,-88.5556,32.5521,97.00,78.00,65.00,64.03,140.00,7.00,null,29.66,1005.00,10.00,null,FEW,SCT,   ,   ,4000.00,25000.00,null,null,null,null,null,null,null,null,null,78.08,KNMM 262356Z 14007KT 120V190 10SM FEW040 SCT250 26/18 A2966 RMK AO2 SLP050 T02560183 10289 20256 58024,null
MEI,2011-04-26 23:58,-88.7511,32.3347,94.00,77.00,67.00,71.08,140.00,16.00,null,29.66,1003.80,10.00,21.00,CLR,   ,   ,   ,null,null,null,null,null,null,null,null,null,null,null,77.00,KMEI 262358Z 14016G21KT 10SM CLR 25/19 A2966 RMK AO2 SLP038 T02500194 10283 20250 56024,null
